payment_id,rental_id,payment_date,amount,payment_method,payment_status,vehicle_id,customer_id,pickup_date
1,1,2025-05-29,19950.0,Credit Card,Success,102,373,2025-05-28
2,2,2025-11-07,10000.0,Credit Card,Success,38,754,2025-11-06
3,4,2025-10-27,21137.5,Debit Card,Success,134,649,2025-10-26
4,5,2026-05-05,13300.0,Net Banking,Success,65,386,2026-05-05
5,6,2025-05-29,4500.0,Upi,Success,113,170,2025-05-28
6,7,2024-08-24,3705.0,Credit Card,Success,85,738,2024-08-23
7,8,2025-08-29,1350.0,Upi,Success,162,525,2025-08-29
8,9,2026-06-18,2755.0,Debit Card,Success,170,842,2026-06-18
9,10,2026-03-24,9000.0,Debit Card,Success,47,639,2026-03-24
10,11,2024-01-17,3870.0,Upi,Success,130,701,2024-01-17
11,12,2024-04-05,11400.0,Upi,Success,34,618,2024-04-05
12,13,2024-12-24,2450.0,Net Banking,Success,179,590,2024-12-24
13,14,2024-09-20,5400.0,Credit Card,Success,2,592,2024-09-20
14,15,2025-10-29,23220.0,Upi,Success,67,876,2025-10-29
15,16,2024-07-03,4800.0,Upi,Success,143,496,2024-07-02
16,17,2024-08-23,3040.0,Cash,Success,180,166,2024-08-23
17,18,2026-04-03,17500.0,Net Banking,Success,38,483,2026-04-03
18,19,2025-09-21,15172.5,Upi,Success,153,59,2025-09-20
19,20,2025-06-12,8460.0,Debit Card,Success,158,174,2025-06-12
20,21,2025-02-19,13300.0,Upi,Success,133,16,2025-02-19
21,22,2025-02-18,16340.0,Upi,Success,67,180,2025-02-17
22,23,2025-07-31,5200.0,Credit Card,Success,63,776,2025-07-30
23,24,2024-12-27,9000.0,Net Banking,Success,3,718,2024-12-27
24,25,2024-11-17,3100.0,Credit Card,Success,147,276,2024-11-17
25,26,2026-05-04,1845.0,Debit Card,Success,159,365,2026-05-04
26,27,2025-05-19,4600.0,Upi,Success,148,890,2025-05-19
27,28,2025-07-08,12150.0,Credit Card,Success,89,404,2025-07-07
28,29,2024-08-03,3900.0,Debit Card,Refunded,26,334,2024-08-03
29,30,2025-05-25,19000.0,Upi,Refunded,108,718,2025-05-25
30,31,2026-01-08,8977.5,Credit Card,Success,61,569,2026-01-08
31,33,2024-04-11,7750.0,Upi,Success,16,221,2024-04-11
32,34,2024-12-18,18360.0,Credit Card,Refunded,32,360,2024-12-18
33,35,2025-11-20,2970.0,Upi,Success,115,81,2025-11-20
34,36,2026-05-19,2565.0,Debit Card,Success,21,166,2026-05-19
35,37,2026-02-04,3610.0,Debit Card,Success,116,424,2026-02-04
36,38,2024-02-25,33250.0,Credit Card,Success,102,537,2024-02-25
37,39,2025-03-30,20000.0,Credit Card,Success,34,540,2025-03-29
38,40,2025-07-06,9180.0,Debit Card,Failed,153,468,2025-07-06
39,42,2026-04-15,6750.0,Upi,Success,74,481,2026-04-14
40,43,2024-07-13,17005.0,Credit Card,Success,144,448,2024-07-12
41,44,2026-04-06,14000.0,Credit Card,Success,70,292,2026-04-06
42,46,2025-07-01,5780.0,Debit Card,Success,27,289,2025-07-01
43,47,2025-01-15,5650.0,Credit Card,Success,9,339,2025-01-15
44,48,2026-04-16,13775.0,Upi,Success,4,125,2026-04-16
45,49,2025-06-17,6660.0,Upi,Success,54,485,2025-06-17
46,50,2025-01-04,18700.0,Debit Card,Success,171,224,2025-01-04
47,51,2025-12-09,4590.0,Upi,Success,153,159,2025-12-08
48,52,2025-07-04,21420.0,Debit Card,Success,60,325,2025-07-03
49,53,2024-05-17,11880.0,Debit Card,Success,11,497,2024-05-17
50,54,2024-10-09,5130.0,Upi,Success,154,882,2024-10-08
51,55,2025-01-24,16470.0,Upi,Success,5,635,2025-01-23
52,57,2024-05-12,5650.0,Upi,Success,9,207,2024-05-12
53,58,2024-02-20,3750.0,Upi,Success,156,736,2024-02-20
54,59,2026-04-22,8200.0,Credit Card,Refunded,15,844,2026-04-21
55,60,2024-08-25,5610.0,Upi,Success,49,198,2024-08-24
56,61,2025-04-15,3610.0,Net Banking,Failed,110,107,2025-04-14
57,62,2024-11-29,9690.0,Upi,Success,106,783,2024-11-28
58,63,2024-09-17,36100.0,Cash,Success,116,459,2024-09-17
59,64,2026-05-26,5130.0,Debit Card,Success,177,843,2026-05-26
60,65,2024-09-28,5850.0,Upi,Success,150,256,2024-09-28
61,66,2024-06-26,8122.5,Credit Card,Success,177,720,2024-06-26
62,67,2024-12-22,18550.0,Upi,Success,112,427,2024-12-22
63,68,2024-11-09,8407.5,Upi,Refunded,82,553,2024-11-08
64,69,2025-05-31,6800.0,Credit Card,Success,111,297,2025-05-31
65,70,2025-05-29,11025.0,Cash,Success,179,134,2025-05-28
66,71,2024-09-09,9547.5,Credit Card,Success,69,796,2024-09-09
67,72,2026-04-03,2500.0,Credit Card,Success,38,452,2026-04-02
68,73,2024-06-01,4275.0,Credit Card,Success,74,15,2024-05-31
69,74,2025-06-19,5800.0,Credit Card,Success,141,495,2025-06-19
70,75,2026-03-20,24885.0,Debit Card,Success,120,671,2026-03-19
71,77,2025-06-26,7250.0,Upi,Success,126,403,2025-06-26
72,78,2025-07-22,14800.0,Upi,Success,88,403,2025-07-22
73,79,2024-11-16,11115.0,Debit Card,Success,85,460,2024-11-15
74,80,2026-02-27,6175.0,Upi,Success,145,162,2026-02-27
75,81,2025-02-26,4900.0,Upi,Success,164,757,2025-02-25
76,82,2024-08-25,2835.0,Debit Card,Success,7,368,2024-08-25
77,83,2024-05-20,4300.0,Credit Card,Success,58,34,2024-05-20
78,84,2026-06-07,17100.0,Debit Card,Success,177,333,2026-06-06
79,85,2025-08-09,7125.0,Credit Card,Success,135,657,2025-08-08
80,86,2025-02-09,7000.0,Credit Card,Success,100,529,2025-02-09
81,87,2025-03-09,9900.0,Net Banking,Success,14,707,2025-03-08
82,88,2025-07-14,7650.0,Debit Card,Success,106,332,2025-07-13
83,89,2025-12-29,3400.0,Debit Card,Success,32,94,2025-12-29
84,90,2024-12-09,1550.0,Upi,Success,169,884,2024-12-09
85,91,2024-10-22,20425.0,Debit Card,Success,31,135,2024-10-22
86,92,2025-03-29,3420.0,Credit Card,Success,154,7,2025-03-28
87,93,2024-12-23,16102.5,Credit Card,Pending,9,684,2024-12-23
88,94,2025-08-10,5250.0,Upi,Success,117,768,2025-08-09
89,95,2024-03-08,15010.0,Credit Card,Success,35,125,2024-03-07
90,96,2025-10-06,9200.0,Cash,Success,23,496,2025-10-06
91,97,2024-05-12,12060.0,Credit Card,Refunded,128,533,2024-05-12
92,98,2025-04-21,12900.0,Credit Card,Success,31,756,2025-04-21
93,99,2024-09-17,4300.0,Credit Card,Success,130,564,2024-09-17
94,100,2025-11-20,1700.0,Upi,Success,122,817,2025-11-19
95,101,2024-02-27,4950.0,Credit Card,Success,174,324,2024-02-27
96,102,2026-05-12,3375.0,Credit Card,Success,156,399,2026-05-12
97,103,2026-04-29,3752.5,Net Banking,Success,78,180,2026-04-29
98,104,2024-07-13,34770.0,Credit Card,Success,124,751,2024-07-13
99,105,2025-12-31,7000.0,Upi,Success,30,5,2025-12-31
100,106,2024-01-24,22230.0,Credit Card,Success,80,655,2024-01-24
101,107,2024-10-07,4207.5,Credit Card,Success,160,574,2024-10-07
102,108,2024-02-21,1805.0,Debit Card,Success,121,692,2024-02-21
103,109,2026-01-01,27450.0,Debit Card,Success,137,81,2025-12-31
104,110,2025-12-28,11305.0,Upi,Success,121,238,2025-12-28
105,111,2025-04-10,1187.5,Debit Card,Success,17,487,2025-04-09
106,112,2026-03-26,2280.0,Cash,Success,143,666,2026-03-26
107,113,2024-03-09,5805.0,Upi,Success,178,606,2024-03-08
108,114,2025-12-29,16800.0,Credit Card,Refunded,125,118,2025-12-29
109,115,2025-12-02,5985.0,Upi,Success,98,336,2025-12-02
110,116,2025-06-29,6345.0,Net Banking,Failed,158,592,2025-06-28
111,117,2024-05-10,10307.5,Credit Card,Success,16,379,2024-05-10
112,118,2024-08-28,13320.0,Credit Card,Success,152,404,2024-08-28
113,119,2026-05-14,7400.0,Net Banking,Success,107,158,2026-05-13
114,120,2025-03-23,40850.0,Upi,Success,36,658,2025-03-23
115,121,2025-01-28,8200.0,Credit Card,Success,48,435,2025-01-28
116,122,2025-12-23,38500.0,Upi,Success,149,494,2025-12-22
117,123,2025-11-15,9262.5,Debit Card,Success,163,553,2025-11-15
118,124,2026-03-29,9000.0,Upi,Success,43,37,2026-03-28
119,125,2024-02-22,2970.0,Credit Card,Success,160,28,2024-02-22
120,126,2024-01-15,14805.0,Upi,Success,155,179,2024-01-15
121,127,2025-09-01,28000.0,Upi,Success,127,771,2025-09-01
122,128,2024-02-25,3325.0,Upi,Success,30,54,2024-02-25
123,129,2024-09-25,5300.0,Upi,Success,112,13,2024-09-25
124,130,2026-05-15,3420.0,Upi,Success,167,879,2026-05-14
125,131,2025-11-19,7380.0,Credit Card,Success,50,533,2025-11-19
126,133,2025-09-26,15300.0,Upi,Success,153,673,2025-09-26
127,134,2025-11-03,12500.0,Credit Card,Success,166,580,2025-11-03
128,135,2024-10-10,10212.5,Debit Card,Success,178,684,2024-10-10
129,136,2024-09-21,6412.5,Upi,Success,113,72,2024-09-21
130,138,2025-05-24,17150.0,Debit Card,Success,164,1,2025-05-24
131,139,2025-05-04,4180.0,Debit Card,Success,18,554,2025-05-04
132,140,2025-01-09,21090.0,Upi,Refunded,88,83,2025-01-09
133,141,2025-12-13,5580.0,Cash,Success,28,646,2025-12-13
134,142,2025-05-15,4800.0,Upi,Success,139,659,2025-05-15
135,143,2025-02-20,5415.0,Credit Card,Success,168,684,2025-02-19
136,144,2024-01-21,4100.0,Credit Card,Success,159,47,2024-01-20
137,145,2024-06-24,6250.0,Upi,Success,17,838,2024-06-23
138,146,2025-11-25,5805.0,Credit Card,Success,31,701,2025-11-25
139,147,2024-06-21,6555.0,Credit Card,Success,142,169,2024-06-21
140,148,2024-03-24,5890.0,Credit Card,Success,46,92,2024-03-23
141,149,2024-10-04,16957.5,Upi,Success,106,245,2024-10-04
142,150,2025-03-04,2992.5,Upi,Success,61,197,2025-03-04
143,151,2024-10-10,1530.0,Debit Card,Success,29,816,2024-10-10
144,152,2025-03-22,12690.0,Credit Card,Success,158,825,2025-03-21
145,153,2024-04-28,8505.0,Credit Card,Success,61,739,2024-04-28
146,154,2024-04-10,2295.0,Net Banking,Success,106,891,2024-04-10
147,155,2024-07-01,15010.0,Credit Card,Success,35,469,2024-07-01
148,156,2025-04-14,22200.0,Net Banking,Success,88,226,2025-04-14
149,157,2026-05-07,3697.5,Net Banking,Failed,4,748,2026-05-07
150,158,2024-02-16,9500.0,Credit Card,Success,121,752,2024-02-15
151,160,2025-11-17,6127.5,Net Banking,Success,118,879,2025-11-16
152,161,2025-04-21,11400.0,Upi,Success,1,882,2025-04-20
153,162,2026-03-24,4940.0,Credit Card,Success,176,83,2026-03-24
154,163,2025-04-21,1850.0,Credit Card,Pending,94,376,2025-04-21
155,164,2025-10-26,38500.0,Credit Card,Success,149,893,2025-10-26
156,165,2025-04-08,1187.5,Cash,Success,135,850,2025-04-08
157,166,2024-03-24,14725.0,Upi,Success,46,296,2024-03-23
158,167,2024-01-24,12967.5,Credit Card,Success,175,555,2024-01-24
159,168,2025-02-25,9025.0,Net Banking,Success,168,662,2025-02-25
160,169,2024-06-25,2900.0,Credit Card,Success,59,496,2024-06-24
161,170,2024-10-19,12000.0,Debit Card,Success,45,860,2024-10-19
162,171,2024-07-07,10170.0,Credit Card,Success,9,682,2024-07-07
163,172,2026-02-26,2042.5,Credit Card,Success,118,328,2026-02-25
164,173,2025-11-13,21612.5,Credit Card,Success,145,747,2025-11-13
165,174,2025-02-15,3040.0,Upi,Success,57,457,2025-02-15
166,175,2024-01-24,5940.0,Debit Card,Failed,115,694,2024-01-24
167,176,2026-01-04,6030.0,Net Banking,Success,95,396,2026-01-03
168,177,2025-03-01,17385.0,Net Banking,Success,109,747,2025-03-01
169,178,2025-01-19,14962.5,Upi,Success,105,655,2025-01-19
170,179,2025-07-22,11257.5,Cash,Success,78,855,2025-07-21
171,181,2026-02-22,9900.0,Upi,Refunded,18,614,2026-02-22
172,182,2025-06-08,5490.0,Credit Card,Success,5,866,2025-06-08
173,183,2025-03-05,6555.0,Upi,Success,92,50,2025-03-05
174,184,2025-07-10,17280.0,Debit Card,Success,81,847,2025-07-10
175,185,2024-01-15,10350.0,Upi,Success,73,382,2024-01-14
176,186,2026-05-16,10925.0,Debit Card,Success,142,720,2026-05-16
177,188,2026-04-14,9200.0,Upi,Success,33,878,2026-04-14
178,189,2024-03-20,18300.0,Net Banking,Success,124,776,2024-03-20
179,190,2024-03-08,1800.0,Credit Card,Success,3,773,2024-03-08
180,191,2026-05-16,3600.0,Upi,Success,72,594,2026-05-16
181,192,2025-06-25,3485.0,Net Banking,Failed,50,289,2025-06-25
182,193,2025-01-10,7380.0,Cash,Success,48,451,2025-01-10
183,194,2025-04-23,16787.5,Credit Card,Success,35,508,2025-04-22
184,195,2026-01-23,18090.0,Debit Card,Failed,114,232,2026-01-23
185,196,2025-11-21,10200.0,Net Banking,Success,27,406,2025-11-21
186,197,2024-03-08,1650.0,Upi,Success,51,347,2024-03-07
187,198,2025-08-30,6210.0,Credit Card,Success,165,410,2025-08-30
188,199,2025-05-16,3250.0,Upi,Success,161,138,2025-05-16
189,200,2024-11-06,1520.0,Credit Card,Success,25,779,2024-11-06
190,201,2026-02-21,3040.0,Net Banking,Success,111,122,2026-02-21
191,202,2026-06-25,1450.0,Upi,Success,126,442,2026-06-24
192,203,2025-04-26,5650.0,Credit Card,Success,41,519,2025-04-26
193,205,2025-10-03,3040.0,Upi,Success,25,439,2025-10-02
194,206,2024-03-08,3990.0,Upi,Success,44,21,2024-03-08
195,207,2025-01-21,2970.0,Credit Card,Success,83,587,2025-01-21
196,209,2025-08-10,10750.0,Debit Card,Success,58,640,2025-08-10
197,210,2025-10-29,4085.0,Upi,Success,130,824,2025-10-29
198,211,2025-10-04,5535.0,Upi,Failed,48,591,2025-10-04
199,212,2025-06-18,2465.0,Net Banking,Success,119,152,2025-06-18
200,213,2026-04-23,29340.0,Debit Card,Success,42,263,2026-04-23
201,214,2024-02-07,3325.0,Debit Card,Refunded,70,140,2024-02-07
202,215,2024-02-26,12690.0,Upi,Success,155,306,2024-02-26
203,216,2024-08-29,5700.0,Upi,Success,129,124,2024-08-29
204,217,2024-12-03,5950.0,Debit Card,Refunded,100,826,2024-12-03
205,218,2026-06-02,2755.0,Net Banking,Refunded,126,547,2026-06-02
206,220,2026-01-28,23100.0,Upi,Failed,14,708,2026-01-27
207,221,2026-06-06,6030.0,Net Banking,Success,114,398,2026-06-06
208,222,2025-03-25,17250.0,Net Banking,Success,165,417,2025-03-25
209,223,2026-01-04,1657.5,Credit Card,Success,26,845,2026-01-04
210,224,2025-10-19,6412.5,Credit Card,Success,162,455,2025-10-18
211,225,2026-05-17,16957.5,Credit Card,Success,106,812,2026-05-17
212,226,2025-01-11,12825.0,Cash,Failed,97,855,2025-01-11
213,227,2024-09-25,4050.0,Upi,Success,103,633,2024-09-25
214,228,2026-04-27,8170.0,Credit Card,Success,31,230,2026-04-27
215,230,2024-09-25,6840.0,Debit Card,Refunded,116,255,2024-09-25
216,231,2026-01-01,9150.0,Cash,Failed,109,754,2025-12-31
217,232,2026-04-02,2470.0,Upi,Refunded,12,6,2026-04-01
218,233,2024-07-02,11970.0,Credit Card,Success,129,505,2024-07-02
219,234,2024-05-10,3800.0,Debit Card,Success,72,766,2024-05-10
220,235,2024-11-19,13775.0,Debit Card,Success,126,783,2024-11-19
221,236,2025-12-23,3150.0,Credit Card,Success,30,507,2025-12-23
222,237,2026-04-22,1377.5,Credit Card,Failed,170,600,2026-04-22
223,238,2025-11-24,7800.0,Credit Card,Success,85,27,2025-11-24
224,239,2025-04-10,13400.0,Cash,Failed,69,609,2025-04-09
225,240,2024-05-12,16600.0,Credit Card,Success,13,821,2024-05-12
226,241,2026-03-01,7400.0,Net Banking,Success,54,167,2026-02-28
227,242,2025-09-09,10450.0,Debit Card,Success,171,99,2025-09-09
228,243,2026-04-11,8200.0,Upi,Failed,48,445,2026-04-10
229,244,2025-06-21,3752.5,Upi,Success,120,448,2025-06-21
230,245,2025-08-06,4050.0,Upi,Success,20,47,2025-08-05
231,247,2025-03-03,8835.0,Credit Card,Success,151,742,2025-03-02
232,248,2024-09-23,2745.0,Upi,Success,137,19,2024-09-22
233,249,2025-01-04,5415.0,Credit Card,Success,177,692,2025-01-04
234,250,2024-08-02,4750.0,Debit Card,Success,38,666,2024-08-02
235,251,2026-05-31,5200.0,Net Banking,Refunded,63,207,2026-05-30
236,252,2025-08-15,2185.0,Credit Card,Success,142,298,2025-08-15
237,253,2025-03-08,4600.0,Debit Card,Success,142,66,2025-03-08
238,254,2024-10-22,5415.0,Credit Card,Success,121,353,2024-10-21
239,255,2025-11-20,9990.0,Credit Card,Success,93,816,2025-11-20
240,256,2024-06-10,3315.0,Credit Card,Success,26,813,2024-06-09
241,257,2024-06-11,9500.0,Cash,Success,129,33,2024-06-11
242,258,2026-02-26,13680.0,Debit Card,Failed,143,274,2026-02-26
243,259,2026-05-11,5890.0,Credit Card,Success,28,801,2026-05-11
244,260,2025-01-05,7777.5,Credit Card,Success,75,726,2025-01-05
245,261,2026-02-27,3230.0,Credit Card,Success,122,350,2026-02-26
246,262,2025-03-08,25270.0,Upi,Success,110,424,2025-03-07
247,263,2026-04-06,3740.0,Upi,Success,18,87,2026-04-05
248,264,2024-10-29,5850.0,Upi,Failed,175,718,2024-10-29
249,265,2025-12-18,20700.0,Net Banking,Success,165,211,2025-12-18
250,266,2024-02-07,5320.0,Debit Card,Success,100,743,2024-02-07
251,267,2026-02-14,6885.0,Credit Card,Pending,6,29,2026-02-14
252,268,2026-05-12,6500.0,Credit Card,Success,161,520,2026-05-11
253,269,2025-08-18,8775.0,Debit Card,Success,161,682,2025-08-18
254,270,2024-04-17,13812.5,Credit Card,Success,150,198,2024-04-17
255,271,2025-05-02,5130.0,Upi,Success,20,379,2025-05-02
256,272,2025-03-02,8280.0,Credit Card,Success,33,497,2025-03-02
257,273,2025-07-26,12900.0,Cash,Success,31,617,2025-07-26
258,274,2024-10-28,20000.0,Upi,Success,37,146,2024-10-28
259,275,2026-06-10,10980.0,Debit Card,Success,124,587,2026-06-10
260,276,2026-02-18,9405.0,Debit Card,Failed,115,153,2026-02-18
261,277,2025-11-18,1900.0,Credit Card,Success,72,662,2025-11-17
262,278,2024-03-28,5842.5,Net Banking,Success,159,555,2024-03-28
263,279,2024-01-20,16387.5,Credit Card,Success,53,252,2024-01-20
264,280,2024-12-14,22200.0,Credit Card,Success,107,25,2024-12-14
265,281,2024-06-06,2250.0,Debit Card,Success,105,695,2024-06-06
266,282,2024-11-27,2042.5,Credit Card,Failed,31,54,2024-11-27
267,283,2025-04-20,1250.0,Upi,Success,17,496,2025-04-20
268,284,2024-11-08,9900.0,Debit Card,Success,115,86,2024-11-07
269,286,2025-05-08,5600.0,Upi,Success,65,860,2025-05-08
270,287,2024-11-04,12250.0,Cash,Success,179,126,2024-11-03
271,289,2025-12-10,7650.0,Upi,Success,1,624,2025-12-09
272,290,2025-10-29,6750.0,Upi,Success,8,853,2025-10-28
273,291,2024-01-10,8542.5,Upi,Success,95,198,2024-01-09
274,292,2024-11-07,22400.0,Cash,Success,57,240,2024-11-06
275,293,2025-02-09,5700.0,Credit Card,Success,72,583,2025-02-09
276,294,2024-05-10,7505.0,Net Banking,Success,146,877,2024-05-10
277,295,2025-03-13,10260.0,Debit Card,Success,167,54,2025-03-13
278,297,2024-07-19,3100.0,Debit Card,Success,147,828,2024-07-18
279,298,2025-10-02,6175.0,Debit Card,Success,123,443,2025-10-02
280,299,2026-04-21,15750.0,Net Banking,Refunded,61,75,2026-04-21
281,300,2024-11-16,9675.0,Credit Card,Success,178,67,2024-11-16
282,301,2024-10-29,5130.0,Upi,Success,103,99,2024-10-28
283,302,2025-09-26,8550.0,Credit Card,Success,167,692,2025-09-26
284,303,2025-08-09,2610.0,Debit Card,Success,131,263,2025-08-09
285,304,2024-11-14,2400.0,Upi,Success,139,795,2024-11-14
286,305,2024-02-29,8502.5,Upi,Success,144,880,2024-02-28
287,306,2024-12-06,13000.0,Net Banking,Success,145,344,2024-12-05
288,307,2024-08-06,19500.0,Credit Card,Success,85,827,2024-08-06
289,308,2024-05-26,11070.0,Net Banking,Success,50,647,2024-05-25
290,310,2025-11-25,11400.0,Cash,Success,168,807,2025-11-24
291,311,2026-06-22,1187.5,Debit Card,Success,17,122,2026-06-21
292,312,2025-08-24,6175.0,Cash,Success,138,302,2025-08-24
293,313,2026-03-21,6525.0,Debit Card,Success,131,398,2026-03-20
294,314,2025-05-09,4000.0,Credit Card,Success,127,486,2025-05-09
295,315,2024-11-09,2250.0,Debit Card,Success,97,586,2024-11-09
296,316,2025-08-20,3800.0,Credit Card,Success,132,637,2025-08-20
297,317,2024-08-27,8505.0,Credit Card,Failed,20,368,2024-08-27
298,318,2025-01-03,2185.0,Upi,Success,52,342,2025-01-03
299,319,2026-05-25,2745.0,Upi,Success,140,268,2026-05-25
300,320,2025-04-28,4300.0,Debit Card,Success,39,887,2025-04-28
301,321,2024-11-16,25270.0,Net Banking,Success,110,789,2024-11-16
302,322,2026-01-25,2945.0,Credit Card,Success,169,855,2026-01-25
303,323,2024-05-23,15600.0,Debit Card,Success,85,582,2024-05-22
304,324,2025-01-30,4650.0,Upi,Success,28,337,2025-01-30
305,325,2024-01-28,3960.0,Net Banking,Success,18,396,2024-01-28
306,326,2025-02-04,4335.0,Credit Card,Success,29,133,2025-02-04
307,327,2026-04-17,6460.0,Credit Card,Success,122,163,2026-04-17
308,328,2025-04-01,6412.5,Credit Card,Success,103,620,2025-04-01
309,329,2024-12-21,5320.0,Net Banking,Success,77,401,2024-12-21
310,330,2025-12-17,8750.0,Credit Card,Success,101,716,2025-12-16
311,331,2026-01-09,28000.0,Credit Card,Success,127,422,2026-01-09
312,332,2025-06-02,12600.0,Credit Card,Success,7,75,2025-06-02
313,333,2025-12-27,10000.0,Upi,Success,84,687,2025-12-27
314,334,2024-06-23,3375.0,Credit Card,Success,156,103,2024-06-23
315,335,2024-07-01,16102.5,Debit Card,Success,9,692,2024-07-01
316,336,2025-09-04,2137.5,Debit Card,Pending,97,786,2025-09-04
317,337,2025-11-28,7600.0,Debit Card,Success,57,99,2025-11-27
318,338,2024-07-13,15960.0,Debit Card,Success,139,405,2024-07-13
319,340,2026-06-25,11257.5,Credit Card,Success,78,786,2026-06-25
320,341,2025-10-09,6600.0,Upi,Success,174,790,2025-10-08
321,342,2025-04-04,4410.0,Upi,Success,164,760,2025-04-04
322,343,2025-09-26,24510.0,Debit Card,Success,36,384,2025-09-26
323,344,2024-11-21,15675.0,Credit Card,Success,11,534,2024-11-21
324,345,2025-11-11,4940.0,Debit Card,Success,176,713,2025-11-11
325,346,2024-02-23,3600.0,Debit Card,Success,37,210,2024-02-23
326,347,2024-11-14,4950.0,Upi,Success,51,251,2024-11-14
327,348,2025-01-03,6750.0,Debit Card,Success,43,483,2025-01-03
328,349,2026-02-16,3900.0,Debit Card,Success,138,157,2026-02-16
329,350,2024-05-19,10395.0,Debit Card,Refunded,51,159,2024-05-19
330,351,2024-11-12,5890.0,Upi,Refunded,151,73,2024-11-11
331,352,2024-12-22,5800.0,Net Banking,Success,126,651,2024-12-22
332,353,2025-10-09,5700.0,Upi,Success,8,715,2025-10-08
333,354,2026-05-11,3500.0,Credit Card,Success,30,790,2026-05-11
334,355,2024-06-18,2800.0,Upi,Success,65,709,2024-06-18
335,356,2026-04-13,7400.0,Debit Card,Success,54,767,2026-04-13
336,357,2025-11-01,1520.0,Upi,Success,111,175,2025-11-01
337,358,2024-07-24,11250.0,Credit Card,Success,47,829,2024-07-24
338,359,2024-03-28,6800.0,Upi,Success,71,66,2024-03-28
339,360,2025-11-12,3300.0,Debit Card,Failed,11,100,2025-11-12
340,361,2025-09-10,17085.0,Cash,Success,95,699,2025-09-10
341,363,2024-05-05,9000.0,Upi,Success,72,717,2024-05-05
342,364,2025-10-15,13200.0,Upi,Success,83,18,2025-10-15
343,365,2024-12-23,9690.0,Net Banking,Success,122,675,2024-12-22
344,366,2025-06-01,3015.0,Debit Card,Refunded,128,816,2025-05-31
345,367,2024-09-03,9800.0,Debit Card,Failed,44,772,2024-09-03
346,368,2026-02-23,4185.0,Upi,Success,66,682,2026-02-23
347,369,2025-10-21,7980.0,Credit Card,Success,98,670,2025-10-21
348,370,2026-01-28,14630.0,Upi,Success,49,763,2026-01-28
349,371,2026-05-17,14487.5,Credit Card,Success,109,328,2026-05-17
350,372,2024-11-20,3420.0,Debit Card,Success,76,858,2024-11-19
351,373,2024-05-07,12400.0,Upi,Success,147,490,2024-05-06
352,374,2026-04-09,16500.0,Upi,Pending,14,887,2026-04-09
353,375,2026-02-15,8170.0,Upi,Success,19,541,2026-02-14
354,376,2026-06-05,15010.0,Upi,Success,78,469,2026-06-05
355,377,2026-01-22,21090.0,Credit Card,Failed,93,744,2026-01-22
356,378,2024-07-02,3610.0,Debit Card,Success,132,666,2024-07-02
357,379,2025-12-05,15000.0,Upi,Success,45,669,2025-12-05
358,380,2024-01-13,11970.0,Upi,Success,22,125,2024-01-12
359,381,2024-07-04,7125.0,Upi,Success,166,720,2024-07-04
360,382,2025-06-26,9450.0,Upi,Success,133,858,2025-06-26
361,383,2024-01-06,3200.0,Credit Card,Success,81,126,2024-01-06
362,384,2025-01-07,3100.0,Upi,Success,169,1,2025-01-07
363,386,2024-05-25,10800.0,Credit Card,Success,56,138,2024-05-25
364,387,2025-10-28,1215.0,Upi,Success,103,468,2025-10-27
365,388,2025-12-14,15770.0,Debit Card,Pending,96,578,2025-12-14
366,389,2025-09-10,9450.0,Upi,Failed,70,128,2025-09-10
367,390,2026-06-08,3400.0,Upi,Success,71,11,2026-06-08
368,391,2025-06-26,6200.0,Upi,Success,147,887,2025-06-25
369,393,2025-06-10,1472.5,Credit Card,Success,169,130,2025-06-09
370,394,2025-03-04,8550.0,Net Banking,Success,91,818,2025-03-04
371,395,2025-10-12,2050.0,Debit Card,Refunded,62,96,2025-10-11
372,396,2026-01-19,12730.0,Upi,Failed,128,528,2026-01-18
373,397,2025-12-01,35625.0,Debit Card,Success,156,460,2025-12-01
374,398,2025-03-08,14000.0,Debit Card,Success,44,383,2025-03-08
375,399,2024-08-06,2565.0,Net Banking,Success,162,583,2024-08-06
376,400,2024-12-31,4300.0,Credit Card,Success,118,337,2024-12-30
377,401,2024-06-06,5600.0,Credit Card,Success,125,8,2024-06-06
378,402,2025-03-25,8550.0,Upi,Success,91,766,2025-03-25
379,403,2024-06-13,16380.0,Upi,Success,123,682,2024-06-13
380,404,2025-05-28,1330.0,Upi,Success,100,135,2025-05-28
381,405,2024-10-23,11340.0,Cash,Success,22,780,2024-10-23
382,406,2025-11-13,6600.0,Credit Card,Success,51,486,2025-11-13
383,407,2025-03-12,13800.0,Debit Card,Success,52,94,2025-03-12
384,408,2025-06-07,3300.0,Credit Card,Success,14,312,2025-06-06
385,409,2026-02-02,4050.0,Credit Card,Success,74,484,2026-02-01
386,410,2024-01-14,7600.0,Debit Card,Success,34,340,2024-01-14
387,411,2024-05-13,2350.0,Upi,Success,155,124,2024-05-13
388,412,2024-11-05,8740.0,Debit Card,Success,52,547,2024-11-04
389,413,2024-04-30,25270.0,Cash,Success,108,537,2024-04-30
390,414,2026-03-25,25200.0,Debit Card,Success,102,507,2026-03-24
391,415,2024-10-05,8550.0,Upi,Success,1,164,2024-10-05
392,416,2024-11-06,6460.0,Credit Card,Failed,76,726,2024-11-06
393,417,2024-10-03,43890.0,Cash,Success,14,658,2024-10-03
394,418,2025-09-19,10250.0,Upi,Refunded,15,641,2025-09-18
395,419,2025-11-01,13000.0,Credit Card,Success,161,650,2025-10-31
396,420,2025-03-20,3900.0,Credit Card,Success,123,96,2025-03-20
397,421,2026-06-26,5000.0,Upi,Success,101,704,2026-06-25
398,422,2025-01-21,1530.0,Upi,Success,29,847,2025-01-21
399,423,2024-04-18,7740.0,Debit Card,Success,87,874,2024-04-18
400,424,2024-02-27,9547.5,Net Banking,Success,69,643,2024-02-27
401,425,2024-08-20,9000.0,Cash,Success,38,362,2024-08-20
402,426,2024-04-14,2430.0,Debit Card,Success,20,631,2024-04-14
403,427,2025-11-27,4400.0,Net Banking,Success,171,704,2025-11-26
404,428,2026-03-28,19950.0,Credit Card,Success,1,883,2026-03-28
405,429,2026-01-15,18270.0,Debit Card,Success,24,331,2026-01-14
406,430,2024-12-07,3610.0,Upi,Success,168,252,2024-12-07
407,431,2025-06-23,10212.5,Debit Card,Success,178,831,2025-06-23
408,432,2024-04-22,11070.0,Upi,Success,90,370,2024-04-22
409,433,2026-02-03,2450.0,Upi,Success,179,721,2026-02-03
410,434,2024-01-31,7200.0,Upi,Success,37,81,2024-01-31
411,435,2025-04-26,10212.5,Credit Card,Success,87,455,2025-04-26
412,436,2024-01-12,21350.0,Credit Card,Success,109,697,2024-01-12
413,437,2025-06-18,1955.0,Debit Card,Success,33,761,2025-06-18
414,438,2025-10-30,1995.0,Upi,Success,98,169,2025-10-30
415,439,2024-01-29,7742.5,Credit Card,Success,42,555,2024-01-29
416,440,2024-02-20,54600.0,Cash,Success,80,9,2024-02-19
417,442,2026-03-26,18600.0,Credit Card,Refunded,151,890,2026-03-26
418,443,2026-04-06,15200.0,Credit Card,Success,37,788,2026-04-06
419,444,2025-01-03,9600.0,Upi,Refunded,111,41,2025-01-03
420,445,2024-04-09,23400.0,Credit Card,Failed,80,561,2024-04-09
421,446,2025-08-13,2185.0,Credit Card,Success,23,73,2025-08-13
422,447,2025-08-05,3515.0,Upi,Success,94,880,2025-08-05
423,448,2025-01-17,7650.0,Upi,Success,106,519,2025-01-17
424,449,2026-05-24,6412.5,Debit Card,Success,97,163,2026-05-23
425,450,2026-04-18,15120.0,Debit Card,Success,22,185,2026-04-17
426,451,2025-05-12,3400.0,Upi,Pending,122,118,2025-05-12
427,452,2026-04-07,1440.0,Credit Card,Success,111,485,2026-04-07
428,453,2024-03-11,7290.0,Credit Card,Success,21,306,2024-03-11
429,454,2024-12-16,10972.5,Upi,Success,51,358,2024-12-16
430,455,2026-04-22,2167.5,Net Banking,Success,153,204,2026-04-22
431,456,2025-05-27,33250.0,Upi,Success,30,812,2025-05-26
432,457,2024-04-09,7480.0,Upi,Refunded,49,431,2024-04-09
433,458,2025-01-15,17385.0,Debit Card,Success,5,310,2025-01-14
434,459,2025-03-13,23450.0,Net Banking,Success,86,117,2025-03-12
435,460,2025-11-27,9200.0,Credit Card,Success,73,719,2025-11-27
436,461,2024-04-17,1567.5,Upi,Success,160,558,2024-04-16
437,462,2025-01-25,3420.0,Debit Card,Success,121,128,2025-01-25
438,463,2025-06-03,3100.0,Credit Card,Success,169,271,2025-06-03
439,464,2026-05-10,3600.0,Debit Card,Success,154,326,2026-05-10
440,465,2025-10-13,21000.0,Upi,Success,45,413,2025-10-13
441,466,2026-05-13,23220.0,Upi,Success,67,858,2026-05-13
442,467,2024-03-21,10710.0,Upi,Success,7,761,2024-03-21
443,468,2026-01-13,4275.0,Net Banking,Success,97,789,2026-01-13
444,469,2024-04-19,1665.0,Credit Card,Success,68,185,2024-04-19
445,470,2025-05-14,2600.0,Upi,Failed,176,430,2025-05-13
446,472,2025-06-18,11560.0,Credit Card,Success,32,198,2025-06-18
447,473,2024-05-21,4085.0,Upi,Success,178,130,2024-05-21
448,474,2024-09-14,6630.0,Credit Card,Success,176,867,2024-09-13
449,475,2025-05-15,4455.0,Debit Card,Success,115,434,2025-05-14
450,476,2026-04-19,20250.0,Credit Card,Success,43,35,2026-04-19
451,477,2024-03-15,3527.5,Upi,Success,96,381,2024-03-15
452,478,2024-08-27,34000.0,Upi,Success,99,291,2024-08-26
453,480,2024-10-08,3060.0,Net Banking,Success,32,464,2024-10-08
454,481,2025-04-18,18870.0,Upi,Success,104,38,2025-04-17
455,482,2024-11-04,2025.0,Upi,Success,89,410,2024-11-04
456,483,2026-05-14,2050.0,Credit Card,Success,159,106,2026-05-13
457,484,2026-04-11,8645.0,Credit Card,Failed,138,6,2026-04-11
458,485,2025-12-05,8400.0,Net Banking,Success,98,277,2025-12-05
459,486,2025-10-14,9180.0,Credit Card,Success,32,535,2025-10-14
460,487,2025-12-29,14400.0,Credit Card,Success,143,856,2025-12-29
461,488,2025-04-25,3230.0,Upi,Success,27,349,2025-04-24
462,489,2024-04-18,18500.0,Credit Card,Success,94,395,2024-04-18
463,491,2025-04-17,5700.0,Credit Card,Success,8,488,2025-04-16
464,492,2025-03-17,6600.0,Upi,Success,14,452,2025-03-17
465,493,2025-06-15,7800.0,Upi,Success,175,52,2025-06-15
466,494,2025-02-19,7800.0,Credit Card,Success,26,226,2025-02-18
467,495,2024-10-21,4320.0,Upi,Success,25,190,2024-10-21
468,496,2024-07-10,17500.0,Credit Card,Success,117,146,2024-07-10
469,497,2025-08-31,1530.0,Upi,Success,122,598,2025-08-31
470,498,2026-02-12,2880.0,Credit Card,Success,25,103,2026-02-12
471,499,2024-01-14,7110.0,Debit Card,Success,78,728,2024-01-14
472,500,2025-11-06,3450.0,Debit Card,Failed,92,510,2025-11-06
473,501,2024-10-07,9405.0,Debit Card,Success,174,558,2024-10-07
474,502,2024-10-09,8910.0,Cash,Success,11,594,2024-10-09
475,503,2025-12-02,5557.5,Credit Card,Success,175,154,2025-12-02
476,504,2024-02-11,3145.0,Debit Card,Success,152,127,2024-02-11
477,505,2026-02-26,4600.0,Debit Card,Success,23,731,2026-02-26
478,506,2025-03-08,12285.0,Credit Card,Success,26,268,2025-03-08
479,507,2024-09-14,4600.0,Upi,Success,142,205,2024-09-13
480,508,2024-11-16,2340.0,Credit Card,Failed,176,730,2024-11-16
481,509,2024-11-05,7700.0,Upi,Success,149,525,2024-11-05
482,510,2026-05-09,10250.0,Net Banking,Success,15,277,2026-05-09
483,511,2026-01-29,5800.0,Net Banking,Success,131,758,2026-01-28
484,512,2026-05-22,13000.0,Upi,Success,161,319,2026-05-22
485,513,2025-06-16,9832.5,Cash,Success,53,107,2025-06-16
486,514,2026-05-12,32680.0,Upi,Success,67,842,2026-05-11
487,515,2024-09-03,3200.0,Credit Card,Success,180,560,2024-09-03
488,516,2025-12-16,7250.0,Credit Card,Success,119,427,2025-12-15
489,517,2025-11-03,31350.0,Net Banking,Success,11,364,2025-11-03
490,518,2024-12-23,3750.0,Net Banking,Success,135,400,2024-12-23
491,519,2024-10-13,9765.0,Net Banking,Success,169,311,2024-10-12
492,520,2025-06-22,7350.0,Upi,Success,179,332,2025-06-22
493,521,2024-04-08,10050.0,Debit Card,Success,128,696,2024-04-08
494,522,2024-03-04,18900.0,Upi,Success,30,39,2024-03-04
495,523,2024-07-24,5800.0,Credit Card,Success,126,449,2024-07-23
496,524,2024-04-08,16340.0,Credit Card,Success,36,6,2024-04-08
497,525,2025-05-28,12300.0,Credit Card,Success,159,573,2025-05-27
498,526,2024-11-01,3350.0,Debit Card,Success,128,237,2024-11-01
499,527,2024-10-21,11730.0,Net Banking,Success,148,248,2024-10-21
500,528,2025-10-30,3870.0,Upi,Failed,87,432,2025-10-30
501,529,2024-08-29,13000.0,Upi,Success,145,625,2024-08-29
502,530,2026-06-27,14400.0,Net Banking,Success,34,278,2026-06-27
503,531,2024-01-22,6600.0,Debit Card,Success,51,548,2024-01-22
504,532,2025-07-16,13500.0,Credit Card,Success,113,121,2025-07-16
505,533,2024-08-20,1300.0,Credit Card,Success,138,582,2024-08-20
506,534,2024-12-24,2340.0,Upi,Success,63,300,2024-12-24
507,535,2026-05-30,19750.0,Net Banking,Success,78,376,2026-05-29
508,536,2025-09-28,8977.5,Upi,Success,21,209,2025-09-28
509,537,2025-10-27,9450.0,Net Banking,Success,30,22,2025-10-27
510,538,2025-05-22,5985.0,Credit Card,Success,98,394,2025-05-22
511,539,2024-01-28,13545.0,Upi,Success,87,849,2024-01-27
512,540,2026-02-10,3100.0,Upi,Success,28,567,2026-02-09
513,541,2024-09-24,8925.0,Credit Card,Success,98,479,2024-09-23
514,542,2024-10-29,23800.0,Upi,Success,102,40,2024-10-29
515,544,2025-01-02,4080.0,Debit Card,Refunded,143,224,2025-01-02
516,545,2026-02-23,4000.0,Debit Card,Success,127,131,2026-02-23
517,546,2025-08-16,4600.0,Credit Card,Success,142,735,2025-08-16
518,547,2024-12-24,2042.5,Debit Card,Success,130,455,2024-12-24
519,548,2024-05-26,6750.0,Credit Card,Success,156,808,2024-05-26
520,549,2025-08-29,18750.0,Upi,Success,156,217,2025-08-28
521,550,2026-01-14,16200.0,Credit Card,Success,167,81,2026-01-13
522,551,2026-03-28,5415.0,Upi,Success,121,676,2026-03-28
523,552,2024-08-25,6650.0,Upi,Failed,30,710,2024-08-24
524,553,2024-08-24,11400.0,Upi,Success,108,236,2024-08-23
525,554,2024-09-23,4085.0,Net Banking,Success,31,84,2024-09-23
526,555,2024-06-19,5272.5,Credit Card,Success,68,784,2024-06-19
527,556,2024-05-15,55125.0,Net Banking,Success,136,398,2024-05-15
528,557,2025-08-28,4680.0,Debit Card,Success,12,76,2025-08-28
529,558,2026-01-22,20615.0,Debit Card,Success,151,840,2026-01-21
530,559,2026-01-09,2720.0,Debit Card,Success,25,238,2026-01-09
531,560,2024-05-26,11100.0,Credit Card,Success,54,441,2024-05-26
532,561,2024-08-18,43000.0,Net Banking,Success,67,621,2024-08-17
533,562,2025-07-04,2992.5,Credit Card,Success,7,379,2025-07-04
534,563,2026-01-04,12255.0,Upi,Refunded,31,456,2026-01-03
535,564,2026-03-23,1282.5,Debit Card,Success,20,335,2026-03-23
536,565,2025-03-19,4450.0,Debit Card,Success,134,326,2025-03-19
537,566,2025-11-21,5415.0,Net Banking,Refunded,121,156,2025-11-20
538,568,2025-12-06,5670.0,Net Banking,Success,98,647,2025-12-05
539,569,2025-05-11,4050.0,Debit Card,Success,162,402,2025-05-11
540,570,2025-11-10,14725.0,Net Banking,Success,46,476,2025-11-09
541,571,2025-02-25,3350.0,Debit Card,Success,69,520,2025-02-25
542,572,2025-03-11,9900.0,Upi,Success,14,275,2025-03-11
543,573,2025-09-21,11400.0,Upi,Failed,34,620,2025-09-20
544,574,2025-01-06,15255.0,Credit Card,Success,41,859,2025-01-05
545,576,2024-10-17,6525.0,Credit Card,Success,59,647,2024-10-16
546,578,2026-01-31,2232.5,Debit Card,Success,155,156,2026-01-30
547,579,2024-01-24,2150.0,Debit Card,Success,118,208,2024-01-24
548,580,2025-05-09,9120.0,Upi,Success,180,547,2025-05-09
549,581,2025-05-03,6900.0,Credit Card,Success,165,319,2025-05-03
550,582,2026-05-09,7650.0,Upi,Success,60,61,2026-05-09
551,583,2026-06-12,13537.5,Upi,Success,177,215,2026-06-11
552,584,2024-03-21,4132.5,Debit Card,Success,4,166,2024-03-20
553,585,2026-04-02,51600.0,Net Banking,Success,36,767,2026-04-02
554,586,2025-06-19,15770.0,Credit Card,Success,96,578,2025-06-19
555,587,2024-06-17,3400.0,Credit Card,Success,122,11,2024-06-17
556,588,2025-07-04,6080.0,Credit Card,Success,25,63,2025-07-04
557,589,2024-10-09,14440.0,Credit Card,Success,110,599,2024-10-08
558,590,2024-08-10,1757.5,Upi,Refunded,68,578,2024-08-09
559,591,2025-11-15,3700.0,Debit Card,Success,54,173,2025-11-15
560,592,2024-11-27,9405.0,Debit Card,Success,14,141,2024-11-27
561,593,2025-12-25,10530.0,Upi,Success,80,859,2025-12-24
562,594,2025-03-28,1400.0,Debit Card,Success,65,702,2025-03-28
563,595,2024-07-14,20615.0,Net Banking,Success,46,766,2024-07-14
564,596,2025-05-30,3562.5,Credit Card,Success,156,280,2025-05-29
565,597,2026-04-24,6460.0,Credit Card,Success,121,623,2026-04-23
566,598,2024-06-05,9300.0,Upi,Success,46,892,2024-06-05
567,599,2025-11-01,14487.5,Cash,Success,5,341,2025-11-01
568,600,2024-03-07,6460.0,Upi,Success,129,152,2024-03-07
569,601,2024-11-14,4100.0,Credit Card,Failed,90,121,2024-11-14
570,602,2024-07-09,15437.5,Upi,Success,161,21,2024-07-09
571,603,2026-02-04,12540.0,Credit Card,Success,14,389,2026-02-04
572,604,2024-09-22,4132.5,Upi,Success,126,364,2024-09-22
573,605,2024-06-08,10545.0,Upi,Success,54,720,2024-06-08
574,606,2024-08-11,16102.5,Upi,Success,9,119,2024-08-11
575,607,2024-11-26,7290.0,Debit Card,Success,162,368,2024-11-26
576,608,2025-04-23,5737.5,Credit Card,Success,6,450,2025-04-23
577,609,2025-09-08,3135.0,Upi,Success,174,411,2025-09-07
578,610,2025-02-14,8150.0,Upi,Refunded,42,525,2025-02-14
579,611,2024-05-13,5940.0,Credit Card,Success,14,93,2024-05-13
580,612,2024-11-04,11070.0,Credit Card,Success,48,242,2024-11-04
581,613,2025-04-27,1250.0,Debit Card,Success,101,716,2025-04-27
582,615,2026-06-25,6300.0,Credit Card,Success,61,378,2026-06-25
583,616,2024-02-15,5300.0,Cash,Success,112,96,2024-02-15
584,617,2024-07-02,9262.5,Credit Card,Success,175,530,2024-07-02
585,618,2024-05-12,25500.0,Upi,Success,99,703,2024-05-11
586,619,2025-01-16,9547.5,Credit Card,Success,86,865,2025-01-16
587,620,2024-09-22,13395.0,Credit Card,Success,158,746,2024-09-21
588,621,2025-12-03,10980.0,Debit Card,Success,109,346,2025-12-03
589,622,2025-10-13,6120.0,Credit Card,Success,29,366,2025-10-13
590,623,2025-03-18,8170.0,Credit Card,Success,118,706,2025-03-17
591,624,2025-10-16,5850.0,Credit Card,Success,26,392,2025-10-15
592,625,2024-11-06,11400.0,Upi,Success,139,875,2024-11-06
593,626,2024-10-10,2470.0,Upi,Success,12,620,2024-10-10
594,627,2024-09-30,1950.0,Upi,Success,163,326,2024-09-30
595,628,2025-07-09,4800.0,Upi,Success,143,13,2025-07-08
596,629,2025-02-03,28815.0,Upi,Success,9,677,2025-02-03
597,630,2024-10-25,11400.0,Upi,Success,116,691,2024-10-25
598,631,2025-01-19,16000.0,Credit Card,Success,34,388,2025-01-19
599,632,2025-02-15,3000.0,Upi,Success,91,770,2025-02-14
600,633,2026-02-19,5415.0,Net Banking,Success,129,549,2026-02-19
601,634,2024-10-23,9547.5,Upi,Success,86,782,2024-10-22
602,635,2024-08-18,28700.0,Upi,Success,159,516,2024-08-17
603,636,2024-04-03,6840.0,Credit Card,Success,154,809,2024-04-03
604,637,2025-12-30,6600.0,Upi,Pending,83,136,2025-12-30
605,638,2025-05-28,4230.0,Credit Card,Success,155,858,2025-05-27
606,639,2026-06-01,22200.0,Upi,Success,107,267,2026-06-01
607,640,2024-10-27,6270.0,Upi,Success,11,373,2024-10-26
608,641,2025-01-10,15050.0,Upi,Success,87,146,2025-01-10
609,642,2026-02-14,10830.0,Credit Card,Success,76,706,2026-02-14
610,643,2026-06-21,7400.0,Credit Card,Success,93,731,2026-06-20
611,644,2024-05-12,5795.0,Credit Card,Success,75,880,2024-05-11
612,645,2025-06-04,10500.0,Debit Card,Success,133,416,2025-06-04
613,646,2025-10-25,1250.0,Credit Card,Success,135,494,2025-10-25
614,647,2025-10-27,9045.0,Debit Card,Success,128,471,2025-10-27
615,648,2025-02-13,3900.0,Credit Card,Refunded,85,520,2025-02-12
616,649,2025-06-20,6200.0,Upi,Success,66,817,2025-06-19
617,650,2024-10-11,10450.0,Upi,Success,49,751,2024-10-11
618,651,2024-04-10,16500.0,Credit Card,Success,14,327,2024-04-10
619,652,2024-11-03,23100.0,Credit Card,Pending,149,441,2024-11-03
620,653,2025-09-08,2430.0,Upi,Success,162,181,2025-09-07
621,654,2024-11-12,11900.0,Credit Card,Success,29,775,2024-11-12
622,655,2025-11-20,25460.0,Debit Card,Success,114,351,2025-11-20
623,656,2026-02-23,6800.0,Upi,Success,27,702,2026-02-23
624,657,2025-09-17,14000.0,Debit Card,Success,133,486,2025-09-16
625,659,2025-02-17,8100.0,Upi,Success,105,363,2025-02-17
626,660,2026-05-02,16500.0,Credit Card,Success,83,438,2026-05-02
627,661,2024-06-14,3510.0,Cash,Success,123,739,2024-06-13
628,662,2025-01-20,3895.0,Credit Card,Success,15,655,2025-01-19
629,663,2025-08-26,2070.0,Credit Card,Success,52,576,2025-08-26
630,664,2026-06-11,5760.0,Credit Card,Success,81,874,2026-06-10
631,665,2024-09-22,1350.0,Debit Card,Failed,6,144,2024-09-22
632,666,2025-08-03,32205.0,Upi,Success,9,517,2025-08-02
633,667,2026-03-10,16102.5,Upi,Success,41,818,2026-03-10
634,668,2026-04-17,3800.0,Debit Card,Success,116,757,2026-04-17
635,669,2024-01-07,1260.0,Upi,Success,100,20,2024-01-07
636,670,2026-06-20,2300.0,Upi,Success,148,157,2026-06-20
637,671,2024-12-01,1450.0,Credit Card,Success,59,674,2024-12-01
638,672,2024-05-07,6750.0,Upi,Success,97,27,2024-05-06
639,673,2026-04-14,21000.0,Debit Card,Success,45,519,2026-04-14
640,674,2025-03-01,4350.0,Debit Card,Success,24,819,2025-03-01
641,675,2024-12-29,3900.0,Credit Card,Success,80,857,2024-12-29
642,677,2025-06-16,10750.0,Credit Card,Success,178,482,2025-06-15
643,681,2025-01-22,1125.0,Debit Card,Success,135,174,2025-01-21
644,682,2025-03-27,9400.0,Debit Card,Success,155,829,2025-03-26
645,683,2025-11-15,5850.0,Credit Card,Success,123,505,2025-11-15
646,684,2026-01-04,4700.0,Credit Card,Success,158,108,2026-01-04
647,685,2025-01-18,24255.0,Credit Card,Success,149,755,2025-01-18
648,686,2024-06-15,5400.0,Credit Card,Success,3,586,2024-06-14
649,687,2024-09-27,4085.0,Net Banking,Success,31,763,2024-09-26
650,688,2025-04-12,4465.0,Credit Card,Refunded,172,877,2025-04-12
651,689,2025-04-14,21660.0,Cash,Success,76,130,2025-04-13
652,690,2024-07-18,8775.0,Debit Card,Success,175,228,2024-07-18
653,691,2025-01-18,7800.0,Cash,Success,175,170,2025-01-18
654,692,2026-05-28,7885.0,Credit Card,Success,13,411,2026-05-28
655,693,2024-03-09,2550.0,Credit Card,Success,106,144,2024-03-09
656,694,2024-03-13,20400.0,Credit Card,Success,71,144,2024-03-13
657,695,2024-01-13,13350.0,Upi,Success,134,319,2024-01-12
658,696,2025-04-11,7030.0,Credit Card,Success,88,897,2025-04-10
659,697,2025-12-09,10080.0,Net Banking,Success,125,777,2025-12-09
660,698,2026-05-06,1440.0,Upi,Success,111,432,2026-05-06
661,699,2024-03-26,15120.0,Upi,Success,125,249,2024-03-26
662,700,2025-09-14,2200.0,Upi,Success,171,392,2025-09-13
663,701,2024-02-11,6750.0,Credit Card,Success,113,873,2024-02-10
664,702,2024-07-04,7410.0,Upi,Success,85,102,2024-07-04
665,703,2024-09-11,12450.0,Upi,Success,13,333,2024-09-11
666,704,2026-05-14,4370.0,Debit Card,Success,23,342,2026-05-14
667,705,2025-10-16,4200.0,Cash,Success,98,208,2025-10-16
668,706,2024-01-17,26950.0,Upi,Success,149,318,2024-01-17
669,707,2024-04-06,6480.0,Debit Card,Success,154,898,2024-04-05
670,708,2025-09-21,58800.0,Credit Card,Success,22,332,2025-09-20
671,709,2024-08-13,7740.0,Debit Card,Success,58,451,2024-08-12
672,710,2025-08-04,5842.5,Cash,Success,48,869,2025-08-04
673,711,2025-03-17,8977.5,Upi,Success,61,328,2025-03-17
674,712,2025-07-03,8930.0,Credit Card,Success,155,234,2025-07-02
675,713,2025-03-24,23850.0,Upi,Success,112,67,2025-03-24
676,714,2025-11-29,6800.0,Credit Card,Pending,71,584,2025-11-29
677,715,2024-11-13,14100.0,Cash,Success,173,312,2024-11-13
678,716,2025-12-30,13175.0,Upi,Success,151,123,2025-12-30
679,717,2026-05-05,6480.0,Debit Card,Success,167,507,2026-05-05
680,718,2024-05-21,4275.0,Credit Card,Success,47,99,2024-05-21
681,719,2025-10-24,9137.5,Credit Card,Success,87,463,2025-10-24
682,720,2025-06-25,3800.0,Upi,Success,84,394,2025-06-25
683,721,2025-07-02,13500.0,Net Banking,Success,89,100,2025-07-02
684,722,2025-06-04,26800.0,Upi,Success,114,32,2025-06-03
685,723,2025-06-15,1950.0,Cash,Success,26,510,2025-06-14
686,724,2025-07-21,3195.0,Cash,Success,64,375,2025-07-21
687,725,2026-02-11,17800.0,Upi,Success,134,94,2026-02-11
688,726,2024-11-25,10395.0,Upi,Success,51,300,2024-11-24
689,727,2025-02-03,9000.0,Upi,Success,74,790,2025-02-02
690,728,2024-01-29,3950.0,Upi,Success,78,395,2024-01-29
691,729,2025-06-05,14577.5,Upi,Success,179,46,2025-06-04
692,730,2024-01-16,14700.0,Cash,Pending,98,211,2024-01-16
693,731,2025-01-16,1147.5,Upi,Success,103,46,2025-01-15
694,732,2024-11-13,11970.0,Credit Card,Success,168,755,2024-11-13
695,733,2024-09-16,6175.0,Credit Card,Success,161,710,2024-09-16
696,734,2024-03-09,11900.0,Credit Card,Success,84,172,2024-03-09
697,735,2024-03-30,3182.5,Credit Card,Success,128,206,2024-03-29
698,736,2026-04-05,4770.0,Upi,Success,112,631,2026-04-05
699,737,2025-08-05,48165.0,Credit Card,Success,40,350,2025-08-05
700,739,2025-03-28,7800.0,Debit Card,Success,63,617,2025-03-27
701,740,2024-01-18,9310.0,Upi,Success,44,742,2024-01-18
702,742,2025-10-22,2340.0,Upi,Pending,176,631,2025-10-22
703,743,2024-06-05,3515.0,Debit Card,Success,93,230,2024-06-05
704,744,2025-03-18,8600.0,Debit Card,Success,118,421,2025-03-18
705,745,2025-02-02,8600.0,Cash,Success,87,334,2025-02-01
706,746,2025-11-07,5272.5,Credit Card,Success,94,475,2025-11-06
707,747,2025-04-09,1650.0,Debit Card,Success,160,423,2025-04-08
708,748,2024-07-30,3740.0,Debit Card,Success,171,177,2024-07-30
709,749,2026-06-07,22400.0,Credit Card,Success,125,324,2026-06-07
710,750,2026-06-02,10150.0,Net Banking,Success,24,321,2026-06-01
711,751,2026-04-29,2150.0,Upi,Success,87,721,2026-04-28
712,752,2025-02-23,6555.0,Credit Card,Failed,142,644,2025-02-23
713,753,2024-05-18,4845.0,Credit Card,Success,122,389,2024-05-18
714,754,2026-06-26,3990.0,Upi,Pending,22,379,2026-06-25
715,755,2024-07-21,15960.0,Credit Card,Success,22,364,2024-07-20
716,756,2024-01-26,8550.0,Cash,Success,43,54,2024-01-25
717,758,2025-08-10,14700.0,Upi,Success,98,205,2025-08-10
718,759,2025-02-21,4275.0,Net Banking,Success,89,737,2025-02-20
719,760,2024-04-26,9775.0,Net Banking,Success,33,826,2024-04-26
720,761,2026-01-10,25900.0,Credit Card,Success,88,892,2026-01-10
721,763,2024-03-22,3250.0,Upi,Success,161,543,2024-03-22
722,764,2025-03-29,1900.0,Upi,Success,2,82,2025-03-29
723,765,2024-07-11,46200.0,Credit Card,Success,83,775,2024-07-11
724,766,2026-01-23,10800.0,Net Banking,Success,2,671,2026-01-23
725,767,2025-11-21,16500.0,Upi,Success,115,13,2025-11-21
726,768,2025-08-05,5900.0,Upi,Success,82,462,2025-08-05
727,769,2025-08-24,5130.0,Net Banking,Success,177,362,2025-08-24
728,770,2024-06-06,59500.0,Credit Card,Success,99,430,2024-06-05
729,771,2024-06-26,1947.5,Debit Card,Success,48,223,2024-06-25
730,772,2024-10-11,20160.0,Credit Card,Refunded,125,622,2024-10-11
731,773,2025-12-23,6100.0,Debit Card,Success,75,145,2025-12-23
732,774,2025-12-01,10402.5,Cash,Success,157,125,2025-12-01
733,775,2024-01-20,3515.0,Upi,Success,107,253,2024-01-19
734,776,2026-03-24,41000.0,Credit Card,Success,50,131,2026-03-23
735,777,2025-04-26,7600.0,Debit Card,Success,25,394,2025-04-26
736,778,2025-01-07,3100.0,Cash,Success,16,486,2025-01-07
737,779,2024-11-18,6500.0,Credit Card,Success,138,205,2024-11-17
738,780,2024-10-16,8100.0,Upi,Success,97,434,2024-10-16
739,781,2024-03-22,10000.0,Credit Card,Success,38,458,2024-03-21
740,782,2025-04-09,5580.0,Debit Card,Success,151,132,2025-04-09
741,783,2025-10-06,3300.0,Credit Card,Success,83,406,2025-10-05
742,784,2025-12-31,1125.0,Debit Card,Success,17,70,2025-12-31
743,785,2025-05-19,2790.0,Credit Card,Success,16,538,2025-05-19
744,789,2025-08-26,4350.0,Credit Card,Success,59,597,2025-08-26
745,790,2025-10-04,6210.0,Debit Card,Success,73,273,2025-10-04
746,791,2025-02-07,1912.5,Upi,Success,74,463,2025-02-06
747,792,2026-06-14,19750.0,Upi,Success,146,754,2026-06-14
748,793,2024-08-10,3900.0,Debit Card,Success,80,13,2024-08-10
749,794,2025-05-06,31500.0,Upi,Success,74,815,2025-05-06
750,795,2024-10-07,7505.0,Upi,Refunded,78,456,2024-10-07
751,796,2024-03-19,3420.0,Upi,Success,168,23,2024-03-18
752,797,2026-03-22,1530.0,Upi,Success,122,179,2026-03-22
753,798,2024-03-05,5000.0,Credit Card,Success,17,408,2024-03-05
754,799,2026-01-07,13400.0,Credit Card,Pending,69,25,2026-01-06
755,800,2026-05-05,25507.5,Debit Card,Success,144,720,2026-05-05
756,801,2025-01-17,11827.5,Debit Card,Success,96,744,2025-01-17
757,802,2024-05-31,5700.0,Debit Card,Success,127,692,2024-05-31
758,803,2024-06-17,8775.0,Debit Card,Success,161,149,2024-06-17
759,804,2026-06-20,1805.0,Upi,Success,129,558,2026-06-20
760,805,2025-05-15,27597.5,Cash,Success,96,562,2025-05-15
761,806,2025-10-18,32110.0,Net Banking,Success,40,855,2025-10-17
762,807,2024-11-09,16650.0,Credit Card,Success,104,311,2024-11-09
763,808,2026-04-27,12600.0,Debit Card,Success,65,464,2026-04-27
764,809,2025-03-14,5200.0,Net Banking,Success,123,651,2025-03-14
765,810,2026-02-09,7410.0,Cash,Success,26,433,2026-02-09
766,811,2025-05-01,2755.0,Debit Card,Success,24,85,2025-05-01
767,812,2024-11-13,15200.0,Credit Card,Success,116,222,2024-11-13
768,813,2025-12-14,4940.0,Credit Card,Success,138,670,2025-12-14
769,814,2025-09-07,1700.0,Upi,Success,29,704,2025-09-07
770,815,2026-03-02,7900.0,Cash,Success,78,188,2026-03-02
771,816,2024-04-14,40000.0,Upi,Success,34,759,2024-04-13
772,817,2025-01-12,4650.0,Cash,Success,28,429,2025-01-12
773,818,2025-05-02,2470.0,Debit Card,Success,63,897,2025-05-01
774,819,2024-07-08,2975.0,Debit Card,Success,30,574,2024-07-08
775,820,2024-04-25,9547.5,Credit Card,Success,69,600,2024-04-25
776,821,2025-05-04,3315.0,Credit Card,Success,26,177,2025-05-04
777,822,2025-05-04,2150.0,Debit Card,Success,19,580,2025-05-04
778,823,2024-01-29,11827.5,Upi,Success,96,401,2024-01-29
779,824,2024-09-04,11250.0,Credit Card,Success,74,510,2024-09-04
780,825,2025-02-07,25200.0,Debit Card,Success,167,827,2025-02-06
781,826,2025-09-11,8835.0,Credit Card,Success,147,141,2025-09-11
782,827,2026-06-15,3610.0,Debit Card,Success,132,234,2026-06-14
783,828,2025-02-26,7200.0,Upi,Success,154,435,2025-02-25
784,829,2025-07-09,9832.5,Upi,Success,53,818,2025-07-09
785,830,2025-01-19,12200.0,Cash,Success,124,735,2025-01-18
786,831,2025-02-06,13860.0,Debit Card,Success,49,832,2025-02-06
787,832,2025-05-16,3230.0,Credit Card,Success,122,448,2025-05-16
788,833,2025-07-16,2300.0,Debit Card,Success,33,803,2025-07-15
789,834,2026-01-07,2720.0,Credit Card,Success,111,247,2026-01-06
790,835,2025-08-21,8000.0,Upi,Success,57,176,2025-08-21
791,836,2026-04-09,9120.0,Credit Card,Success,25,253,2026-04-08
792,837,2024-11-11,3060.0,Upi,Success,154,870,2024-11-11
793,838,2026-05-22,6300.0,Debit Card,Success,98,24,2026-05-21
794,839,2025-01-17,6412.5,Credit Card,Success,20,616,2025-01-16
795,840,2024-10-25,12600.0,Credit Card,Success,98,615,2024-10-24
796,841,2024-12-19,3645.0,Net Banking,Success,6,503,2024-12-19
797,842,2025-05-05,4560.0,Upi,Success,57,875,2025-05-05
798,843,2025-12-25,5220.0,Debit Card,Success,24,631,2025-12-25
799,844,2024-08-22,2137.5,Debit Card,Success,43,534,2024-08-22
800,845,2024-06-20,6270.0,Upi,Success,51,618,2024-06-20
801,846,2026-01-10,5795.0,Credit Card,Success,137,192,2026-01-10
802,847,2024-06-09,7790.0,Credit Card,Success,62,883,2024-06-08
803,848,2026-02-12,2137.5,Debit Card,Success,97,140,2026-02-11
804,849,2025-06-16,13500.0,Credit Card,Success,156,592,2025-06-16
805,850,2024-04-28,5100.0,Upi,Success,106,392,2024-04-28
806,851,2026-02-06,7900.0,Credit Card,Success,78,406,2026-02-06
807,852,2025-03-02,16625.0,Credit Card,Success,38,656,2025-03-01
808,853,2025-07-18,2340.0,Upi,Success,123,70,2025-07-18
809,854,2024-01-27,2565.0,Credit Card,Success,162,534,2024-01-26
810,855,2025-08-22,6075.0,Credit Card,Pending,113,777,2025-08-22
811,856,2024-12-04,9000.0,Credit Card,Success,113,750,2024-12-04
812,857,2024-11-06,7900.0,Credit Card,Success,35,200,2024-11-06
813,858,2024-08-13,5737.5,Credit Card,Refunded,43,689,2024-08-12
814,859,2024-12-04,2000.0,Credit Card,Success,84,540,2024-12-04
815,860,2024-10-05,4132.5,Credit Card,Success,131,308,2024-10-05
816,861,2026-05-14,23607.5,Debit Card,Success,64,476,2026-05-14
817,862,2024-09-05,6100.0,Cash,Success,124,679,2024-09-05
818,863,2025-01-14,18900.0,Upi,Success,61,499,2025-01-14
819,864,2024-12-11,4000.0,Credit Card,Success,84,608,2024-12-10
820,865,2025-10-25,9900.0,Credit Card,Success,14,3,2025-10-25
821,866,2024-11-14,3400.0,Upi,Success,10,597,2024-11-13
822,867,2026-05-06,3650.0,Credit Card,Success,157,292,2026-05-06
823,868,2024-02-02,2150.0,Upi,Success,87,681,2024-02-02
824,870,2024-03-02,1827.5,Upi,Success,31,152,2024-03-01
825,871,2025-05-08,12240.0,Debit Card,Success,32,660,2025-05-08
826,872,2024-07-15,24900.0,Net Banking,Success,13,33,2024-07-15
827,873,2024-05-16,5795.0,Debit Card,Refunded,109,675,2024-05-16
828,874,2026-06-15,25800.0,Credit Card,Success,36,246,2026-06-15
829,875,2025-12-30,4230.0,Net Banking,Success,158,382,2025-12-29
830,876,2025-09-20,31350.0,Credit Card,Success,11,466,2025-09-19
831,877,2025-10-05,24605.0,Debit Card,Success,107,475,2025-10-04
832,879,2024-08-23,7220.0,Net Banking,Success,116,245,2024-08-22
833,880,2026-02-27,46200.0,Debit Card,Failed,14,509,2026-02-26
834,881,2024-12-03,1805.0,Net Banking,Success,168,206,2024-12-02
835,882,2024-09-22,6100.0,Credit Card,Success,75,688,2024-09-21
836,883,2025-12-09,30800.0,Credit Card,Refunded,18,79,2025-12-09
837,884,2024-12-11,7777.5,Debit Card,Success,137,477,2024-12-11
838,885,2024-03-29,10545.0,Net Banking,Success,88,165,2024-03-29
839,886,2025-02-16,7920.0,Debit Card,Success,49,636,2025-02-16
840,887,2025-10-19,8415.0,Upi,Success,11,38,2025-10-19
841,888,2026-06-02,3555.0,Upi,Success,35,864,2026-06-01
842,889,2024-11-20,3705.0,Upi,Success,138,842,2024-11-20
843,890,2024-10-14,25500.0,Credit Card,Success,106,77,2024-10-14
844,891,2025-12-30,30960.0,Credit Card,Success,36,538,2025-12-29
845,892,2024-08-06,1147.5,Upi,Success,21,238,2024-08-05
846,893,2026-06-10,4760.0,Credit Card,Success,77,566,2026-06-10
847,894,2024-05-21,3100.0,Upi,Success,151,5,2024-05-20
848,895,2026-03-25,3350.0,Credit Card,Success,86,173,2026-03-24
849,896,2025-02-21,8455.0,Upi,Success,134,897,2025-02-21
850,897,2026-04-25,4275.0,Credit Card,Success,89,140,2026-04-24
851,898,2025-05-25,10500.0,Credit Card,Refunded,30,416,2025-05-24
852,899,2024-02-12,3372.5,Upi,Success,64,763,2024-02-11
853,900,2024-04-23,1472.5,Debit Card,Success,28,350,2024-04-23
854,901,2024-05-29,18000.0,Credit Card,Success,91,193,2024-05-29
855,902,2024-06-11,4650.0,Debit Card,Success,16,767,2024-06-11
856,903,2025-08-23,7110.0,Credit Card,Success,78,660,2025-08-23
857,904,2024-01-18,4750.0,Debit Card,Success,166,498,2024-01-18
858,905,2025-12-07,7750.0,Credit Card,Success,169,529,2025-12-07
859,906,2026-05-26,35000.0,Credit Card,Success,136,188,2026-05-26
860,907,2024-07-10,8325.0,Debit Card,Success,79,739,2024-07-10
861,908,2026-06-30,2470.0,Credit Card,Refunded,12,879,2026-06-30
862,909,2024-04-15,17200.0,Cash,Success,36,237,2024-04-15
863,910,2026-01-05,5695.0,Credit Card,Success,55,224,2026-01-05
864,912,2025-12-07,11250.0,Credit Card,Success,43,674,2025-12-06
865,913,2025-08-20,2300.0,Credit Card,Success,148,285,2025-08-19
866,914,2025-08-08,2890.0,Credit Card,Success,71,198,2025-08-08
867,915,2025-11-09,2050.0,Debit Card,Success,159,138,2025-11-08
868,916,2024-03-05,2250.0,Debit Card,Success,97,8,2024-03-05
869,917,2024-08-23,13350.0,Credit Card,Success,134,731,2024-08-22
870,918,2025-06-29,7695.0,Upi,Failed,56,460,2025-06-29
871,919,2024-07-19,6412.5,Upi,Success,97,792,2024-07-19
872,920,2025-07-27,6480.0,Credit Card,Success,167,595,2025-07-27
873,921,2024-03-16,4600.0,Debit Card,Success,142,86,2024-03-16
874,922,2024-05-23,6400.0,Debit Card,Success,57,716,2024-05-23
875,923,2025-11-29,2150.0,Upi,Success,87,31,2025-11-28
876,924,2025-08-23,8550.0,Upi,Success,177,195,2025-08-22
877,925,2024-01-28,6000.0,Credit Card,Success,91,321,2024-01-27
878,926,2025-08-14,6075.0,Debit Card,Success,74,503,2025-08-13
879,927,2025-03-22,1170.0,Debit Card,Success,12,614,2025-03-21
880,928,2024-06-02,6500.0,Debit Card,Success,145,126,2024-06-02
881,929,2026-03-14,11220.0,Upi,Success,11,566,2026-03-14
882,930,2026-03-02,12967.5,Credit Card,Success,163,877,2026-03-01
883,931,2024-05-08,8750.0,Net Banking,Success,136,757,2024-05-07
884,932,2024-07-17,8800.0,Credit Card,Success,49,542,2024-07-17
885,934,2026-06-19,16000.0,Net Banking,Success,34,378,2026-06-19
886,935,2024-10-26,1350.0,Upi,Success,162,400,2024-10-25
887,936,2025-11-22,2897.5,Credit Card,Success,140,700,2025-11-22
888,937,2025-06-10,58187.5,Credit Card,Success,136,518,2025-06-09
889,938,2024-05-17,9800.0,Net Banking,Success,179,64,2024-05-17
890,939,2026-02-23,3562.5,Credit Card,Success,135,264,2026-02-22
891,940,2025-09-06,21330.0,Credit Card,Success,120,739,2025-09-06
892,941,2024-05-17,2970.0,Debit Card,Success,83,232,2024-05-17
893,942,2024-04-07,3610.0,Credit Card,Success,129,879,2024-04-07
894,943,2025-08-23,10545.0,Upi,Success,107,115,2025-08-23
895,944,2025-09-03,18870.0,Credit Card,Success,107,4,2025-09-02
896,945,2025-10-16,5737.5,Upi,Success,74,112,2025-10-16
897,946,2024-07-18,22600.0,Credit Card,Success,41,221,2024-07-18
898,947,2025-12-13,10260.0,Net Banking,Success,76,134,2025-12-13
899,948,2025-06-15,3325.0,Credit Card,Success,30,765,2025-06-15
900,949,2025-02-11,2835.0,Credit Card,Success,7,396,2025-02-11
901,950,2024-12-30,4080.0,Upi,Success,111,522,2024-12-30
902,951,2025-09-28,2500.0,Cash,Success,135,852,2025-09-28
903,952,2024-12-16,5200.0,Upi,Success,123,884,2024-12-16
904,953,2024-02-24,11390.0,Credit Card,Success,95,463,2024-02-24
905,954,2024-01-17,11400.0,Upi,Success,116,262,2024-01-17
906,955,2026-06-09,11400.0,Upi,Success,76,851,2026-06-09
907,956,2025-10-14,7100.0,Net Banking,Refunded,64,151,2025-10-14
908,957,2024-08-16,40000.0,Debit Card,Pending,37,795,2024-08-16
909,958,2025-10-18,14800.0,Credit Card,Success,107,32,2025-10-17
910,959,2025-11-09,7030.0,Cash,Success,93,666,2025-11-09
911,960,2025-08-03,8265.0,Credit Card,Success,141,824,2025-08-02
912,962,2025-05-08,8287.5,Upi,Pending,26,689,2025-05-08
913,963,2026-05-13,10050.0,Upi,Success,69,409,2026-05-13
914,964,2025-05-04,11400.0,Credit Card,Pending,1,7,2025-05-04
915,966,2024-03-09,7380.0,Credit Card,Success,15,627,2024-03-08
916,967,2025-06-18,13000.0,Net Banking,Success,150,454,2025-06-18
917,968,2025-03-29,1250.0,Upi,Success,101,167,2025-03-29
918,969,2024-01-20,7395.0,Net Banking,Success,24,764,2024-01-20
919,970,2026-02-27,3750.0,Debit Card,Refunded,135,691,2026-02-26
920,972,2025-11-26,2350.0,Debit Card,Success,155,168,2025-11-25
921,973,2024-12-20,5610.0,Credit Card,Success,49,224,2024-12-19
922,974,2024-11-26,19950.0,Credit Card,Success,102,302,2024-11-26
923,975,2026-05-01,1900.0,Credit Card,Failed,121,548,2026-05-01
924,976,2025-10-17,4132.5,Upi,Success,126,841,2025-10-16
925,977,2026-04-30,3510.0,Credit Card,Success,176,622,2026-04-29
926,978,2024-11-22,5805.0,Net Banking,Success,87,235,2024-11-22
927,979,2025-04-10,9300.0,Credit Card,Success,16,413,2025-04-09
928,980,2024-05-27,2520.0,Debit Card,Success,44,185,2024-05-27
929,981,2024-04-17,3700.0,Upi,Refunded,104,584,2024-04-17
930,982,2025-07-24,3900.0,Credit Card,Refunded,175,275,2025-07-24
931,983,2026-05-21,21470.0,Credit Card,Success,9,620,2026-05-21
932,984,2024-11-01,7310.0,Debit Card,Success,87,867,2024-11-01
933,985,2025-12-12,9135.0,Cash,Success,24,366,2025-12-12
934,986,2025-01-25,9400.0,Net Banking,Success,158,66,2025-01-24
935,987,2025-03-23,38025.0,Upi,Success,40,858,2025-03-22
936,988,2025-06-20,13800.0,Net Banking,Success,165,191,2025-06-20
937,989,2025-01-25,11700.0,Credit Card,Success,85,703,2025-01-25
938,990,2025-06-20,3330.0,Upi,Success,152,404,2025-06-20
939,991,2026-03-19,10640.0,Upi,Success,57,888,2026-03-19
940,992,2024-07-11,28595.0,Upi,Success,87,740,2024-07-10
941,993,2024-08-16,14250.0,Upi,Success,156,801,2024-08-15
942,994,2025-07-27,18250.0,Upi,Success,157,329,2025-07-26
943,995,2025-06-08,1215.0,Credit Card,Success,20,853,2025-06-08
944,996,2024-03-29,3515.0,Debit Card,Success,79,91,2024-03-29
945,998,2025-09-27,11610.0,Credit Card,Success,39,714,2025-09-27
946,999,2025-09-22,9690.0,Debit Card,Success,32,713,2025-09-22
947,1000,2026-05-15,12000.0,Cash,Success,143,878,2026-05-14
948,1001,2025-06-02,10260.0,Net Banking,Pending,116,552,2025-06-02
949,1002,2025-07-09,29450.0,Credit Card,Success,151,433,2025-07-08
950,1003,2025-03-15,2000.0,Credit Card,Success,2,41,2025-03-14
951,1005,2024-12-14,16910.0,Upi,Success,134,209,2024-12-14
952,1006,2025-01-30,4350.0,Credit Card,Success,126,148,2025-01-30
953,1007,2024-06-02,24000.0,Upi,Success,34,376,2024-06-02
954,1008,2025-12-25,1395.0,Upi,Success,28,755,2025-12-25
955,1009,2025-01-21,2610.0,Credit Card,Success,24,533,2025-01-21
956,1010,2025-02-17,6210.0,Credit Card,Success,23,682,2025-02-17
957,1011,2025-01-23,6200.0,Upi,Success,147,34,2025-01-23
958,1012,2026-01-18,19800.0,Credit Card,Success,14,563,2026-01-17
959,1013,2026-01-15,8775.0,Net Banking,Success,145,672,2026-01-15
960,1014,2026-01-20,12000.0,Debit Card,Success,84,674,2026-01-20
961,1015,2026-03-19,4560.0,Net Banking,Success,139,209,2026-03-19
962,1016,2024-06-14,21350.0,Upi,Success,75,254,2024-06-14
963,1017,2025-04-03,2762.5,Upi,Success,150,450,2025-04-02
964,1018,2025-05-25,12060.0,Credit Card,Success,55,503,2025-05-24
965,1019,2026-02-10,7400.0,Upi,Success,94,407,2026-02-09
966,1020,2025-06-15,7900.0,Debit Card,Success,146,449,2025-06-15
967,1021,2026-04-13,3800.0,Credit Card,Success,72,310,2026-04-13
968,1022,2026-06-08,6450.0,Debit Card,Success,39,659,2026-06-07
969,1023,2026-06-07,13940.0,Upi,Success,50,59,2026-06-07
970,1024,2025-09-15,3942.5,Upi,Success,13,649,2025-09-15
971,1025,2024-02-24,6697.5,Credit Card,Success,173,92,2024-02-24
972,1026,2026-01-10,24937.5,Debit Card,Success,136,779,2026-01-10
973,1027,2024-08-01,4132.5,Credit Card,Success,170,184,2024-08-01
974,1028,2026-03-19,21000.0,Credit Card,Success,102,641,2026-03-19
975,1029,2024-01-18,14060.0,Upi,Success,152,199,2024-01-18
976,1030,2025-08-05,8740.0,Credit Card,Success,33,798,2025-08-05
977,1031,2025-01-02,4800.0,Upi,Success,139,376,2025-01-02
978,1032,2025-03-08,6697.5,Upi,Success,158,166,2025-03-08
979,1033,2025-03-17,6660.0,Credit Card,Success,152,23,2025-03-17
980,1034,2024-01-08,4500.0,Upi,Success,74,34,2024-01-08
981,1035,2025-01-12,1572.5,Credit Card,Failed,79,638,2025-01-12
982,1036,2024-05-21,4200.0,Credit Card,Success,65,473,2024-05-20
983,1037,2026-03-23,3915.0,Debit Card,Success,59,103,2026-03-22
984,1038,2025-11-17,3952.5,Debit Card,Success,28,152,2025-11-17
985,1039,2025-04-08,13200.0,Credit Card,Success,14,474,2025-04-08
986,1040,2024-06-29,1567.5,Upi,Success,51,26,2024-06-28
987,1041,2024-09-16,10350.0,Upi,Failed,53,124,2024-09-16
988,1043,2025-03-11,11115.0,Credit Card,Success,85,642,2025-03-11
989,1044,2026-05-29,7350.0,Debit Card,Success,179,277,2026-05-28
990,1045,2024-11-01,5130.0,Credit Card,Success,154,842,2024-10-31
991,1046,2025-01-26,6100.0,Upi,Success,75,105,2025-01-26
992,1047,2025-03-23,10830.0,Credit Card,Success,177,528,2025-03-23
993,1048,2025-11-08,2847.5,Credit Card,Success,55,479,2025-11-07
994,1049,2025-11-07,2755.0,Upi,Success,170,643,2025-11-06
995,1050,2025-08-09,5805.0,Upi,Success,130,799,2025-08-08
996,1051,2025-06-04,15050.0,Net Banking,Success,19,560,2025-06-04
997,1052,2025-06-19,21420.0,Credit Card,Success,60,585,2025-06-18
998,1053,2024-02-18,10620.0,Debit Card,Success,82,485,2024-02-17
999,1054,2025-11-15,32205.0,Debit Card,Success,41,524,2025-11-15
1000,1055,2026-01-13,26950.0,Credit Card,Success,149,687,2026-01-13
1001,1056,2026-03-21,4845.0,Upi,Success,29,364,2026-03-20
1002,1057,2025-07-26,2025.0,Upi,Success,97,363,2025-07-25
1003,1058,2025-03-07,6935.0,Debit Card,Success,157,386,2025-03-07
1004,1059,2025-03-30,8950.0,Upi,Success,144,347,2025-03-30
1005,1061,2025-03-22,24510.0,Upi,Success,67,405,2025-03-22
1006,1062,2024-11-04,8670.0,Net Banking,Pending,29,601,2024-11-03
1007,1063,2025-02-21,12730.0,Debit Card,Success,55,487,2025-02-21
1008,1064,2024-12-06,20160.0,Credit Card,Success,180,23,2024-12-06
1009,1065,2025-10-27,7380.0,Net Banking,Success,50,714,2025-10-27
1010,1066,2026-03-02,9600.0,Debit Card,Success,180,265,2026-03-01
1011,1067,2024-05-28,2700.0,Upi,Failed,21,454,2024-05-28
1012,1068,2025-07-14,5220.0,Debit Card,Success,170,552,2025-07-13
1013,1069,2024-11-16,2755.0,Upi,Success,24,336,2024-11-15
1014,1070,2024-07-04,3705.0,Credit Card,Success,176,800,2024-07-03
1015,1071,2026-01-15,12112.5,Upi,Refunded,153,551,2026-01-15
1016,1073,2026-04-06,15750.0,Debit Card,Success,136,595,2026-04-06
1017,1074,2026-03-20,38712.5,Net Banking,Success,42,15,2026-03-19
1018,1076,2024-05-13,16750.0,Credit Card,Success,95,265,2024-05-13
1019,1077,2025-02-10,3995.0,Credit Card,Success,155,623,2025-02-10
1020,1078,2024-10-28,36100.0,Debit Card,Success,116,439,2024-10-28
1021,1079,2024-03-22,3900.0,Credit Card,Pending,26,95,2024-03-21
1022,1080,2024-01-16,43400.0,Upi,Success,151,529,2024-01-16
1023,1081,2026-04-01,7900.0,Net Banking,Success,35,736,2026-04-01
1024,1082,2024-07-27,7250.0,Upi,Success,59,754,2024-07-27
1025,1083,2025-07-21,3900.0,Net Banking,Success,163,173,2025-07-21
1026,1084,2024-02-18,7220.0,Credit Card,Success,110,261,2024-02-18
1027,1085,2024-07-17,7425.0,Net Banking,Success,115,293,2024-07-17
1028,1086,2026-02-21,7480.0,Upi,Success,171,301,2026-02-21
1029,1087,2024-12-28,1900.0,Upi,Success,168,556,2024-12-28
1030,1088,2024-02-03,5800.0,Net Banking,Success,59,333,2024-02-03
1031,1089,2026-03-17,3230.0,Debit Card,Success,27,528,2026-03-17
1032,1090,2024-10-13,3995.0,Debit Card,Success,172,369,2024-10-12
1033,1091,2024-08-11,2300.0,Cash,Success,142,110,2024-08-10
1034,1092,2025-11-08,2470.0,Upi,Success,138,753,2025-11-07
1035,1093,2024-03-03,8640.0,Credit Card,Success,81,493,2024-03-03
1036,1094,2026-06-02,8550.0,Upi,Success,154,554,2026-06-01
1037,1095,2025-04-05,9450.0,Upi,Failed,61,244,2025-04-05
1038,1096,2025-12-29,2847.5,Upi,Success,55,172,2025-12-29
1039,1097,2025-04-18,24500.0,Credit Card,Success,30,47,2025-04-17
1040,1098,2024-03-27,7650.0,Credit Card,Success,99,816,2024-03-26
1041,1099,2026-02-12,18300.0,Cash,Success,124,283,2026-02-12
1042,1100,2026-05-02,1852.5,Upi,Success,26,36,2026-05-02
1043,1101,2025-03-24,8122.5,Debit Card,Failed,177,48,2025-03-24
1044,1102,2024-11-03,8700.0,Credit Card,Success,24,721,2024-11-02
1045,1103,2026-03-02,13200.0,Credit Card,Success,11,536,2026-03-01
1046,1104,2026-01-14,1567.5,Cash,Success,160,415,2026-01-13
1047,1105,2025-10-18,4700.0,Net Banking,Success,158,75,2025-10-18
1048,1106,2025-12-10,14490.0,Debit Card,Success,33,23,2025-12-10
1049,1107,2025-08-08,43000.0,Credit Card,Success,36,75,2025-08-08
1050,1108,2025-11-19,10640.0,Upi,Success,125,304,2025-11-18
1051,1109,2024-06-30,4700.0,Debit Card,Success,155,489,2024-06-30
1052,1110,2024-04-17,10260.0,Credit Card,Success,76,382,2024-04-17
1053,1111,2025-05-23,14490.0,Credit Card,Success,148,19,2025-05-23
1054,1112,2024-08-05,5700.0,Credit Card,Success,121,182,2024-08-04
1055,1113,2025-10-30,3500.0,Cash,Success,133,188,2025-10-29
1056,1114,2026-03-24,5312.5,Net Banking,Success,17,61,2026-03-24
1057,1115,2026-04-15,9600.0,Upi,Success,81,191,2026-04-15
1058,1117,2025-05-11,42560.0,Credit Card,Success,180,850,2025-05-10
1059,1118,2024-05-24,8900.0,Credit Card,Success,134,480,2024-05-24
1060,1119,2026-02-24,11500.0,Credit Card,Success,23,640,2026-02-23
1061,1120,2026-03-03,8170.0,Net Banking,Success,67,341,2026-03-03
1062,1121,2026-06-21,7400.0,Debit Card,Success,93,449,2026-06-21
1063,1122,2025-07-12,3610.0,Cash,Success,110,459,2025-07-12
1064,1124,2024-12-09,25460.0,Credit Card,Refunded,114,284,2024-12-08
1065,1125,2024-07-07,37572.5,Upi,Success,9,554,2024-07-06
1066,1126,2024-04-15,11340.0,Upi,Success,22,103,2024-04-14
1067,1127,2025-03-31,3200.0,Credit Card,Success,180,182,2025-03-31
1068,1128,2024-01-02,1980.0,Debit Card,Success,171,139,2024-01-01
1069,1129,2024-02-21,1530.0,Net Banking,Success,29,346,2024-02-21
1070,1130,2024-02-03,3705.0,Upi,Failed,12,855,2024-02-02
1071,1132,2025-02-06,1650.0,Debit Card,Success,174,637,2025-02-06
1072,1133,2026-06-18,5200.0,Cash,Refunded,12,519,2026-06-18
1073,1134,2026-06-20,5700.0,Debit Card,Success,45,559,2026-06-20
1074,1135,2024-02-04,39200.0,Debit Card,Success,125,584,2024-02-04
1075,1136,2025-05-04,29155.0,Credit Card,Success,179,248,2025-05-03
1076,1137,2024-08-18,3375.0,Upi,Success,101,503,2024-08-18
1077,1138,2025-05-20,4200.0,Credit Card,Success,98,321,2025-05-20
1078,1139,2025-11-08,3040.0,Credit Card,Success,180,798,2025-11-08
1079,1140,2025-10-20,15200.0,Credit Card,Success,108,860,2025-10-20
1080,1141,2026-06-27,1187.5,Net Banking,Success,101,455,2026-06-26
1081,1142,2024-11-28,1845.0,Credit Card,Refunded,48,90,2024-11-27
1082,1143,2026-06-24,4085.0,Credit Card,Success,118,379,2026-06-24
1083,1145,2024-07-13,5320.0,Net Banking,Success,44,102,2024-07-12
1084,1146,2024-01-06,9750.0,Credit Card,Success,145,97,2024-01-05
1085,1147,2026-06-20,14500.0,Upi,Success,119,707,2026-06-20
1086,1148,2025-05-05,17280.0,Upi,Success,180,619,2025-05-05
1087,1149,2024-12-06,3300.0,Upi,Success,14,674,2024-12-05
1088,1150,2024-10-28,29250.0,Credit Card,Success,161,859,2024-10-28
1089,1151,2026-01-19,1187.5,Upi,Success,135,766,2026-01-18
1090,1152,2024-01-14,19500.0,Net Banking,Success,163,213,2024-01-14
1091,1153,2025-12-13,9360.0,Debit Card,Success,63,382,2025-12-13
1092,1154,2025-11-29,7790.0,Credit Card,Success,15,353,2025-11-29
1093,1155,2025-12-02,7742.5,Credit Card,Success,42,613,2025-12-01
1094,1156,2025-06-27,2700.0,Credit Card,Success,8,270,2025-06-27
1095,1157,2025-03-05,3800.0,Upi,Success,129,58,2025-03-05
1096,1158,2025-01-27,1250.0,Upi,Success,101,157,2025-01-27
1097,1159,2025-11-03,15200.0,Debit Card,Success,111,401,2025-11-02
1098,1160,2025-01-20,11220.0,Credit Card,Refunded,49,133,2025-01-20
1099,1161,2025-11-13,9990.0,Debit Card,Success,88,671,2025-11-12
1100,1162,2025-12-04,1650.0,Credit Card,Success,160,418,2025-12-04
1101,1163,2026-04-04,37525.0,Debit Card,Success,35,738,2026-04-04
1102,1164,2024-08-19,2070.0,Debit Card,Success,52,835,2024-08-18
1103,1165,2024-10-01,15010.0,Upi,Success,120,798,2024-09-30
1104,1166,2025-10-13,20700.0,Upi,Success,52,370,2025-10-12
1105,1167,2025-01-27,3700.0,Net Banking,Success,54,288,2025-01-26
1106,1168,2024-11-09,16650.0,Net Banking,Success,88,190,2024-11-09
1107,1169,2024-04-25,22050.0,Debit Card,Success,117,891,2024-04-25
1108,1170,2025-10-28,8250.0,Credit Card,Success,51,254,2025-10-28
1109,1172,2025-10-24,20230.0,Debit Card,Success,32,508,2025-10-23
1110,1173,2024-10-15,17575.0,Net Banking,Success,54,372,2024-10-14
1111,1174,2026-06-30,12450.0,Debit Card,Success,13,116,2026-06-30
1112,1175,2026-06-15,15750.0,Credit Card,Success,38,228,2026-06-15
1113,1176,2024-04-24,7362.5,Net Banking,Success,16,662,2024-04-24
1114,1177,2025-10-26,1105.0,Upi,Success,12,38,2025-10-26
1115,1178,2024-05-02,4700.0,Upi,Success,155,309,2024-05-02
1116,1179,2024-07-23,3825.0,Credit Card,Success,97,638,2024-07-22
1117,1180,2025-10-08,3372.5,Credit Card,Failed,64,353,2025-10-08
1118,1181,2025-10-18,25460.0,Debit Card,Success,114,233,2025-10-17
1119,1182,2026-03-12,11400.0,Debit Card,Success,34,233,2026-03-11
1120,1183,2024-07-10,33500.0,Debit Card,Success,128,807,2024-07-10
1121,1184,2025-02-09,22500.0,Cash,Success,166,866,2025-02-09
1122,1185,2025-11-13,9450.0,Debit Card,Success,162,446,2025-11-13
1123,1186,2024-05-14,37800.0,Credit Card,Success,56,708,2024-05-14
1124,1187,2024-12-21,11162.5,Credit Card,Success,172,879,2024-12-20
1125,1188,2024-12-12,12635.0,Credit Card,Success,168,51,2024-12-11
1126,1189,2026-03-23,6800.0,Upi,Success,27,848,2026-03-23
1127,1190,2024-06-02,1317.5,Credit Card,Success,169,74,2024-06-01
1128,1192,2024-11-23,2150.0,Upi,Success,19,819,2024-11-22
1129,1193,2024-12-16,10500.0,Debit Card,Success,70,18,2024-12-16
1130,1194,2025-01-02,7750.0,Credit Card,Success,16,489,2025-01-01
1131,1195,2025-05-23,1377.5,Upi,Success,170,92,2025-05-23
1132,1196,2025-02-20,4450.0,Upi,Success,134,486,2025-02-19
1133,1197,2026-02-21,6127.5,Upi,Success,87,713,2026-02-21
1134,1198,2025-10-08,4655.0,Credit Card,Success,179,710,2025-10-08
1135,1199,2024-06-11,13200.0,Debit Card,Success,18,361,2024-06-11
1136,1200,2025-05-06,4150.0,Credit Card,Success,13,2,2025-05-06
1137,1201,2025-08-30,7410.0,Credit Card,Success,80,92,2025-08-30
1138,1202,2024-09-08,7350.0,Credit Card,Success,179,226,2024-09-07
1139,1203,2025-08-03,4410.0,Credit Card,Success,179,390,2025-08-02
1140,1204,2024-06-13,21150.0,Debit Card,Success,173,212,2024-06-13
1141,1205,2025-02-27,7800.0,Upi,Success,85,772,2025-02-27
1142,1206,2025-09-18,11257.5,Debit Card,Success,146,618,2025-09-18
1143,1207,2024-09-28,6600.0,Upi,Success,174,857,2024-09-27
1144,1208,2025-06-29,26700.0,Upi,Success,134,597,2025-06-29
1145,1209,2026-06-01,2470.0,Debit Card,Success,12,491,2026-05-31
1146,1210,2024-05-16,4140.0,Upi,Success,33,39,2024-05-15
1147,1211,2024-02-26,3450.0,Upi,Success,92,110,2024-02-25
1148,1212,2025-11-24,19950.0,Debit Card,Success,1,569,2025-11-24
1149,1213,2024-07-12,4000.0,Credit Card,Success,84,407,2024-07-12
1150,1215,2025-03-02,10750.0,Net Banking,Success,178,691,2025-03-01
1151,1216,2026-05-31,3250.0,Credit Card,Success,150,52,2026-05-31
1152,1217,2024-07-11,2507.5,Debit Card,Success,82,60,2024-07-11
1153,1218,2026-02-09,4802.5,Debit Card,Success,41,204,2026-02-08
1154,1219,2024-04-20,1800.0,Debit Card,Success,3,236,2024-04-20
1155,1220,2025-01-08,19000.0,Upi,Success,110,146,2025-01-08
1156,1221,2024-02-27,12000.0,Upi,Success,45,237,2024-02-27
1157,1222,2024-02-17,3800.0,Upi,Success,76,470,2024-02-17
1158,1223,2025-11-09,17385.0,Debit Card,Success,75,54,2025-11-08
1159,1224,2025-12-09,8170.0,Debit Card,Success,67,424,2025-12-08
1160,1225,2024-08-20,11250.0,Debit Card,Success,113,158,2024-08-20
1161,1226,2024-12-17,10370.0,Upi,Success,137,289,2024-12-17
1162,1227,2026-03-25,3400.0,Upi,Pending,34,87,2026-03-24
1163,1228,2025-09-21,12255.0,Debit Card,Success,19,466,2025-09-20
1164,1229,2025-09-27,2042.5,Cash,Failed,178,364,2025-09-26
1165,1230,2024-09-17,2280.0,Upi,Success,143,466,2024-09-17
1166,1231,2024-01-03,16500.0,Debit Card,Success,51,208,2024-01-02
1167,1232,2025-09-05,7800.0,Upi,Success,85,13,2025-09-05
1168,1233,2025-09-19,5557.5,Net Banking,Success,175,459,2025-09-18
1169,1234,2024-11-20,9045.0,Credit Card,Success,69,190,2024-11-20
1170,1235,2026-06-26,2400.0,Credit Card,Success,139,86,2026-06-26
1171,1236,2024-11-27,2167.5,Credit Card,Success,106,224,2024-11-26
1172,1237,2026-01-08,2500.0,Credit Card,Success,166,419,2026-01-07
1173,1238,2024-09-22,11970.0,Upi,Success,7,662,2024-09-22
1174,1239,2025-12-23,4500.0,Credit Card,Success,17,839,2025-12-22
1175,1240,2026-06-24,3735.0,Credit Card,Success,96,552,2026-06-23
1176,1241,2024-04-23,4995.0,Debit Card,Success,68,570,2024-04-22
1177,1242,2025-05-29,13400.0,Credit Card,Success,128,453,2025-05-29
1178,1243,2026-02-05,6450.0,Debit Card,Success,31,611,2026-02-05
1179,1244,2024-07-03,4500.0,Debit Card,Success,47,18,2024-07-02
1180,1245,2026-06-21,3200.0,Upi,Success,180,887,2026-06-20
1181,1246,2024-10-11,4750.0,Debit Card,Success,135,99,2024-10-11
1182,1247,2024-01-22,1400.0,Credit Card,Success,44,724,2024-01-22
1183,1248,2025-10-08,3100.0,Credit Card,Success,46,277,2025-10-08
1184,1249,2026-05-12,6650.0,Debit Card,Success,44,676,2026-05-12
1185,1250,2024-09-07,14400.0,Debit Card,Success,143,212,2024-09-06
1186,1251,2024-03-26,11700.0,Debit Card,Success,163,117,2024-03-26
1187,1252,2024-01-02,6887.5,Credit Card,Success,170,518,2024-01-01
1188,1253,2025-09-06,5200.0,Upi,Success,123,334,2025-09-06
1189,1254,2026-02-12,9547.5,Credit Card,Success,95,846,2026-02-12
1190,1255,2025-04-24,6750.0,Credit Card,Success,105,120,2025-04-23
1191,1256,2025-05-25,98700.0,Upi,Success,173,18,2025-05-24
1192,1257,2026-06-09,3200.0,Credit Card,Success,25,142,2026-06-09
1193,1258,2025-11-19,9750.0,Debit Card,Success,163,10,2025-11-18
1194,1259,2025-02-25,16787.5,Upi,Success,78,65,2025-02-25
1195,1260,2025-07-26,6150.0,Debit Card,Success,159,872,2025-07-26
1196,1261,2026-05-09,1147.5,Upi,Success,162,352,2026-05-09
1197,1262,2024-09-28,6840.0,Credit Card,Refunded,3,812,2024-09-28
1198,1263,2024-06-16,4300.0,Upi,Success,118,41,2024-06-16
1199,1264,2025-06-17,4800.0,Debit Card,Success,57,1,2025-06-16
1200,1265,2025-07-18,6885.0,Net Banking,Success,153,755,2025-07-18
1201,1266,2026-03-18,1377.5,Credit Card,Success,4,49,2026-03-18
1202,1267,2025-02-01,10800.0,Upi,Success,143,268,2025-01-31
1203,1268,2026-02-18,2897.5,Upi,Success,5,670,2026-02-18
1204,1269,2025-01-16,6460.0,Credit Card,Success,32,49,2025-01-16
1205,1270,2025-03-09,8505.0,Net Banking,Success,103,839,2025-03-08
1206,1271,2025-09-03,2470.0,Debit Card,Success,123,141,2025-09-03
1207,1272,2025-10-13,17100.0,Debit Card,Success,76,451,2025-10-12
1208,1273,2024-08-16,1900.0,Cash,Success,84,175,2024-08-16
1209,1274,2024-12-07,2700.0,Credit Card,Success,56,105,2024-12-07
1210,1275,2026-06-08,11305.0,Upi,Success,121,243,2026-06-08
1211,1276,2025-09-25,11880.0,Debit Card,Success,83,730,2025-09-24
1212,1277,2026-05-30,35150.0,Credit Card,Success,104,119,2026-05-29
1213,1278,2024-02-18,3600.0,Credit Card,Success,154,95,2024-02-18
1214,1279,2026-06-14,18050.0,Credit Card,Success,76,115,2026-06-13
1215,1280,2024-07-28,5400.0,Credit Card,Success,60,501,2024-07-27
1216,1281,2025-06-02,18900.0,Debit Card,Success,45,832,2025-06-02
1217,1282,2025-12-02,6750.0,Debit Card,Success,47,126,2025-12-01
1218,1283,2024-02-21,3250.0,Upi,Success,145,885,2024-02-21
1219,1284,2026-01-30,38712.5,Upi,Success,42,607,2026-01-30
1220,1285,2026-06-29,14400.0,Credit Card,Success,111,269,2026-06-28
1221,1286,2025-09-02,3705.0,Upi,Success,123,234,2025-09-01
1222,1287,2025-09-01,29592.5,Net Banking,Success,134,298,2025-08-31
1223,1288,2025-03-24,16750.0,Credit Card,Success,95,844,2025-03-24
1224,1289,2024-03-14,13000.0,Net Banking,Success,150,474,2024-03-14
1225,1290,2024-03-24,11115.0,Credit Card,Success,85,769,2024-03-24
1226,1291,2025-02-05,2137.5,Upi,Success,47,744,2025-02-04
1227,1292,2025-05-19,8505.0,Debit Card,Success,21,282,2025-05-18
1228,1293,2024-02-18,12750.0,Upi,Success,38,574,2024-02-18
1229,1294,2026-02-02,5400.0,Debit Card,Success,6,773,2026-02-01
1230,1295,2026-02-01,9775.0,Upi,Success,148,247,2026-02-01
1231,1296,2024-12-23,10260.0,Debit Card,Success,110,44,2024-12-23
1232,1297,2024-11-02,2900.0,Debit Card,Success,119,212,2024-11-02
1233,1298,2025-12-07,5130.0,Upi,Success,154,411,2025-12-07
1234,1299,2024-04-02,12200.0,Debit Card,Success,75,462,2024-04-02
1235,1300,2024-04-13,35500.0,Debit Card,Success,64,403,2024-04-13
1236,1301,2025-07-12,3600.0,Credit Card,Success,167,388,2025-07-11
1237,1302,2025-11-30,22600.0,Credit Card,Success,9,108,2025-11-30
1238,1304,2024-05-27,3515.0,Upi,Success,54,433,2024-05-26
1239,1305,2024-08-24,9045.0,Credit Card,Success,55,23,2024-08-23
1240,1306,2025-06-05,7000.0,Net Banking,Success,70,893,2025-06-05
1241,1307,2026-05-16,9450.0,Upi,Success,117,273,2026-05-16
1242,1308,2024-07-27,10545.0,Upi,Success,54,605,2024-07-26
1243,1309,2024-08-15,6210.0,Credit Card,Success,73,780,2024-08-15
1244,1310,2024-07-16,4655.0,Net Banking,Refunded,164,895,2024-07-16
1245,1311,2025-11-01,6480.0,Credit Card,Success,60,88,2025-11-01
1246,1312,2025-12-25,12825.0,Upi,Success,177,606,2025-12-25
1247,1313,2025-09-29,2350.0,Upi,Success,158,317,2025-09-28
1248,1314,2025-05-01,8400.0,Upi,Success,100,262,2025-05-01
1249,1315,2024-10-24,8170.0,Debit Card,Success,178,662,2024-10-23
1250,1316,2025-03-17,2100.0,Credit Card,Failed,98,221,2025-03-17
1251,1317,2024-02-02,17955.0,Upi,Refunded,61,401,2024-02-02
1252,1318,2024-12-14,2350.0,Debit Card,Success,155,321,2024-12-13
1253,1319,2025-04-17,15255.0,Debit Card,Success,9,671,2025-04-17
1254,1320,2025-11-01,4000.0,Upi,Success,37,191,2025-11-01
1255,1321,2024-04-23,20300.0,Credit Card,Pending,141,828,2024-04-23
1256,1322,2026-02-17,8000.0,Credit Card,Success,34,189,2026-02-16
1257,1323,2025-11-12,6500.0,Credit Card,Success,150,279,2025-11-11
1258,1324,2025-10-03,10640.0,Credit Card,Success,25,231,2025-10-02
1259,1325,2024-05-17,9000.0,Upi,Success,89,848,2024-05-17
1260,1326,2025-07-04,6887.5,Upi,Success,24,175,2025-07-03
1261,1327,2025-11-21,6365.0,Upi,Success,55,475,2025-11-21
1262,1328,2026-04-21,2185.0,Credit Card,Success,23,579,2026-04-20
1263,1329,2026-01-24,43750.0,Upi,Success,136,844,2026-01-24
1264,1330,2024-10-12,2755.0,Debit Card,Success,131,448,2024-10-12
1265,1331,2026-01-01,19600.0,Debit Card,Success,44,68,2026-01-01
1266,1332,2026-02-19,1395.0,Upi,Success,16,22,2026-02-18
1267,1333,2024-01-05,22250.0,Cash,Success,134,586,2024-01-05
1268,1334,2025-01-28,15437.5,Upi,Success,161,156,2025-01-28
1269,1335,2024-01-10,6127.5,Credit Card,Success,87,308,2024-01-10
1270,1336,2024-02-11,14535.0,Upi,Success,153,836,2024-02-11
1271,1337,2025-04-02,9600.0,Credit Card,Success,25,536,2025-04-01
1272,1338,2026-04-04,11590.0,Debit Card,Success,5,194,2026-04-04
1273,1339,2024-11-26,6210.0,Credit Card,Success,148,622,2024-11-25
1274,1340,2024-05-22,3105.0,Upi,Failed,165,739,2024-05-21
1275,1342,2024-12-20,4400.0,Credit Card,Success,18,509,2024-12-20
1276,1343,2024-06-13,1750.0,Debit Card,Success,117,18,2024-06-12
1277,1344,2024-04-28,2090.0,Credit Card,Success,18,644,2024-04-28
1278,1345,2025-09-09,6150.0,Credit Card,Success,15,271,2025-09-08
1279,1346,2024-06-29,9200.0,Credit Card,Success,33,582,2024-06-28
1280,1347,2026-01-02,10050.0,Upi,Success,128,754,2026-01-02
1281,1348,2025-11-01,7200.0,Debit Card,Success,37,451,2025-11-01
1282,1349,2025-01-10,29250.0,Cash,Success,161,210,2025-01-09
1283,1350,2024-06-22,2950.0,Debit Card,Pending,82,776,2024-06-22
1284,1351,2025-12-22,10250.0,Debit Card,Success,90,716,2025-12-21
1285,1352,2025-03-28,13300.0,Credit Card,Success,70,810,2025-03-28
1286,1353,2026-04-05,5700.0,Debit Card,Success,129,580,2026-04-05
1287,1354,2026-01-13,2250.0,Upi,Success,97,561,2026-01-13
1288,1355,2025-01-01,30000.0,Credit Card,Success,45,18,2024-12-31
1289,1356,2025-09-20,4950.0,Credit Card,Success,51,560,2025-09-19
1290,1357,2026-06-03,1472.5,Net Banking,Success,46,742,2026-06-03
1291,1358,2024-12-21,1852.5,Upi,Success,26,45,2024-12-21
1292,1359,2026-06-03,2700.0,Credit Card,Success,103,53,2026-06-02
1293,1360,2025-10-20,119000.0,Upi,Success,99,55,2025-10-19
1294,1361,2024-02-20,23800.0,Upi,Success,71,34,2024-02-20
1295,1362,2026-02-15,112385.0,Upi,Success,40,779,2026-02-14
1296,1363,2025-04-23,7400.0,Net Banking,Success,94,10,2025-04-22
1297,1364,2025-06-25,33500.0,Cash,Success,114,536,2025-06-25
1298,1365,2025-03-12,2850.0,Debit Card,Success,177,525,2025-03-12
1299,1366,2025-07-02,3870.0,Credit Card,Success,87,858,2025-07-02
1300,1368,2024-06-22,4700.0,Upi,Success,172,889,2024-06-22
1301,1369,2025-08-23,34000.0,Upi,Success,99,617,2025-08-22
1302,1370,2025-11-30,9540.0,Credit Card,Success,112,635,2025-11-30
1303,1371,2026-05-08,1400.0,Credit Card,Success,77,844,2026-05-08
1304,1372,2025-12-20,4590.0,Credit Card,Success,29,635,2025-12-20
1305,1373,2026-01-27,1282.5,Upi,Success,20,834,2026-01-26
1306,1374,2025-02-17,15400.0,Upi,Success,171,889,2025-02-17
1307,1375,2025-05-26,22815.0,Debit Card,Success,40,503,2025-05-25
1308,1376,2026-02-22,2897.5,Upi,Success,140,789,2026-02-22
1309,1377,2025-06-02,3515.0,Upi,Success,93,266,2025-06-02
1310,1378,2024-06-06,15250.0,Credit Card,Success,75,446,2024-06-06
1311,1379,2025-03-28,2042.5,Upi,Success,118,209,2025-03-28
1312,1380,2025-05-07,1550.0,Credit Card,Success,16,222,2025-05-07
1313,1381,2025-05-30,2150.0,Debit Card,Success,118,688,2025-05-30
1314,1382,2025-04-06,6300.0,Credit Card,Success,133,854,2025-04-06
1315,1383,2026-05-31,3450.0,Credit Card,Success,53,347,2026-05-30
1316,1384,2025-09-13,2232.5,Upi,Success,172,711,2025-09-13
1317,1385,2026-03-07,10000.0,Cash,Success,2,356,2026-03-07
1318,1386,2024-09-20,7020.0,Debit Card,Success,175,672,2024-09-20
1319,1387,2024-06-11,4590.0,Upi,Success,20,601,2024-06-11
1320,1388,2025-04-11,10307.5,Upi,Success,46,180,2025-04-11
1321,1389,2025-03-12,4350.0,Upi,Success,126,110,2025-03-12
1322,1391,2025-08-21,6750.0,Debit Card,Success,8,185,2025-08-21
1323,1392,2026-04-28,3050.0,Credit Card,Success,109,560,2026-04-28
1324,1393,2026-06-28,3600.0,Debit Card,Failed,3,34,2026-06-28
1325,1394,2026-05-23,6412.5,Cash,Success,113,164,2026-05-23
1326,1395,2026-01-30,2000.0,Upi,Success,84,267,2026-01-29
1327,1396,2025-09-12,1450.0,Credit Card,Success,119,718,2025-09-11
1328,1397,2024-02-18,9262.5,Debit Card,Success,145,837,2024-02-18
1329,1398,2024-07-30,9250.0,Credit Card,Success,68,639,2024-07-29
1330,1399,2026-05-16,3570.0,Credit Card,Success,44,46,2026-05-16
1331,1400,2025-01-15,2660.0,Credit Card,Success,77,834,2025-01-15
1332,1401,2024-09-11,3400.0,Credit Card,Success,2,172,2024-09-10
1333,1402,2026-06-24,4300.0,Credit Card,Success,87,291,2026-06-24
1334,1403,2026-02-13,46455.0,Upi,Success,42,302,2026-02-12
1335,1404,2025-10-23,23000.0,Debit Card,Success,33,852,2025-10-22
1336,1405,2025-02-06,13870.0,Debit Card,Success,157,616,2025-02-06
1337,1406,2025-08-25,39550.0,Net Banking,Success,41,68,2025-08-25
1338,1407,2025-09-29,8000.0,Debit Card,Success,34,186,2025-09-29
1339,1408,2025-04-29,5940.0,Net Banking,Success,171,874,2025-04-29
1340,1409,2024-05-04,1305.0,Credit Card,Success,59,28,2024-05-03
1341,1410,2024-04-18,17100.0,Upi,Success,177,236,2024-04-18
1342,1411,2024-08-31,42210.0,Upi,Success,114,497,2024-08-31
1343,1412,2024-08-29,25380.0,Upi,Success,173,330,2024-08-29
1344,1413,2024-02-13,9750.0,Debit Card,Success,163,392,2024-02-12
1345,1414,2024-02-28,10665.0,Upi,Success,120,734,2024-02-28
1346,1415,2026-01-22,15580.0,Upi,Success,50,850,2026-01-22
1347,1416,2026-01-28,7000.0,Credit Card,Success,102,494,2026-01-27
1348,1417,2025-02-05,4802.5,Net Banking,Success,41,177,2025-02-05
1349,1418,2025-04-02,7267.5,Credit Card,Success,106,194,2025-04-02
1350,1419,2024-03-30,8835.0,Debit Card,Success,147,180,2024-03-30
1351,1420,2025-02-23,11100.0,Debit Card,Success,68,851,2025-02-23
1352,1421,2025-10-24,1710.0,Credit Card,Success,60,630,2025-10-24
1353,1422,2024-11-01,9642.5,Credit Card,Failed,24,89,2024-11-01
1354,1423,2025-11-05,2700.0,Debit Card,Success,103,288,2025-11-05
1355,1424,2025-12-26,3000.0,Debit Card,Success,91,11,2025-12-26
1356,1425,2026-05-27,23800.0,Credit Card,Success,29,211,2026-05-27
1357,1426,2024-11-02,2300.0,Debit Card,Success,52,733,2024-11-02
1358,1427,2025-06-19,3800.0,Credit Card,Success,108,771,2025-06-19
1359,1428,2026-06-21,3960.0,Debit Card,Success,18,485,2026-06-20
1360,1429,2025-08-01,1330.0,Credit Card,Success,77,715,2025-08-01
1361,1430,2024-06-21,10687.5,Cash,Success,89,439,2024-06-21
1362,1431,2025-01-03,6175.0,Credit Card,Success,138,379,2025-01-02
1363,1432,2025-03-20,19000.0,Cash,Success,168,13,2025-03-20
1364,1433,2024-04-04,3800.0,Credit Card,Success,72,241,2024-04-03
1365,1434,2025-03-13,4930.0,Debit Card,Success,126,867,2025-03-13
1366,1435,2026-01-15,7200.0,Credit Card,Success,139,771,2026-01-15
1367,1436,2026-02-13,16100.0,Upi,Success,142,829,2026-02-12
1368,1437,2025-09-16,4417.5,Upi,Success,16,153,2025-09-15
1369,1438,2026-05-11,16150.0,Credit Card,Success,99,21,2026-05-11
1370,1439,2025-03-31,8692.5,Debit Card,Success,109,607,2025-03-30
1371,1440,2026-03-21,15800.0,Upi,Success,35,188,2026-03-21
1372,1441,2025-06-04,1600.0,Upi,Success,111,337,2025-06-04
1373,1442,2024-11-08,3780.0,Debit Card,Success,44,714,2024-11-07
1374,1443,2024-11-27,4700.0,Upi,Success,172,653,2024-11-26
1375,1444,2026-06-04,13400.0,Cash,Success,114,31,2026-06-04
1376,1445,2025-04-30,3657.5,Upi,Success,149,596,2025-04-30
1377,1446,2025-12-20,16387.5,Debit Card,Success,53,792,2025-12-20
1378,1447,2024-06-24,2897.5,Credit Card,Refunded,75,162,2024-06-24
1379,1448,2024-11-30,9310.0,Upi,Pending,164,616,2024-11-30
1380,1449,2025-09-24,1105.0,Net Banking,Success,138,450,2025-09-23
1381,1450,2026-03-05,2340.0,Net Banking,Success,63,832,2026-03-05
1382,1451,2025-01-30,12420.0,Upi,Success,165,278,2025-01-30
1383,1452,2026-06-22,10850.0,Credit Card,Success,169,146,2026-06-22
1384,1453,2024-11-02,3942.5,Debit Card,Success,13,209,2024-11-01
1385,1454,2024-06-18,3700.0,Credit Card,Success,107,564,2024-06-18
1386,1455,2025-04-13,6127.5,Debit Card,Success,130,676,2025-04-13
1387,1456,2026-01-06,8075.0,Net Banking,Success,99,880,2026-01-06
1388,1457,2025-10-02,10250.0,Credit Card,Success,15,651,2025-10-01
1389,1458,2025-01-26,3895.0,Credit Card,Success,48,658,2025-01-25
1390,1460,2024-04-02,4300.0,Debit Card,Success,58,470,2024-04-02
1391,1462,2024-12-29,9150.0,Cash,Success,109,262,2024-12-29
1392,1463,2026-04-26,1450.0,Upi,Success,131,560,2026-04-26
1393,1464,2024-08-25,10500.0,Upi,Success,98,413,2024-08-24
1394,1465,2026-04-16,1980.0,Upi,Refunded,171,179,2026-04-16
1395,1466,2024-01-13,70000.0,Cash,Success,102,75,2024-01-12
1396,1467,2025-11-05,11160.0,Debit Card,Success,151,755,2025-11-04
1397,1469,2024-05-05,1062.5,Upi,Success,135,177,2024-05-04
1398,1470,2024-02-01,3740.0,Debit Card,Refunded,18,297,2024-01-31
1399,1471,2025-11-08,11300.0,Upi,Success,9,892,2025-11-08
1400,1472,2025-04-27,9990.0,Credit Card,Success,152,628,2025-04-26
1401,1474,2026-03-30,60200.0,Net Banking,Success,67,573,2026-03-30
1402,1475,2025-06-30,5400.0,Debit Card,Failed,2,88,2025-06-30
1403,1476,2025-05-06,6840.0,Credit Card,Success,167,751,2025-05-06
1404,1477,2024-11-22,2150.0,Debit Card,Success,19,673,2024-11-21
1405,1478,2024-06-23,4100.0,Upi,Success,90,64,2024-06-22
1406,1479,2025-06-13,3330.0,Debit Card,Success,54,471,2025-06-12
1407,1480,2025-09-15,9450.0,Credit Card,Success,70,506,2025-09-15
1408,1481,2025-12-10,2295.0,Upi,Success,106,330,2025-12-09
1409,1482,2024-03-22,72250.0,Upi,Success,99,198,2024-03-21
1410,1483,2026-01-24,9900.0,Credit Card,Failed,83,856,2026-01-24
1411,1484,2026-04-20,4150.0,Credit Card,Success,13,292,2026-04-20
1412,1485,2026-02-19,2897.5,Upi,Success,140,154,2026-02-18
1413,1486,2026-01-18,11305.0,Upi,Success,132,381,2026-01-18
1414,1487,2024-06-04,19210.0,Upi,Success,41,623,2024-06-04
1415,1488,2026-01-08,16100.0,Net Banking,Success,52,57,2026-01-08
1416,1489,2024-02-14,7050.0,Upi,Success,155,572,2024-02-13
1417,1490,2026-05-09,11610.0,Debit Card,Success,178,645,2026-05-09
1418,1491,2024-12-09,6900.0,Debit Card,Success,142,347,2024-12-09
1419,1492,2024-06-12,11520.0,Credit Card,Success,81,232,2024-06-11
1420,1493,2025-12-16,18300.0,Credit Card,Success,137,696,2025-12-15
1421,1494,2025-08-09,4680.0,Credit Card,Success,63,591,2025-08-09
1422,1495,2025-12-21,4500.0,Debit Card,Success,97,3,2025-12-20
1423,1496,2025-04-04,2660.0,Upi,Success,100,530,2025-04-04
1424,1497,2024-02-15,8312.5,Credit Card,Success,136,657,2024-02-15
1425,1498,2025-08-29,9562.5,Upi,Success,43,61,2025-08-29
1426,1499,2026-02-15,11257.5,Upi,Success,120,713,2026-02-14
1427,1500,2025-03-16,9642.5,Upi,Pending,119,358,2025-03-16
1428,1501,2024-02-15,4560.0,Credit Card,Success,143,620,2024-02-14
1429,1502,2025-09-02,3847.5,Credit Card,Success,162,359,2025-09-01
1430,1503,2025-01-14,6000.0,Debit Card,Success,127,632,2025-01-14
1431,1504,2024-11-13,1425.0,Credit Card,Success,8,459,2024-11-13
1432,1505,2025-01-09,5985.0,Upi,Success,7,73,2025-01-09
1433,1506,2025-03-10,3375.0,Debit Card,Success,135,451,2025-03-09
1434,1507,2024-09-28,9000.0,Debit Card,Success,97,271,2024-09-28
1435,1508,2024-05-06,4860.0,Debit Card,Success,21,777,2024-05-06
1436,1509,2025-03-15,6120.0,Cash,Success,32,568,2025-03-15
1437,1510,2025-12-05,25830.0,Credit Card,Success,48,249,2025-12-04
1438,1511,2024-04-12,32600.0,Upi,Success,42,27,2024-04-12
1439,1512,2024-08-05,6175.0,Credit Card,Success,145,882,2024-08-05
1440,1513,2024-09-21,5780.0,Credit Card,Success,122,243,2024-09-21
1441,1514,2024-01-23,18620.0,Credit Card,Success,65,706,2024-01-23
1442,1515,2025-05-21,6345.0,Debit Card,Success,155,606,2025-05-21
1443,1516,2025-12-07,8330.0,Cash,Success,100,59,2025-12-07
1444,1517,2024-01-31,2250.0,Debit Card,Failed,101,808,2024-01-31
1445,1518,2025-04-23,7290.0,Credit Card,Success,20,425,2025-04-23
1446,1519,2024-01-05,7030.0,Credit Card,Success,93,54,2024-01-04
1447,1520,2026-04-24,6460.0,Upi,Success,122,811,2026-04-23
1448,1521,2024-06-21,7600.0,Debit Card,Success,108,142,2024-06-20
1449,1522,2025-11-10,9262.5,Credit Card,Success,163,868,2025-11-09
1450,1523,2025-05-13,10545.0,Upi,Success,54,107,2025-05-12
1451,1524,2024-10-11,1710.0,Credit Card,Success,154,809,2024-10-11
1452,1525,2024-05-27,2517.5,Credit Card,Success,112,304,2024-05-26
1453,1526,2025-07-16,10980.0,Credit Card,Success,137,825,2025-07-15
1454,1527,2024-03-16,18050.0,Debit Card,Failed,116,448,2024-03-15
1455,1528,2024-06-15,4132.5,Upi,Success,119,765,2024-06-14
1456,1529,2025-10-27,11700.0,Credit Card,Pending,85,674,2025-10-26
1457,1530,2024-09-18,6365.0,Upi,Success,95,411,2024-09-18
1458,1531,2025-06-11,13400.0,Net Banking,Refunded,114,639,2025-06-11
1459,1532,2024-06-06,10750.0,Debit Card,Success,31,52,2024-06-06
1460,1533,2026-01-20,21500.0,Debit Card,Success,130,417,2026-01-20
1461,1534,2024-09-17,3230.0,Net Banking,Success,71,6,2024-09-17
1462,1535,2025-12-01,3870.0,Upi,Success,19,425,2025-11-30
1463,1536,2025-09-18,3610.0,Upi,Success,76,6,2025-09-18
1464,1537,2026-04-20,2805.0,Credit Card,Success,11,748,2026-04-20
1465,1538,2025-06-08,1472.5,Upi,Success,16,178,2025-06-08
1466,1539,2026-02-04,10050.0,Net Banking,Success,69,685,2026-02-03
1467,1540,2026-06-17,44100.0,Credit Card,Success,70,345,2026-06-17
1468,1541,2025-04-20,9000.0,Upi,Success,97,770,2025-04-20
1469,1543,2025-11-04,12000.0,Cash,Success,1,173,2025-11-04
1470,1544,2025-06-28,24510.0,Credit Card,Success,36,341,2025-06-27
1471,1545,2025-06-30,7400.0,Upi,Pending,93,625,2025-06-29
1472,1546,2024-06-11,8550.0,Upi,Success,129,535,2024-06-11
1473,1548,2025-10-20,5510.0,Credit Card,Failed,141,386,2025-10-20
1474,1549,2024-07-05,3277.5,Net Banking,Success,165,698,2024-07-05
1475,1550,2026-04-21,14040.0,Upi,Success,80,425,2026-04-21
1476,1551,2025-10-31,11400.0,Upi,Success,116,640,2025-10-31
1477,1552,2024-11-19,9120.0,Credit Card,Success,139,643,2024-11-19
1478,1553,2025-03-06,9600.0,Debit Card,Success,81,208,2025-03-06
1479,1554,2024-12-27,11880.0,Upi,Success,83,506,2024-12-27
1480,1555,2025-06-01,3800.0,Credit Card,Success,132,454,2025-06-01
1481,1556,2025-11-29,15750.0,Upi,Success,30,647,2025-11-28
1482,1557,2025-06-20,9500.0,Debit Card,Success,168,803,2025-06-19
1483,1558,2026-06-14,1487.5,Net Banking,Success,117,601,2026-06-13
1484,1559,2025-11-10,5300.0,Debit Card,Success,112,678,2025-11-09
1485,1560,2026-06-04,4400.0,Upi,Success,49,347,2026-06-04
1486,1561,2024-04-12,3330.0,Credit Card,Success,88,648,2024-04-12
1487,1563,2024-04-18,18500.0,Credit Card,Success,79,495,2024-04-17
1488,1564,2025-03-30,6175.0,Debit Card,Success,161,769,2025-03-30
1489,1565,2025-07-04,13600.0,Debit Card,Success,37,238,2025-07-04
1490,1566,2024-01-27,8550.0,Net Banking,Success,60,840,2024-01-26
1491,1567,2024-11-23,13400.0,Credit Card,Success,128,519,2024-11-22
1492,1568,2025-11-16,2250.0,Upi,Success,113,240,2025-11-16
1493,1569,2025-07-26,5800.0,Upi,Success,170,312,2025-07-26
1494,1571,2025-04-23,21675.0,Upi,Success,99,867,2025-04-22
1495,1573,2024-06-14,4400.0,Upi,Success,171,97,2024-06-14
1496,1574,2025-12-16,18500.0,Upi,Success,152,262,2025-12-16
1497,1575,2025-07-03,30800.0,Upi,Refunded,171,653,2025-07-02
1498,1576,2026-01-13,42500.0,Debit Card,Pending,99,725,2026-01-13
1499,1577,2024-01-02,6080.0,Upi,Success,81,765,2024-01-02
1500,1578,2025-11-27,6400.0,Upi,Refunded,57,276,2025-11-27
1501,1579,2025-05-14,9150.0,Credit Card,Success,5,97,2025-05-14
1502,1580,2024-01-28,15912.5,Debit Card,Success,55,252,2024-01-28
1503,1581,2026-04-14,2900.0,Upi,Success,141,393,2026-04-13
1504,1582,2025-10-10,2925.0,Credit Card,Success,150,777,2025-10-10
1505,1583,2025-07-14,6587.5,Net Banking,Success,46,761,2025-07-14
1506,1584,2026-06-15,6100.0,Credit Card,Refunded,124,145,2026-06-15
1507,1585,2024-10-10,4900.0,Upi,Success,179,86,2024-10-09
1508,1586,2025-04-13,18762.5,Credit Card,Success,120,604,2025-04-13
1509,1587,2025-05-22,8235.0,Credit Card,Refunded,109,98,2025-05-22
1510,1588,2025-08-20,2610.0,Upi,Success,24,67,2025-08-19
1511,1589,2025-04-13,4700.0,Debit Card,Success,158,688,2025-04-12
1512,1590,2025-10-30,12000.0,Credit Card,Success,37,885,2025-10-29
1513,1591,2026-01-30,3330.0,Upi,Refunded,104,35,2026-01-30
1514,1592,2025-12-13,2000.0,Debit Card,Success,84,851,2025-12-13
1515,1593,2024-11-18,8850.0,Upi,Success,82,757,2024-11-18
1516,1594,2024-05-11,3950.0,Credit Card,Success,35,285,2024-05-11
1517,1595,2024-05-23,5760.0,Upi,Success,25,680,2024-05-23
1518,1596,2025-06-13,3150.0,Debit Card,Success,30,816,2025-06-13
1519,1597,2024-11-07,6075.0,Debit Card,Success,103,306,2024-11-07
1520,1598,2024-10-01,14025.0,Net Banking,Success,14,748,2024-10-01
1521,1599,2024-10-10,5800.0,Credit Card,Success,141,653,2024-10-10
1522,1600,2025-02-18,20100.0,Debit Card,Success,86,577,2025-02-17
1523,1601,2025-03-02,9180.0,Net Banking,Success,27,273,2025-03-02
1524,1602,2026-02-23,5310.0,Upi,Success,82,683,2026-02-22
1525,1603,2024-06-06,8820.0,Upi,Success,100,506,2024-06-06
1526,1604,2024-08-18,6365.0,Credit Card,Success,55,676,2024-08-17
1527,1605,2025-07-05,9750.0,Debit Card,Success,145,482,2025-07-05
1528,1606,2025-11-20,7560.0,Upi,Success,22,104,2025-11-20
1529,1607,2024-05-14,1900.0,Cash,Success,121,708,2024-05-13
1530,1608,2024-01-20,30960.0,Credit Card,Success,36,396,2024-01-20
1531,1609,2024-11-27,12000.0,Credit Card,Success,37,767,2024-11-27
1532,1610,2025-09-05,60200.0,Upi,Success,36,767,2025-09-04
1533,1611,2026-05-17,2200.0,Debit Card,Success,171,113,2026-05-16
1534,1613,2025-02-02,10250.0,Credit Card,Success,90,805,2025-02-02
1535,1614,2024-08-25,10500.0,Credit Card,Success,70,221,2024-08-25
1536,1615,2026-04-25,2707.5,Net Banking,Pending,177,272,2026-04-25
1537,1616,2024-04-16,8740.0,Net Banking,Success,73,593,2024-04-16
1538,1617,2024-06-03,6660.0,Credit Card,Success,107,874,2024-06-03
1539,1618,2024-09-22,11115.0,Debit Card,Success,85,310,2024-09-21
1540,1619,2024-04-08,3330.0,Net Banking,Success,152,103,2024-04-08
1541,1620,2024-04-28,14220.0,Debit Card,Success,35,802,2024-04-28
1542,1621,2026-04-02,3050.0,Net Banking,Failed,75,95,2026-04-02
1543,1622,2026-03-02,15105.0,Upi,Success,112,488,2026-03-02
1544,1623,2025-01-23,2070.0,Credit Card,Success,148,294,2025-01-23
1545,1624,2024-08-11,9180.0,Debit Card,Success,106,612,2024-08-11
1546,1625,2024-06-29,6700.0,Debit Card,Failed,128,758,2024-06-28
1547,1626,2025-09-03,3375.0,Credit Card,Pending,135,368,2025-09-03
1548,1627,2024-12-15,12915.0,Credit Card,Success,90,680,2024-12-14
1549,1628,2026-01-12,16900.0,Debit Card,Success,40,400,2026-01-11
1550,1629,2024-02-14,1710.0,Credit Card,Success,168,282,2024-02-13
1551,1630,2025-06-08,3060.0,Upi,Pending,27,898,2025-06-08
1552,1631,2025-05-12,12000.0,Credit Card,Success,37,8,2025-05-12
1553,1632,2024-07-04,8450.0,Upi,Pending,40,291,2024-07-04
1554,1633,2024-02-02,4930.0,Credit Card,Success,24,40,2024-02-02
1555,1634,2024-09-10,8550.0,Credit Card,Failed,8,846,2024-09-09
1556,1635,2025-06-27,13300.0,Debit Card,Success,2,811,2025-06-27
1557,1636,2024-01-30,14400.0,Credit Card,Success,139,18,2024-01-30
1558,1637,2026-06-11,9135.0,Net Banking,Success,131,780,2026-06-11
1559,1638,2025-07-18,11970.0,Net Banking,Success,22,657,2025-07-17
1560,1639,2024-08-20,3087.5,Net Banking,Success,150,792,2024-08-20
1561,1640,2024-01-15,6630.0,Credit Card,Success,85,566,2024-01-15
1562,1641,2024-07-11,5700.0,Debit Card,Success,1,855,2024-07-10
1563,1642,2025-03-15,2090.0,Net Banking,Success,18,746,2025-03-15
1564,1643,2025-02-12,6030.0,Credit Card,Success,114,425,2025-02-12
1565,1644,2025-06-08,2600.0,Upi,Success,123,741,2025-06-08
1566,1645,2024-11-26,3240.0,Upi,Success,3,545,2024-11-26
1567,1646,2024-03-22,2185.0,Debit Card,Success,33,316,2024-03-22
1568,1647,2024-10-15,6500.0,Debit Card,Success,150,30,2024-10-15
1569,1648,2026-02-21,6200.0,Debit Card,Success,169,148,2026-02-20
1570,1649,2026-04-09,1260.0,Credit Card,Success,100,232,2026-04-09
1571,1650,2024-06-09,7200.0,Credit Card,Success,34,28,2024-06-09
1572,1651,2025-02-19,21090.0,Cash,Success,54,487,2025-02-19
1573,1653,2024-06-03,4800.0,Credit Card,Success,25,688,2024-06-03
1574,1654,2024-01-03,5400.0,Upi,Success,6,189,2024-01-03
1575,1656,2025-04-05,8910.0,Credit Card,Success,160,832,2025-04-05
1576,1657,2025-10-28,11257.5,Upi,Success,120,801,2025-10-28
1577,1658,2025-09-21,11400.0,Debit Card,Success,91,201,2025-09-21
1578,1659,2024-12-15,4417.5,Upi,Success,46,675,2024-12-14
1579,1660,2024-11-25,8200.0,Debit Card,Success,15,417,2024-11-24
1580,1661,2025-01-30,3510.0,Upi,Success,123,648,2025-01-30
1581,1662,2026-06-09,7410.0,Net Banking,Success,163,530,2026-06-08
1582,1663,2024-11-15,23100.0,Upi,Success,11,30,2024-11-15
1583,1664,2024-07-31,7552.5,Upi,Success,112,353,2024-07-31
1584,1665,2024-04-15,11500.0,Net Banking,Success,142,207,2024-04-15
1585,1666,2024-02-12,19380.0,Debit Card,Success,71,684,2024-02-12
1586,1667,2026-06-12,3800.0,Upi,Success,37,500,2026-06-11
1587,1668,2025-02-06,24225.0,Credit Card,Success,99,629,2025-02-05
1588,1670,2025-02-27,7900.0,Upi,Success,146,429,2025-02-27
1589,1671,2026-06-15,5700.0,Net Banking,Success,127,184,2026-06-15
1590,1672,2024-03-16,5100.0,Debit Card,Success,29,309,2024-03-15
1591,1673,2026-05-27,12800.0,Net Banking,Success,180,685,2026-05-27
1592,1674,2025-12-16,2150.0,Credit Card,Success,118,25,2025-12-15
1593,1675,2026-01-18,15050.0,Upi,Success,178,58,2026-01-18
1594,1676,2024-01-13,2025.0,Net Banking,Pending,105,646,2024-01-13
1595,1677,2024-01-28,15770.0,Upi,Success,13,738,2024-01-28
1596,1678,2026-05-19,1955.0,Upi,Success,148,391,2026-05-19
1597,1679,2025-12-15,3600.0,Cash,Success,3,873,2025-12-15
1598,1680,2024-10-13,19800.0,Upi,Success,14,117,2024-10-13
1599,1681,2024-03-21,7020.0,Credit Card,Success,85,299,2024-03-20
1600,1682,2026-01-22,9800.0,Debit Card,Success,164,776,2026-01-21
1601,1683,2024-12-15,6030.0,Debit Card,Success,55,854,2024-12-14
1602,1684,2024-02-21,1567.5,Net Banking,Success,160,655,2024-02-21
1603,1685,2025-07-16,1232.5,Credit Card,Success,24,623,2025-07-16
1604,1686,2024-04-19,19600.0,Debit Card,Success,100,435,2024-04-19
1605,1687,2025-11-11,7650.0,Credit Card,Success,106,68,2025-11-10
1606,1688,2025-07-07,3895.0,Upi,Pending,90,433,2025-07-06
1607,1689,2026-02-27,10170.0,Credit Card,Success,41,398,2026-02-27
1608,1691,2026-03-18,22942.5,Credit Card,Success,53,162,2026-03-18
1609,1692,2026-04-10,17700.0,Debit Card,Success,82,129,2026-04-10
1610,1693,2024-01-08,2925.0,Upi,Success,145,484,2024-01-08
1611,1694,2025-05-11,12635.0,Credit Card,Success,121,467,2025-05-10
1612,1695,2025-05-07,1190.0,Credit Card,Success,100,204,2025-05-07
1613,1696,2024-05-25,20092.5,Credit Card,Pending,173,298,2024-05-24
1614,1697,2026-05-04,15200.0,Debit Card,Success,110,124,2026-05-04
1615,1698,2025-02-20,15000.0,Upi,Success,156,625,2025-02-20
1616,1699,2025-12-30,2150.0,Upi,Success,118,640,2025-12-30
1617,1700,2025-04-14,6450.0,Cash,Success,178,292,2025-04-14
1618,1702,2024-02-03,5227.5,Net Banking,Success,90,574,2024-02-03
1619,1703,2024-08-13,8170.0,Credit Card,Success,130,513,2024-08-13
1620,1704,2025-01-28,28595.0,Credit Card,Success,130,424,2025-01-28
1621,1705,2025-12-10,4650.0,Net Banking,Success,169,418,2025-12-10
1622,1708,2026-02-23,3700.0,Upi,Success,54,844,2026-02-23
1623,1709,2024-08-28,13680.0,Credit Card,Success,108,866,2024-08-28
1624,1710,2025-06-22,2945.0,Upi,Success,151,241,2025-06-22
1625,1711,2024-06-27,7200.0,Credit Card,Success,60,344,2024-06-26
1626,1712,2024-08-23,3700.0,Net Banking,Success,68,724,2024-08-23
1627,1713,2025-06-08,58800.0,Net Banking,Success,22,144,2025-06-08
1628,1714,2026-02-27,6000.0,Debit Card,Success,1,893,2026-02-26
1629,1715,2024-01-10,11200.0,Cash,Success,111,510,2024-01-09
1630,1716,2024-11-11,6100.0,Debit Card,Success,109,621,2024-11-11
1631,1717,2025-12-08,3697.5,Credit Card,Success,131,508,2025-12-07
1632,1718,2024-01-26,11400.0,Debit Card,Success,168,407,2024-01-26
1633,1719,2025-06-11,5415.0,Debit Card,Pending,132,12,2025-06-11
1634,1720,2026-01-01,11250.0,Debit Card,Success,156,1,2026-01-01
1635,1721,2025-05-07,23850.0,Debit Card,Failed,112,331,2025-05-06
1636,1722,2025-06-28,10500.0,Upi,Success,8,75,2025-06-28
1637,1723,2025-08-08,81700.0,Credit Card,Success,36,605,2025-08-08
1638,1724,2025-06-23,7380.0,Upi,Success,15,894,2025-06-22
1639,1725,2025-04-02,5510.0,Credit Card,Success,126,358,2025-04-02
1640,1726,2024-12-14,3375.0,Upi,Success,17,660,2024-12-14
1641,1728,2024-06-22,3182.5,Upi,Success,128,655,2024-06-21
1642,1729,2025-04-07,7220.0,Upi,Success,121,812,2025-04-07
1643,1730,2025-01-11,10972.5,Debit Card,Success,174,796,2025-01-11
1644,1731,2024-08-12,2500.0,Net Banking,Success,17,288,2024-08-12
1645,1732,2025-11-13,3350.0,Net Banking,Success,69,519,2025-11-13
1646,1734,2025-11-09,4845.0,Upi,Success,122,374,2025-11-09
1647,1735,2025-11-03,2660.0,Upi,Success,65,308,2025-11-03
1648,1736,2024-11-22,3330.0,Credit Card,Success,93,739,2024-11-22
1649,1737,2026-02-15,1567.5,Upi,Success,51,581,2026-02-15
1650,1738,2025-10-12,8100.0,Upi,Success,89,683,2025-10-12
1651,1739,2024-04-22,6600.0,Credit Card,Refunded,174,136,2024-04-22
1652,1740,2024-12-18,7437.5,Upi,Success,17,143,2024-12-17
1653,1741,2024-04-13,4100.0,Debit Card,Success,62,673,2024-04-12
1654,1742,2025-01-24,2090.0,Debit Card,Success,171,353,2025-01-24
1655,1743,2024-09-22,7600.0,Net Banking,Success,111,42,2024-09-22
1656,1744,2024-12-18,11520.0,Net Banking,Success,81,774,2024-12-18
1657,1745,2025-04-12,13400.0,Debit Card,Success,114,257,2025-04-11
1658,1747,2024-09-20,5800.0,Credit Card,Success,131,803,2024-09-20
1659,1748,2024-09-04,9450.0,Upi,Success,61,634,2024-09-03
1660,1749,2026-04-21,6600.0,Credit Card,Success,174,721,2026-04-20
1661,1750,2025-07-23,9690.0,Upi,Success,10,316,2025-07-23
1662,1751,2025-02-14,4940.0,Debit Card,Success,12,880,2025-02-14
1663,1753,2024-10-19,11070.0,Upi,Success,50,88,2024-10-19
1664,1754,2025-12-03,79100.0,Upi,Success,41,681,2025-12-03
1665,1755,2025-11-20,4465.0,Debit Card,Success,155,130,2025-11-20
1666,1756,2024-05-25,4200.0,Credit Card,Success,22,762,2024-05-24
1667,1757,2025-11-27,30500.0,Credit Card,Success,124,117,2025-11-26
1668,1758,2026-01-28,8100.0,Upi,Success,21,383,2026-01-28
1669,1759,2026-01-30,6630.0,Credit Card,Success,63,574,2026-01-30
1670,1761,2026-03-11,9000.0,Debit Card,Success,105,702,2026-03-10
1671,1762,2024-04-08,7800.0,Credit Card,Success,63,851,2024-04-08
1672,1763,2024-03-02,3705.0,Upi,Success,80,164,2024-03-02
1673,1764,2025-12-03,19035.0,Upi,Success,173,397,2025-12-02
1674,1765,2024-11-09,3800.0,Cash,Success,110,494,2024-11-09
1675,1766,2025-04-12,6150.0,Credit Card,Success,62,276,2025-04-12
1676,1767,2025-06-25,4845.0,Credit Card,Success,29,800,2025-06-25
1677,1768,2024-12-19,3500.0,Upi,Success,30,615,2024-12-18
1678,1769,2024-09-03,1350.0,Debit Card,Failed,103,110,2024-09-03
1679,1770,2024-08-01,9405.0,Upi,Success,51,558,2024-07-31
1680,1772,2025-11-28,10750.0,Credit Card,Success,118,427,2025-11-27
1681,1773,2025-05-06,2520.0,Credit Card,Failed,65,398,2025-05-05
1682,1774,2025-07-26,4500.0,Credit Card,Success,8,285,2025-07-26
1683,1775,2024-05-28,10200.0,Net Banking,Success,153,117,2024-05-28
1684,1776,2025-01-21,3510.0,Credit Card,Success,176,149,2025-01-21
1685,1777,2025-07-04,11025.0,Upi,Success,179,598,2025-07-03
1686,1778,2025-06-17,13800.0,Credit Card,Failed,148,489,2025-06-17
1687,1779,2024-05-07,5795.0,Net Banking,Pending,140,875,2024-05-07
1688,1780,2025-03-20,15075.0,Credit Card,Success,55,648,2025-03-19
1689,1781,2024-12-26,8835.0,Upi,Success,46,763,2024-12-26
1690,1782,2024-03-31,20100.0,Credit Card,Success,55,539,2024-03-31
1691,1783,2025-10-21,10050.0,Upi,Success,128,79,2025-10-20
1692,1784,2024-07-18,10212.5,Upi,Success,31,822,2024-07-18
1693,1785,2024-09-05,15485.0,Net Banking,Success,42,616,2024-09-05
1694,1786,2025-11-27,14725.0,Credit Card,Success,151,562,2025-11-27
1695,1787,2026-03-06,4500.0,Net Banking,Success,113,829,2026-03-06
1696,1788,2026-05-02,25270.0,Upi,Success,108,184,2026-05-02
1697,1789,2024-09-21,18500.0,Credit Card,Success,54,741,2024-09-21
1698,1790,2025-09-05,2610.0,Upi,Success,170,755,2025-09-04
1699,1791,2025-04-20,1900.0,Upi,Success,72,747,2025-04-20
1700,1792,2024-12-02,2900.0,Debit Card,Success,24,429,2024-12-02
1701,1793,2024-05-03,4300.0,Cash,Success,58,724,2024-05-03
1702,1794,2025-12-06,6887.5,Credit Card,Success,59,831,2025-12-05
1703,1795,2024-04-12,7410.0,Credit Card,Success,80,298,2024-04-12
1704,1796,2024-01-08,3145.0,Cash,Success,79,450,2024-01-08
1705,1797,2024-10-07,2300.0,Debit Card,Success,148,292,2024-10-07
1706,1798,2024-11-14,18762.5,Credit Card,Success,35,308,2024-11-14
1707,1799,2024-01-28,5900.0,Debit Card,Success,82,393,2024-01-28
1708,1800,2025-03-19,3050.0,Credit Card,Success,109,615,2025-03-19
1709,1801,2025-10-02,13940.0,Net Banking,Success,50,624,2025-10-02
1710,1802,2024-01-03,21150.0,Credit Card,Refunded,173,182,2024-01-03
1711,1803,2025-01-14,3187.5,Credit Card,Success,135,391,2025-01-14
1712,1805,2024-10-02,7290.0,Net Banking,Success,6,592,2024-10-02
1713,1806,2026-05-13,4860.0,Upi,Success,3,255,2026-05-13
1714,1808,2026-02-19,5890.0,Upi,Success,151,349,2026-02-19
1715,1809,2025-11-14,7950.0,Net Banking,Success,112,441,2025-11-13
1716,1810,2024-01-24,1520.0,Credit Card,Refunded,111,599,2024-01-23
1717,1812,2024-12-12,14297.5,Upi,Success,130,433,2024-12-12
1718,1813,2025-08-12,6100.0,Debit Card,Success,5,285,2025-08-12
1719,1814,2026-04-24,8787.5,Upi,Success,68,183,2026-04-24
1720,1815,2024-11-03,4000.0,Credit Card,Success,34,339,2024-11-03
1721,1816,2026-06-15,1805.0,Debit Card,Success,132,809,2026-06-14
1722,1817,2026-06-09,16150.0,Credit Card,Success,99,201,2026-06-08
1723,1819,2024-10-28,3610.0,Credit Card,Success,129,881,2024-10-28
1724,1820,2025-03-01,11685.0,Upi,Success,50,766,2025-02-28
1725,1821,2026-01-27,5400.0,Upi,Success,60,108,2026-01-26
1726,1822,2024-02-18,1440.0,Debit Card,Success,57,859,2024-02-18
1727,1823,2025-02-01,3562.5,Credit Card,Success,101,456,2025-02-01
1728,1824,2025-12-01,9225.0,Upi,Success,62,293,2025-12-01
1729,1825,2025-04-21,1445.0,Debit Card,Success,122,289,2025-04-21
1730,1826,2024-12-25,4370.0,Upi,Success,23,78,2024-12-25
1731,1827,2026-03-26,25200.0,Debit Card,Success,102,366,2026-03-26
1732,1828,2026-06-05,35700.0,Cash,Success,106,441,2026-06-04
1733,1829,2024-03-21,4680.0,Cash,Success,63,835,2024-03-21
1734,1830,2025-07-14,2950.0,Debit Card,Success,82,515,2025-07-14
1735,1831,2025-06-06,7500.0,Upi,Success,166,419,2025-06-06
1736,1832,2024-01-17,7900.0,Credit Card,Success,35,378,2024-01-17
1737,1833,2025-12-09,9000.0,Upi,Success,47,589,2025-12-09
1738,1834,2024-06-27,1947.5,Net Banking,Success,15,364,2024-06-27
1739,1835,2025-07-19,4350.0,Credit Card,Success,24,260,2025-07-19
1740,1836,2025-09-12,23800.0,Upi,Success,27,18,2025-09-12
1741,1837,2024-04-07,3450.0,Cash,Success,53,376,2024-04-07
1742,1838,2026-03-02,1282.5,Debit Card,Success,21,358,2026-03-01
1743,1839,2024-12-02,6600.0,Cash,Failed,160,827,2024-12-01
1744,1840,2025-01-19,21000.0,Credit Card,Success,133,860,2025-01-19
1745,1841,2025-08-24,28975.0,Net Banking,Success,137,781,2025-08-24
1746,1842,2024-09-22,3562.5,Credit Card,Success,156,837,2024-09-22
1747,1843,2026-05-10,3230.0,Debit Card,Success,27,178,2026-05-10
1748,1844,2024-09-12,6210.0,Credit Card,Success,165,365,2024-09-12
1749,1845,2025-03-28,2115.0,Debit Card,Success,172,730,2025-03-27
1750,1846,2025-03-19,25900.0,Net Banking,Success,79,334,2025-03-18
1751,1848,2025-10-18,2350.0,Upi,Success,158,96,2025-10-18
1752,1849,2025-07-02,1900.0,Upi,Success,129,129,2025-07-02
1753,1850,2024-05-30,7380.0,Upi,Success,50,647,2024-05-29
1754,1851,2025-10-10,3800.0,Upi,Success,34,779,2025-10-10
1755,1852,2026-05-15,5805.0,Credit Card,Success,87,631,2026-05-15
1756,1853,2024-12-05,6840.0,Debit Card,Success,132,823,2024-12-05
1757,1854,2025-07-19,2025.0,Upi,Success,47,269,2025-07-19
1758,1855,2024-02-12,12600.0,Credit Card,Success,22,650,2024-02-12
1759,1856,2024-12-03,15000.0,Debit Card,Success,91,442,2024-12-03
1760,1857,2025-10-01,13300.0,Cash,Success,100,675,2025-09-30
1761,1858,2026-06-07,14700.0,Upi,Success,98,10,2026-06-07
1762,1859,2025-06-06,18525.0,Upi,Success,85,125,2025-06-05
1763,1860,2025-08-07,8170.0,Debit Card,Success,19,604,2025-08-06
1764,1861,2024-09-02,2900.0,Upi,Success,24,754,2024-09-02
1765,1862,2024-01-10,4650.0,Upi,Success,66,886,2024-01-09
1766,1863,2024-06-19,4350.0,Credit Card,Success,170,679,2024-06-19
1767,1864,2024-06-06,11100.0,Debit Card,Success,54,43,2024-06-06
1768,1865,2025-05-29,2700.0,Debit Card,Success,103,286,2025-05-29
1769,1866,2024-03-22,1852.5,Upi,Failed,163,206,2024-03-22
1770,1867,2024-10-08,2042.5,Debit Card,Success,118,284,2024-10-08
1771,1868,2026-05-09,8170.0,Debit Card,Success,31,809,2026-05-09
1772,1869,2026-03-08,14820.0,Credit Card,Failed,80,115,2026-03-08
1773,1870,2024-12-25,9737.5,Upi,Success,48,63,2024-12-25
1774,1871,2024-06-25,6250.0,Debit Card,Success,135,288,2024-06-25
1775,1872,2025-03-22,15960.0,Upi,Failed,22,824,2025-03-22
1776,1873,2026-05-08,6800.0,Debit Card,Success,57,450,2026-05-08
1777,1875,2026-07-01,15912.5,Debit Card,Success,69,766,2026-06-30
1778,1876,2026-05-24,1567.5,Upi,Success,160,588,2026-05-23
1779,1877,2024-06-07,1850.0,Net Banking,Success,94,756,2024-06-06
1780,1878,2025-05-24,2950.0,Upi,Success,82,563,2025-05-24
1781,1879,2024-10-23,8550.0,Net Banking,Success,1,457,2024-10-22
1782,1880,2024-03-07,3735.0,Upi,Success,96,380,2024-03-07
1783,1881,2024-10-09,6975.0,Debit Card,Success,46,533,2024-10-09
1784,1882,2025-01-23,8287.5,Debit Card,Success,150,38,2025-01-23
1785,1883,2025-07-04,4000.0,Credit Card,Success,127,105,2025-07-03
1786,1884,2026-05-29,37240.0,Debit Card,Success,125,415,2026-05-29
1787,1885,2025-11-11,12920.0,Credit Card,Success,32,342,2025-11-10
1788,1886,2024-06-26,18500.0,Debit Card,Success,94,480,2024-06-26
1789,1887,2026-06-16,13430.0,Credit Card,Success,120,220,2026-06-15
1790,1888,2026-02-07,10687.5,Credit Card,Success,89,498,2026-02-06
1791,1889,2024-09-01,19000.0,Upi,Success,168,806,2024-09-01
1792,1890,2025-10-10,13175.0,Credit Card,Refunded,66,748,2025-10-10
1793,1891,2026-01-01,11100.0,Credit Card,Success,88,43,2025-12-31
1794,1892,2026-04-24,8692.5,Credit Card,Success,5,80,2026-04-24
1795,1893,2025-04-17,7500.0,Credit Card,Success,166,277,2025-04-16
1796,1894,2024-06-08,8787.5,Upi,Success,94,593,2024-06-08
1797,1896,2024-03-01,11257.5,Upi,Success,35,547,2024-02-29
1798,1897,2024-01-08,8360.0,Net Banking,Success,49,49,2024-01-08
1799,1898,2024-11-18,11257.5,Upi,Success,146,424,2024-11-17
1800,1899,2024-01-12,6650.0,Credit Card,Success,117,690,2024-01-12
1801,1900,2026-05-21,4465.0,Debit Card,Success,172,426,2026-05-20
1802,1901,2025-02-03,3087.5,Upi,Success,150,107,2025-02-03
1803,1902,2024-11-26,14962.5,Net Banking,Success,97,85,2024-11-26
1804,1903,2024-09-28,22050.0,Credit Card,Success,70,387,2024-09-27
1805,1904,2025-11-13,2327.5,Credit Card,Success,179,351,2025-11-12
1806,1905,2025-10-20,2850.0,Net Banking,Success,177,608,2025-10-20
1807,1906,2025-01-26,13387.5,Net Banking,Refunded,43,29,2025-01-26
1808,1907,2024-07-09,16800.0,Debit Card,Success,139,213,2024-07-08
1809,1908,2025-08-09,15200.0,Debit Card,Success,108,678,2025-08-09
1810,1909,2024-03-08,6150.0,Credit Card,Success,48,97,2024-03-08
1811,1910,2026-04-13,7020.0,Debit Card,Success,12,232,2026-04-13
1812,1911,2024-04-22,3990.0,Upi,Success,22,411,2024-04-21
1813,1912,2026-01-06,5600.0,Credit Card,Success,125,661,2026-01-06
1814,1913,2026-01-25,8502.5,Credit Card,Success,144,588,2026-01-25
1815,1914,2024-09-10,24850.0,Credit Card,Success,64,653,2024-09-09
1816,1915,2026-01-23,2755.0,Cash,Success,131,467,2026-01-22
1817,1916,2024-03-26,7030.0,Credit Card,Success,93,460,2024-03-25
1818,1917,2025-12-24,2835.0,Debit Card,Success,7,898,2025-12-23
1819,1918,2025-10-12,18300.0,Net Banking,Success,124,580,2025-10-12
1820,1919,2026-05-28,2992.5,Credit Card,Success,7,197,2026-05-27
1821,1920,2025-01-27,2900.0,Credit Card,Success,24,402,2025-01-26
1822,1921,2024-03-03,3800.0,Upi,Success,72,230,2024-03-03
1823,1922,2026-02-17,1305.0,Upi,Success,59,232,2026-02-17
1824,1923,2024-09-27,8550.0,Credit Card,Success,1,310,2024-09-27
1825,1924,2025-07-08,2025.0,Upi,Success,89,397,2025-07-08
1826,1925,2026-04-02,2150.0,Upi,Success,31,108,2026-04-02
1827,1926,2025-03-05,6450.0,Credit Card,Success,39,525,2025-03-04
1828,1927,2024-01-27,15400.0,Debit Card,Success,149,11,2024-01-26
1829,1928,2025-08-27,10800.0,Upi,Success,167,736,2025-08-27
1830,1929,2026-06-23,4462.5,Credit Card,Success,117,450,2026-06-23
1831,1930,2025-08-26,25460.0,Upi,Success,114,72,2025-08-26
1832,1931,2025-02-21,3230.0,Credit Card,Success,168,172,2025-02-20
1833,1932,2024-08-24,10500.0,Cash,Success,98,24,2024-08-23
1834,1933,2024-08-21,13870.0,Credit Card,Success,157,353,2024-08-20
1835,1934,2024-12-17,20750.0,Debit Card,Success,13,34,2024-12-17
1836,1935,2024-09-08,17325.0,Upi,Failed,149,647,2024-09-08
1837,1936,2024-11-27,33500.0,Cash,Success,114,421,2024-11-27
1838,1937,2025-07-17,3135.0,Credit Card,Success,115,558,2025-07-17
1839,1938,2025-05-08,14500.0,Upi,Refunded,24,637,2025-05-07
1840,1939,2024-05-14,5700.0,Credit Card,Success,121,580,2024-05-14
1841,1940,2025-08-05,6412.5,Upi,Success,105,178,2025-08-04
1842,1941,2025-07-25,1900.0,Credit Card,Success,121,5,2025-07-24
1843,1942,2024-06-12,1900.0,Credit Card,Success,168,771,2024-06-12
1844,1943,2025-09-26,2205.0,Credit Card,Success,179,70,2025-09-26
1845,1944,2024-12-30,5850.0,Upi,Success,175,697,2024-12-30
1846,1945,2024-10-27,2200.0,Credit Card,Success,49,207,2024-10-26
1847,1946,2025-12-25,18050.0,Debit Card,Success,110,51,2025-12-25
1848,1948,2025-01-08,4650.0,Upi,Success,28,580,2025-01-08
1849,1949,2024-05-03,33800.0,Upi,Success,40,563,2024-05-02
1850,1950,2025-10-24,2470.0,Upi,Failed,123,600,2025-10-24
1851,1951,2025-10-23,2185.0,Cash,Pending,73,616,2025-10-23
1852,1952,2024-11-03,7110.0,Credit Card,Success,120,847,2024-11-02
1853,1953,2025-04-26,10000.0,Credit Card,Success,166,445,2025-04-26
1854,1954,2026-05-30,3697.5,Net Banking,Success,119,532,2026-05-30
1855,1955,2026-05-04,14725.0,Upi,Success,147,49,2026-05-04
1856,1956,2024-02-21,8300.0,Credit Card,Success,13,582,2024-02-21
1857,1957,2025-02-20,1935.0,Credit Card,Success,178,854,2025-02-19
1858,1958,2026-02-17,13400.0,Credit Card,Success,69,851,2026-02-17
1859,1959,2025-02-09,3750.0,Upi,Success,17,265,2025-02-09
1860,1960,2025-09-18,11115.0,Cash,Success,85,626,2025-09-17
1861,1961,2026-02-19,6660.0,Upi,Success,107,701,2026-02-19
1862,1962,2024-06-20,14670.0,Upi,Success,42,760,2024-06-19
1863,1963,2025-03-18,1750.0,Upi,Success,117,417,2025-03-18
1864,1964,2024-11-22,23100.0,Upi,Success,14,732,2024-11-21
1865,1965,2025-03-19,10545.0,Debit Card,Success,94,831,2025-03-19
1866,1966,2024-10-10,16750.0,Upi,Success,55,758,2024-10-10
1867,1967,2024-12-09,17750.0,Credit Card,Success,64,848,2024-12-08
1868,1968,2024-08-01,2610.0,Upi,Success,59,434,2024-08-01
1869,1969,2024-02-26,3825.0,Debit Card,Success,89,46,2024-02-26
1870,1970,2025-01-10,16750.0,Net Banking,Success,128,56,2025-01-09
1871,1971,2025-11-22,7400.0,Credit Card,Success,88,403,2025-11-22
1872,1972,2025-05-12,1147.5,Debit Card,Success,20,601,2025-05-12
1873,1973,2026-06-15,10050.0,Credit Card,Success,86,709,2026-06-14
1874,1974,2025-10-09,4000.0,Net Banking,Success,72,420,2025-10-08
1875,1975,2025-01-09,3200.0,Credit Card,Success,111,244,2025-01-08
1876,1976,2025-01-02,10830.0,Net Banking,Success,108,610,2025-01-02
1877,1977,2026-02-03,8190.0,Debit Card,Success,12,81,2026-02-02
1878,1978,2025-06-22,5557.5,Debit Card,Success,26,551,2025-06-21
1879,1979,2025-07-03,8190.0,Debit Card,Success,176,362,2025-07-02
1880,1980,2024-06-29,9642.5,Cash,Success,4,491,2024-06-29
1881,1981,2025-04-03,4100.0,Credit Card,Refunded,50,470,2025-04-03
1882,1982,2025-09-10,12682.5,Upi,Refunded,134,779,2025-09-10
1883,1983,2025-02-26,2700.0,Credit Card,Success,21,267,2025-02-25
1884,1984,2024-12-11,4972.5,Credit Card,Success,26,87,2024-12-11
1885,1986,2024-02-04,83125.0,Credit Card,Success,136,855,2024-02-03
1886,1987,2024-07-23,6000.0,Credit Card,Success,127,705,2024-07-23
1887,1988,2024-05-27,20500.0,Credit Card,Pending,15,142,2024-05-27
1888,1989,2025-11-12,1305.0,Debit Card,Success,141,864,2025-11-12
1889,1991,2025-08-18,2150.0,Cash,Success,58,321,2025-08-17
1890,1992,2025-10-21,16625.0,Upi,Success,70,424,2025-10-21
1891,1993,2024-05-28,7220.0,Cash,Success,116,797,2024-05-28
1892,1994,2025-01-16,20145.0,Upi,Success,120,463,2025-01-16
1893,1996,2024-08-10,16800.0,Debit Card,Success,125,540,2024-08-10
1894,1997,2024-05-24,16425.0,Cash,Success,157,331,2024-05-23
1895,1998,2025-07-22,6175.0,Debit Card,Success,138,558,2025-07-22
1896,1999,2025-06-29,30420.0,Debit Card,Success,40,390,2025-06-29
1897,2000,2024-03-29,7875.0,Upi,Success,117,802,2024-03-28
1898,2001,2024-05-08,9000.0,Cash,Success,97,674,2024-05-08
1899,2002,2024-09-25,6887.5,Cash,Success,24,203,2024-09-25
1900,2003,2024-03-28,2880.0,Upi,Success,81,652,2024-03-28
1901,2004,2026-03-22,8500.0,Credit Card,Success,99,465,2026-03-22
1902,2005,2026-02-20,11900.0,Debit Card,Success,122,129,2026-02-20
1903,2006,2024-01-29,7220.0,Credit Card,Success,116,272,2024-01-28
1904,2007,2024-04-19,11875.0,Upi,Success,101,766,2024-04-19
1905,2008,2024-08-17,6840.0,Upi,Success,116,360,2024-08-17
1906,2009,2024-03-24,5795.0,Debit Card,Success,137,618,2024-03-24
1907,2010,2024-01-22,21375.0,Debit Card,Success,113,298,2024-01-22
1908,2011,2024-01-13,17750.0,Cash,Success,64,416,2024-01-13
1909,2012,2025-10-31,9300.0,Upi,Success,147,318,2025-10-31
1910,2013,2026-05-02,13600.0,Upi,Success,10,285,2026-05-02
1911,2014,2024-10-14,6480.0,Credit Card,Success,60,682,2024-10-13
1912,2015,2024-04-22,8775.0,Upi,Success,175,28,2024-04-21
1913,2016,2025-08-20,29250.0,Debit Card,Success,161,414,2025-08-20
1914,2017,2025-04-11,7900.0,Credit Card,Failed,146,890,2025-04-10
1915,2018,2026-04-11,5227.5,Debit Card,Success,90,867,2026-04-11
1916,2019,2025-11-10,40320.0,Debit Card,Failed,180,81,2025-11-10
1917,2020,2025-03-16,7400.0,Upi,Success,94,573,2025-03-16
1918,2021,2024-05-20,5937.5,Debit Card,Success,101,715,2024-05-19
1919,2022,2025-10-05,3515.0,Upi,Success,93,498,2025-10-05
1920,2023,2026-01-11,70000.0,Upi,Success,102,408,2026-01-11
1921,2024,2025-02-02,10450.0,Debit Card,Success,171,83,2025-02-02
1922,2025,2025-07-30,7000.0,Upi,Success,65,790,2025-07-29
1923,2026,2025-06-08,24600.0,Credit Card,Success,50,544,2025-06-08
1924,2027,2024-03-16,5940.0,Net Banking,Success,171,269,2024-03-16
1925,2028,2026-01-13,3750.0,Credit Card,Success,156,142,2026-01-12
1926,2029,2025-02-12,28900.0,Credit Card,Success,99,65,2025-02-11
1927,2030,2025-03-22,3050.0,Credit Card,Success,109,519,2025-03-22
1928,2031,2024-05-31,2070.0,Upi,Success,148,683,2024-05-30
1929,2032,2026-04-04,1750.0,Credit Card,Success,117,105,2026-04-04
1930,2033,2024-11-16,10575.0,Upi,Success,158,425,2024-11-16
1931,2035,2024-09-21,8455.0,Upi,Success,134,26,2024-09-20
1932,2036,2025-12-16,18300.0,Upi,Success,124,544,2025-12-16
1933,2037,2024-08-29,3500.0,Debit Card,Success,30,423,2024-08-29
1934,2038,2025-07-02,11210.0,Upi,Refunded,82,353,2025-07-02
1935,2039,2026-05-23,6075.0,Debit Card,Success,89,70,2026-05-23
1936,2040,2024-12-29,10830.0,Credit Card,Success,168,475,2024-12-29
1937,2041,2025-07-11,6300.0,Upi,Pending,102,256,2025-07-10
1938,2042,2025-04-22,1400.0,Debit Card,Success,44,819,2025-04-22
1939,2043,2024-06-01,1900.0,Upi,Success,121,137,2024-06-01
1940,2044,2025-11-29,5220.0,Upi,Success,126,628,2025-11-29
1941,2045,2024-12-05,27450.0,Credit Card,Success,5,19,2024-12-05
1942,2046,2024-08-01,53200.0,Net Banking,Success,108,11,2024-07-31
1943,2047,2024-10-06,2205.0,Upi,Success,164,282,2024-10-05
1944,2049,2024-07-30,2000.0,Upi,Success,72,259,2024-07-30
1945,2050,2024-04-12,5130.0,Upi,Success,168,98,2024-04-12
1946,2051,2024-04-08,10000.0,Upi,Success,2,326,2024-04-08
1947,2052,2024-05-05,13855.0,Upi,Success,42,726,2024-05-05
1948,2053,2025-04-11,3900.0,Debit Card,Success,163,312,2025-04-11
1949,2054,2026-02-04,8787.5,Debit Card,Success,94,48,2026-02-03
1950,2055,2025-07-10,1472.5,Net Banking,Success,46,412,2025-07-10
1951,2056,2025-06-04,3700.0,Credit Card,Success,152,483,2025-06-03
1952,2057,2024-08-13,32000.0,Debit Card,Success,180,337,2024-08-13
1953,2058,2025-03-29,7200.0,Debit Card,Success,127,614,2025-03-29
1954,2059,2025-04-23,24000.0,Upi,Refunded,37,453,2025-04-23
1955,2060,2025-11-06,2250.0,Net Banking,Success,43,186,2025-11-06
1956,2061,2024-10-05,1950.0,Cash,Success,175,767,2024-10-05
1957,2062,2024-10-14,1550.0,Upi,Success,28,759,2024-10-14
1958,2063,2025-12-13,22410.0,Credit Card,Success,13,802,2025-12-13
1959,2064,2026-01-22,34010.0,Debit Card,Refunded,144,882,2026-01-21
1960,2065,2024-09-06,15800.0,Debit Card,Success,146,9,2024-09-05
1961,2066,2025-10-20,3705.0,Credit Card,Success,80,284,2025-10-19
1962,2067,2026-03-01,8100.0,Upi,Success,60,305,2026-02-28
1963,2068,2025-10-04,3950.0,Upi,Success,146,759,2025-10-03
1964,2069,2025-05-24,6600.0,Debit Card,Success,171,817,2025-05-23
1965,2070,2024-08-04,26800.0,Credit Card,Success,114,668,2024-08-03
1966,2071,2024-01-03,5185.0,Credit Card,Success,137,224,2024-01-03
1967,2072,2025-02-22,2232.5,Upi,Failed,155,349,2025-02-22
1968,2073,2024-11-18,4300.0,Upi,Success,118,244,2024-11-18
1969,2074,2024-07-11,4370.0,Upi,Success,33,252,2024-07-11
1970,2075,2025-01-11,26600.0,Cash,Success,116,43,2025-01-11
1971,2076,2026-03-23,10200.0,Credit Card,Refunded,71,819,2026-03-22
1972,2077,2026-01-19,2755.0,Upi,Failed,4,863,2026-01-19
1973,2078,2025-11-02,5985.0,Debit Card,Failed,7,374,2025-11-02
1974,2079,2024-02-23,9000.0,Credit Card,Failed,105,218,2024-02-22
1975,2081,2025-02-13,6887.5,Credit Card,Failed,170,840,2025-02-13
1976,2082,2025-07-31,2042.5,Upi,Success,87,693,2025-07-31
1977,2083,2025-11-25,3400.0,Net Banking,Success,10,58,2025-11-25
1978,2084,2025-01-26,8600.0,Credit Card,Success,19,565,2025-01-26
1979,2085,2026-03-12,5700.0,Credit Card,Success,1,871,2026-03-12
1980,2086,2025-06-07,6887.5,Upi,Success,119,456,2025-06-07
1981,2087,2026-03-19,1305.0,Cash,Refunded,141,149,2026-03-19
1982,2088,2024-10-26,10260.0,Upi,Success,108,375,2024-10-25
1983,2089,2025-03-27,21612.5,Debit Card,Success,161,264,2025-03-26
1984,2090,2025-07-03,28475.0,Credit Card,Success,114,4,2025-07-03
1985,2091,2024-03-29,5992.5,Credit Card,Success,158,527,2024-03-29
1986,2092,2025-02-14,6900.0,Cash,Success,165,775,2025-02-14
1987,2093,2024-12-09,21000.0,Cash,Success,102,556,2024-12-08
1988,2094,2026-05-08,3750.0,Upi,Success,17,148,2026-05-08
1989,2095,2025-01-17,17500.0,Upi,Success,70,86,2025-01-17
1990,2096,2025-12-21,9000.0,Debit Card,Success,1,709,2025-12-20
1991,2097,2024-04-15,3825.0,Credit Card,Success,74,60,2024-04-15
1992,2098,2025-02-26,31350.0,Upi,Success,14,336,2025-02-26
1993,2099,2026-01-13,3942.5,Upi,Success,96,50,2026-01-13
1994,2100,2024-03-25,23970.0,Debit Card,Success,173,177,2024-03-24
1995,2101,2025-10-31,6365.0,Credit Card,Success,86,656,2025-10-31
1996,2102,2024-12-20,5800.0,Credit Card,Success,170,695,2024-12-20
1997,2103,2026-05-22,6270.0,Debit Card,Success,49,245,2026-05-21
1998,2104,2025-01-23,7837.5,Upi,Success,174,386,2025-01-23
1999,2105,2025-06-18,3750.0,Upi,Refunded,101,529,2025-06-17
2000,2107,2025-09-25,2517.5,Credit Card,Success,112,215,2025-09-24
2001,2108,2026-03-30,6100.0,Upi,Success,137,257,2026-03-30
2002,2109,2024-09-06,2300.0,Upi,Success,148,422,2024-09-05
2003,2110,2024-01-09,3135.0,Credit Card,Success,11,160,2024-01-09
2004,2111,2026-05-21,2745.0,Credit Card,Success,140,847,2026-05-21
2005,2112,2026-05-24,23000.0,Upi,Success,73,482,2026-05-24
2006,2113,2024-04-16,5800.0,Debit Card,Success,141,259,2024-04-16
2007,2114,2026-04-08,20000.0,Upi,Success,37,637,2026-04-08
2008,2115,2025-04-26,6000.0,Upi,Success,72,338,2025-04-26
2009,2116,2024-08-06,6000.0,Upi,Pending,1,708,2024-08-06
2010,2117,2025-01-21,3325.0,Credit Card,Success,133,618,2025-01-20
2011,2118,2026-06-27,11100.0,Upi,Refunded,93,420,2026-06-27
2012,2119,2025-11-04,7050.0,Net Banking,Success,158,259,2025-11-04
2013,2120,2024-09-11,2137.5,Debit Card,Success,113,692,2024-09-11
2014,2121,2025-03-04,6250.0,Credit Card,Success,17,819,2025-03-04
2015,2122,2025-07-06,7000.0,Debit Card,Success,102,427,2025-07-06
2016,2123,2025-03-20,10830.0,Upi,Failed,76,82,2025-03-19
2017,2124,2025-01-25,16500.0,Debit Card,Success,11,324,2025-01-25
2018,2125,2025-12-10,12825.0,Upi,Success,74,460,2025-12-10
2019,2126,2024-06-21,5650.0,Net Banking,Success,41,18,2024-06-20
2020,2127,2025-05-08,27650.0,Cash,Success,35,438,2025-05-07
2021,2128,2024-09-06,6450.0,Upi,Success,130,495,2024-09-06
2022,2129,2026-04-23,4655.0,Cash,Success,164,649,2026-04-23
2023,2130,2026-05-29,12920.0,Debit Card,Success,116,512,2026-05-29
2024,2131,2024-05-09,5440.0,Credit Card,Failed,57,764,2024-05-08
2025,2132,2024-06-16,12540.0,Upi,Pending,11,782,2024-06-16
2026,2133,2025-10-26,6460.0,Net Banking,Success,27,107,2025-10-26
2027,2134,2026-06-09,3420.0,Net Banking,Success,60,541,2026-06-09
2028,2135,2024-08-21,9300.0,Net Banking,Success,46,639,2024-08-21
2029,2136,2024-01-30,5795.0,Debit Card,Refunded,109,166,2024-01-30
2030,2137,2025-05-15,5557.5,Credit Card,Success,163,569,2025-05-14
2031,2138,2024-01-30,12915.0,Upi,Success,62,739,2024-01-30
2032,2139,2026-06-27,3442.5,Credit Card,Success,20,40,2026-06-27
2033,2140,2025-04-15,5265.0,Debit Card,Success,163,672,2025-04-14
2034,2141,2025-01-11,21945.0,Credit Card,Refunded,149,684,2025-01-11
2035,2142,2024-11-27,8200.0,Cash,Success,62,705,2024-11-27
2036,2143,2024-03-17,10395.0,Net Banking,Success,160,354,2024-03-17
2037,2144,2025-11-15,2375.0,Upi,Success,166,513,2025-11-15
2038,2145,2024-11-03,8300.0,Debit Card,Success,96,504,2024-11-02
2039,2146,2026-06-22,6900.0,Credit Card,Success,52,27,2026-06-21
2040,2147,2024-10-18,9000.0,Upi,Success,74,10,2024-10-18
2041,2148,2025-08-13,6200.0,Upi,Success,46,817,2025-08-12
2042,2149,2025-08-04,20947.5,Debit Card,Failed,7,290,2025-08-04
2043,2150,2024-01-09,22950.0,Debit Card,Success,153,90,2024-01-09
2044,2151,2025-04-29,15912.5,Debit Card,Success,55,616,2025-04-29
2045,2152,2026-04-19,3150.0,Credit Card,Pending,30,155,2026-04-19
2046,2153,2024-06-15,7050.0,Credit Card,Success,155,52,2024-06-15
2047,2154,2026-04-25,9900.0,Upi,Refunded,174,590,2026-04-24
2048,2155,2024-07-31,10750.0,Credit Card,Failed,39,240,2024-07-30
2049,2156,2024-04-04,9137.5,Upi,Success,130,813,2024-04-04
2050,2157,2026-02-20,3515.0,Upi,Success,68,607,2026-02-20
2051,2158,2025-04-09,33800.0,Credit Card,Success,40,367,2025-04-09
2052,2159,2025-11-09,13800.0,Cash,Refunded,165,516,2025-11-09
2053,2160,2026-05-30,3100.0,Net Banking,Failed,16,435,2026-05-30
2054,2162,2024-04-20,1710.0,Credit Card,Success,3,801,2024-04-20
2055,2163,2025-02-20,8692.5,Debit Card,Success,137,797,2025-02-19
2056,2164,2024-01-06,2000.0,Upi,Success,127,191,2024-01-06
2057,2165,2026-01-31,3200.0,Net Banking,Refunded,81,892,2026-01-30
2058,2166,2026-06-01,8977.5,Net Banking,Success,61,439,2026-06-01
2059,2167,2024-02-04,6300.0,Upi,Success,61,422,2024-02-03
2060,2168,2024-09-29,8100.0,Upi,Success,60,503,2024-09-29
2061,2169,2025-02-13,25800.0,Credit Card,Success,67,367,2025-02-13
2062,2170,2025-12-24,6365.0,Net Banking,Failed,55,720,2025-12-24
2063,2171,2024-03-18,7500.0,Debit Card,Success,156,171,2024-03-18
2064,2172,2024-06-29,3610.0,Credit Card,Success,129,253,2024-06-28
2065,2173,2024-10-06,44800.0,Cash,Success,81,288,2024-10-06
2066,2174,2024-04-04,25500.0,Debit Card,Success,106,659,2024-04-04
2067,2175,2025-12-04,11700.0,Credit Card,Success,26,668,2025-12-04
2068,2177,2026-03-19,43000.0,Credit Card,Success,67,31,2026-03-19
2069,2178,2026-05-27,5185.0,Credit Card,Success,5,247,2026-05-26
2070,2179,2025-03-06,9520.0,Debit Card,Success,125,585,2025-03-06
2071,2180,2024-12-03,18900.0,Credit Card,Success,22,760,2024-12-03
2072,2181,2024-04-24,29260.0,Debit Card,Success,18,664,2024-04-24
2073,2182,2024-08-28,4085.0,Upi,Success,31,836,2024-08-27
2074,2183,2026-05-22,1377.5,Debit Card,Success,24,456,2026-05-22
2075,2184,2024-03-18,46550.0,Upi,Success,70,895,2024-03-17
2076,2185,2026-05-19,10400.0,Upi,Success,63,321,2026-05-18
2077,2187,2024-05-21,4000.0,Upi,Success,84,388,2024-05-21
2078,2188,2026-05-05,14220.0,Upi,Success,120,39,2026-05-05
2079,2189,2025-03-02,2660.0,Upi,Success,77,411,2025-03-02
2080,2190,2026-03-30,26267.5,Credit Card,Refunded,78,895,2026-03-30
2081,2191,2026-01-08,12200.0,Debit Card,Success,75,573,2026-01-08
2082,2192,2024-12-08,9000.0,Cash,Success,167,745,2024-12-08
2083,2193,2025-09-22,14800.0,Credit Card,Success,104,422,2025-09-21
2084,2194,2025-02-24,2350.0,Upi,Success,172,543,2025-02-23
2085,2195,2026-04-10,4227.5,Net Banking,Success,134,796,2026-04-10
2086,2196,2024-06-17,48025.0,Upi,Success,9,585,2024-06-17
2087,2197,2026-01-09,4500.0,Upi,Success,113,886,2026-01-09
2088,2198,2026-04-12,2950.0,Debit Card,Success,82,453,2026-04-11
2089,2199,2024-10-04,2185.0,Credit Card,Success,148,359,2024-10-04
2090,2200,2024-07-02,1827.5,Net Banking,Success,58,60,2024-07-02
2091,2201,2024-08-16,18250.0,Credit Card,Success,157,733,2024-08-16
2092,2202,2025-03-20,2500.0,Upi,Success,38,663,2025-03-19
2093,2203,2024-01-26,17250.0,Credit Card,Success,92,861,2024-01-26
2094,2204,2024-05-12,5400.0,Credit Card,Success,91,714,2024-05-12
2095,2205,2026-02-07,6800.0,Upi,Success,27,37,2026-02-07
2096,2206,2024-05-26,1260.0,Upi,Success,65,35,2024-05-25
2097,2207,2026-06-27,7030.0,Credit Card,Success,54,547,2026-06-27
2098,2208,2025-08-30,6555.0,Net Banking,Success,165,642,2025-08-29
2099,2209,2025-10-04,12730.0,Upi,Success,95,865,2025-10-04
2100,2210,2024-10-23,3450.0,Debit Card,Success,53,731,2024-10-23
2101,2211,2024-09-27,8640.0,Upi,Failed,143,219,2024-09-26
2102,2212,2026-06-02,12730.0,Upi,Refunded,55,83,2026-06-02
2103,2213,2025-11-28,3000.0,Upi,Success,8,131,2025-11-28
2104,2214,2025-10-24,2520.0,Upi,Success,77,507,2025-10-23
2105,2215,2025-09-22,9000.0,Debit Card,Success,1,237,2025-09-22
2106,2216,2024-07-30,10545.0,Debit Card,Success,107,234,2024-07-29
2107,2217,2024-10-19,10070.0,Credit Card,Success,112,798,2024-10-19
2108,2218,2024-01-17,7505.0,Upi,Success,120,209,2024-01-17
2109,2219,2024-06-23,3655.0,Credit Card,Success,130,463,2024-06-23
2110,2220,2024-11-05,6400.0,Debit Card,Success,111,406,2024-11-05
2111,2221,2025-10-05,6600.0,Upi,Success,171,481,2025-10-05
2112,2222,2025-09-05,2880.0,Upi,Success,25,425,2025-09-05
2113,2223,2026-01-02,13250.0,Upi,Success,112,589,2026-01-02
2114,2224,2025-12-29,1710.0,Upi,Success,129,587,2025-12-29
2115,2225,2026-01-28,4350.0,Debit Card,Success,24,608,2026-01-27
2116,2226,2026-04-20,2950.0,Upi,Success,82,634,2026-04-19
2117,2227,2024-06-18,7200.0,Credit Card,Pending,57,306,2024-06-18
2118,2228,2025-12-03,10170.0,Debit Card,Success,9,843,2025-12-03
2119,2229,2025-01-26,5950.0,Upi,Success,77,602,2025-01-25
2120,2230,2026-01-30,3610.0,Cash,Success,110,84,2026-01-29
2121,2232,2026-04-29,12160.0,Upi,Success,81,534,2026-04-28
2122,2233,2024-11-17,16200.0,Net Banking,Success,1,785,2024-11-17
2123,2234,2024-03-11,7220.0,Net Banking,Success,76,831,2024-03-11
2124,2235,2025-09-05,11850.0,Debit Card,Success,146,790,2025-09-04
2125,2236,2024-04-07,16650.0,Credit Card,Success,152,228,2024-04-07
2126,2237,2025-10-20,13500.0,Net Banking,Success,38,612,2025-10-19
2127,2238,2024-04-14,42000.0,Credit Card,Success,22,158,2024-04-13
2128,2239,2024-09-28,2970.0,Debit Card,Success,14,847,2024-09-28
2129,2240,2026-01-03,4800.0,Net Banking,Success,139,8,2026-01-03
2130,2242,2025-10-20,5130.0,Credit Card,Success,21,125,2025-10-20
2131,2243,2025-05-23,10072.5,Upi,Success,35,61,2025-05-22
2132,2244,2025-06-01,2890.0,Credit Card,Success,27,867,2025-06-01
2133,2245,2025-01-02,7742.5,Credit Card,Success,42,92,2025-01-02
2134,2246,2025-12-06,2900.0,Debit Card,Success,4,260,2025-12-06
2135,2247,2024-09-20,4600.0,Debit Card,Success,142,861,2024-09-19
2136,2248,2025-11-28,21105.0,Debit Card,Success,86,849,2025-11-27
2137,2249,2025-07-24,6150.0,Credit Card,Success,159,653,2025-07-24
2138,2250,2024-05-26,3100.0,Upi,Success,169,17,2024-05-26
2139,2251,2025-04-11,1330.0,Upi,Success,100,620,2025-04-10
2140,2252,2025-02-14,12920.0,Upi,Success,76,689,2025-02-14
2141,2253,2024-03-27,1260.0,Credit Card,Success,100,397,2024-03-27
2142,2254,2026-06-17,5400.0,Upi,Success,162,805,2026-06-16
2143,2255,2024-10-29,5937.5,Credit Card,Success,17,373,2024-10-29
2144,2256,2024-12-14,1400.0,Debit Card,Success,100,852,2024-12-14
2145,2257,2025-01-05,8600.0,Debit Card,Success,39,9,2025-01-05
2146,2258,2025-02-27,13870.0,Credit Card,Success,157,850,2025-02-27
2147,2259,2026-06-18,16340.0,Credit Card,Success,67,763,2026-06-18
2148,2260,2025-11-28,18762.5,Credit Card,Success,120,897,2025-11-28
2149,2261,2025-03-14,4132.5,Upi,Refunded,24,223,2025-03-13
2150,2262,2025-01-27,39000.0,Upi,Success,80,167,2025-01-27
2151,2263,2025-05-31,16100.0,Cash,Success,73,795,2025-05-31
2152,2264,2026-04-23,6400.0,Upi,Refunded,81,319,2026-04-23
2153,2265,2025-07-20,2340.0,Cash,Success,12,256,2025-07-20
2154,2266,2025-02-10,8400.0,Upi,Success,98,388,2025-02-10
2155,2267,2024-03-21,5850.0,Upi,Success,161,484,2024-03-21
2156,2268,2025-02-09,1395.0,Upi,Success,169,671,2025-02-09
2157,2269,2026-04-04,3600.0,Net Banking,Success,72,294,2026-04-04
2158,2270,2024-03-11,10402.5,Net Banking,Success,157,871,2024-03-11
2159,2271,2025-09-29,1997.5,Upi,Success,158,479,2025-09-29
2160,2272,2026-01-26,14400.0,Debit Card,Success,180,365,2026-01-26
2161,2273,2026-04-08,2945.0,Debit Card,Success,147,605,2026-04-08
2162,2274,2024-08-04,6927.5,Debit Card,Success,42,172,2024-08-03
2163,2275,2026-06-18,5312.5,Debit Card,Success,135,224,2026-06-18
2164,2276,2025-02-16,2850.0,Upi,Success,91,412,2025-02-16
2165,2277,2024-05-03,9000.0,Upi,Success,47,807,2024-05-03
2166,2278,2024-05-16,2430.0,Upi,Success,56,614,2024-05-16
2167,2279,2025-02-16,42000.0,Debit Card,Success,102,34,2025-02-15
2168,2280,2024-10-10,8950.0,Cash,Success,144,94,2024-10-10
2169,2281,2024-05-01,2800.0,Upi,Success,100,768,2024-05-01
2170,2282,2026-03-19,3250.0,Credit Card,Success,161,542,2026-03-19
2171,2283,2025-09-29,3100.0,Debit Card,Success,147,773,2025-09-29
2172,2284,2025-06-17,15120.0,Credit Card,Success,125,375,2025-06-16
2173,2285,2024-03-15,7600.0,Debit Card,Success,57,794,2024-03-15
2174,2286,2024-07-16,15000.0,Credit Card,Success,156,14,2024-07-15
2175,2287,2024-04-19,2500.0,Credit Card,Success,135,1,2024-04-18
2176,2288,2025-09-10,12000.0,Upi,Success,1,885,2025-09-10
2177,2289,2024-11-15,4417.5,Net Banking,Success,169,618,2024-11-15
2178,2291,2025-03-19,6697.5,Net Banking,Success,173,178,2025-03-18
2179,2292,2025-04-26,4750.0,Credit Card,Success,166,373,2025-04-25
2180,2293,2024-12-09,9737.5,Cash,Success,159,99,2024-12-09
2181,2294,2025-06-04,4930.0,Debit Card,Success,131,566,2025-06-04
2182,2295,2025-05-27,6175.0,Debit Card,Pending,123,883,2025-05-27
2183,2296,2026-06-23,1400.0,Upi,Success,44,392,2026-06-23
2184,2297,2026-01-24,30150.0,Debit Card,Success,114,672,2026-01-23
2185,2298,2026-04-09,40200.0,Credit Card,Success,114,259,2026-04-08
2186,2299,2024-01-06,17500.0,Credit Card,Success,70,696,2024-01-06
2187,2300,2026-04-04,53675.0,Upi,Failed,9,792,2026-04-04
2188,2302,2024-10-11,2850.0,Upi,Success,8,487,2024-10-10
2189,2303,2024-09-20,4940.0,Debit Card,Success,12,822,2024-09-20
2190,2304,2024-10-25,15800.0,Net Banking,Success,120,288,2024-10-25
2191,2305,2025-05-12,8370.0,Credit Card,Success,147,635,2025-05-12
2192,2306,2024-01-22,1450.0,Cash,Success,126,447,2024-01-22
2193,2307,2025-10-12,49000.0,Debit Card,Success,133,202,2025-10-11
2194,2308,2025-01-15,4845.0,Credit Card,Success,122,541,2025-01-15
2195,2309,2024-01-30,17500.0,Upi,Failed,136,482,2024-01-30
2196,2310,2026-06-24,1600.0,Credit Card,Refunded,25,884,2026-06-23
2197,2311,2024-07-31,7267.5,Upi,Success,106,513,2024-07-31
2198,2313,2025-04-10,4940.0,Debit Card,Success,138,698,2025-04-10
2199,2314,2025-04-18,7410.0,Credit Card,Success,85,676,2025-04-18
2200,2315,2024-07-12,20520.0,Upi,Success,116,568,2024-07-12
2201,2316,2026-02-03,42210.0,Upi,Pending,69,268,2026-02-03
2202,2317,2024-02-04,4150.0,Debit Card,Success,96,447,2024-02-04
2203,2318,2026-05-03,12240.0,Upi,Refunded,10,134,2026-05-03
2204,2319,2024-09-08,2430.0,Credit Card,Success,103,362,2024-09-08
2205,2320,2026-04-03,8627.5,Credit Card,Success,119,214,2026-04-03
2206,2321,2025-12-17,4085.0,Net Banking,Success,178,875,2025-12-17
2207,2322,2024-12-21,5737.5,Upi,Success,74,726,2024-12-20
2208,2323,2026-02-05,14040.0,Net Banking,Success,85,654,2026-02-05
2209,2324,2026-02-23,57190.0,Debit Card,Success,36,448,2026-02-22
2210,2325,2025-04-24,26250.0,Debit Card,Success,136,803,2025-04-23
2211,2326,2025-09-28,17775.0,Credit Card,Success,78,269,2025-09-27
2212,2328,2024-12-07,16957.5,Debit Card,Success,106,610,2024-12-06
2213,2329,2025-12-30,25350.0,Credit Card,Failed,40,458,2025-12-29
2214,2330,2026-06-13,1955.0,Debit Card,Success,73,726,2026-06-13
2215,2331,2024-01-19,4600.0,Credit Card,Success,73,896,2024-01-18
2216,2332,2026-05-16,2517.5,Debit Card,Success,112,437,2026-05-15
2217,2333,2024-08-14,7500.0,Upi,Success,8,173,2024-08-14
2218,2334,2025-05-18,12200.0,Debit Card,Success,124,407,2025-05-17
2219,2335,2026-04-18,20425.0,Debit Card,Success,87,290,2026-04-18
2220,2336,2026-03-31,47600.0,Net Banking,Success,32,435,2026-03-31
2221,2337,2025-03-01,42512.5,Debit Card,Success,144,841,2025-02-28
2222,2338,2024-02-23,1350.0,Upi,Success,21,486,2024-02-22
2223,2339,2024-08-26,14400.0,Debit Card,Success,143,393,2024-08-25
2224,2340,2025-06-02,2500.0,Debit Card,Success,166,696,2025-06-02
2225,2341,2024-06-26,3700.0,Debit Card,Failed,104,292,2024-06-26
2226,2342,2025-08-25,10800.0,Upi,Success,1,682,2025-08-24
2227,2343,2024-11-01,3420.0,Upi,Success,116,533,2024-10-31
2228,2344,2024-01-09,5600.0,Credit Card,Success,77,525,2024-01-09
2229,2345,2024-11-11,4275.0,Debit Card,Success,8,264,2024-11-10
2230,2346,2024-12-01,5557.5,Debit Card,Success,175,710,2024-12-01
2231,2347,2024-11-09,7362.5,Debit Card,Success,66,394,2024-11-09
2232,2348,2025-02-17,15200.0,Net Banking,Success,37,201,2025-02-17
2233,2349,2024-10-01,5580.0,Upi,Success,151,398,2024-10-01
2234,2350,2026-06-21,10050.0,Upi,Success,69,393,2026-06-21
2235,2351,2025-01-31,3562.5,Credit Card,Success,17,209,2025-01-31
2236,2352,2026-03-17,13000.0,Upi,Success,150,395,2026-03-17
2237,2353,2025-07-30,2700.0,Credit Card,Success,91,346,2025-07-29
2238,2354,2024-09-27,3515.0,Upi,Success,107,230,2024-09-27
2239,2355,2024-02-13,27090.0,Credit Card,Success,39,90,2024-02-13
2240,2356,2025-10-09,5890.0,Debit Card,Success,147,541,2025-10-08
2241,2357,2024-11-23,4600.0,Debit Card,Success,23,641,2024-11-23
2242,2358,2025-12-09,1800.0,Debit Card,Success,72,132,2025-12-09
2243,2359,2025-01-07,6697.5,Credit Card,Success,155,84,2025-01-07
2244,2360,2025-04-29,8100.0,Cash,Success,47,360,2025-04-29
2245,2361,2025-10-04,3145.0,Upi,Success,94,127,2025-10-04
2246,2362,2024-10-21,6210.0,Credit Card,Success,52,843,2024-10-21
2247,2363,2025-03-30,4370.0,Net Banking,Success,23,184,2025-03-30
2248,2364,2024-12-13,3610.0,Upi,Success,108,782,2024-12-13
2249,2366,2024-12-31,3705.0,Credit Card,Refunded,176,448,2024-12-30
2250,2367,2025-12-05,3825.0,Net Banking,Success,47,247,2025-12-05
2251,2368,2025-06-26,6500.0,Credit Card,Success,150,718,2025-06-26
2252,2369,2025-12-25,9605.0,Upi,Success,9,152,2025-12-24
2253,2370,2024-04-24,3600.0,Credit Card,Success,37,739,2024-04-23
2254,2371,2024-08-15,2375.0,Upi,Success,101,794,2024-08-14
2255,2372,2024-11-05,3200.0,Net Banking,Success,180,892,2024-11-05
2256,2373,2025-10-18,4800.0,Upi,Success,25,806,2025-10-17
2257,2374,2024-06-22,9262.5,Credit Card,Success,175,855,2024-06-22
2258,2375,2025-09-11,12920.0,Upi,Success,10,364,2025-09-11
2259,2376,2025-12-03,10545.0,Credit Card,Success,93,846,2025-12-03
2260,2378,2024-12-24,8977.5,Debit Card,Failed,162,304,2024-12-24
2261,2379,2025-11-11,4200.0,Upi,Success,98,886,2025-11-10
2262,2380,2024-07-05,19250.0,Upi,Success,149,678,2024-07-05
2263,2381,2024-05-05,10830.0,Credit Card,Success,132,882,2024-05-04
2264,2383,2025-11-13,6162.5,Debit Card,Success,119,477,2025-11-13
2265,2384,2026-06-22,13400.0,Debit Card,Refunded,86,438,2026-06-21
2266,2385,2024-11-21,14800.0,Net Banking,Success,93,400,2024-11-21
2267,2386,2024-07-28,13632.5,Credit Card,Success,62,877,2024-07-28
2268,2387,2024-04-18,12060.0,Debit Card,Success,69,830,2024-04-18
2269,2388,2024-09-26,5865.0,Debit Card,Success,73,512,2024-09-25
2270,2389,2024-08-28,6697.5,Credit Card,Success,155,593,2024-08-28
2271,2390,2024-09-17,1955.0,Credit Card,Success,148,127,2024-09-17
2272,2391,2024-08-05,7200.0,Credit Card,Success,143,490,2024-08-05
2273,2392,2024-07-01,1400.0,Upi,Success,44,55,2024-07-01
2274,2393,2024-10-24,5780.0,Debit Card,Success,32,463,2024-10-24
2275,2394,2024-01-10,7505.0,Cash,Success,146,667,2024-01-09
2276,2395,2025-11-07,34770.0,Upi,Success,124,800,2025-11-07
2277,2397,2025-08-24,2042.5,Debit Card,Success,118,162,2025-08-24
2278,2398,2024-07-09,2070.0,Debit Card,Success,52,591,2024-07-09
2279,2399,2024-10-06,6975.0,Credit Card,Success,28,62,2024-10-06
2280,2400,2026-05-12,3500.0,Net Banking,Success,30,2,2026-05-11
2281,2401,2024-04-27,48165.0,Debit Card,Success,40,781,2024-04-26
2282,2402,2026-06-28,3705.0,Net Banking,Success,26,92,2026-06-28
2283,2403,2024-10-20,2470.0,Credit Card,Success,176,166,2024-10-20
2284,2404,2026-04-30,2380.0,Upi,Success,65,813,2026-04-30
2285,2405,2026-02-08,4400.0,Credit Card,Success,171,303,2026-02-07
2286,2406,2024-02-20,18675.0,Upi,Success,13,816,2024-02-20
2287,2407,2025-02-04,7900.0,Upi,Success,35,77,2025-02-04
2288,2408,2024-12-13,7225.0,Credit Card,Success,99,527,2024-12-12
2289,2409,2024-07-20,17575.0,Debit Card,Success,93,749,2024-07-20
2290,2410,2025-07-20,2250.0,Upi,Success,166,628,2025-07-19
2291,2411,2024-07-01,3250.0,Credit Card,Success,150,884,2024-07-01
2292,2412,2024-01-08,7695.0,Credit Card,Success,56,836,2024-01-08
2293,2413,2024-06-07,1935.0,Net Banking,Success,31,849,2024-06-06
2294,2414,2024-11-05,26500.0,Upi,Success,112,634,2024-11-05
2295,2415,2025-04-20,3240.0,Credit Card,Success,154,128,2025-04-19
2296,2416,2025-08-13,14400.0,Debit Card,Success,81,196,2025-08-13
2297,2417,2024-08-11,19980.0,Credit Card,Success,104,849,2024-08-10
2298,2418,2026-06-16,1330.0,Credit Card,Success,65,405,2026-06-16
2299,2419,2024-06-12,15250.0,Upi,Success,109,452,2024-06-11
2300,2420,2025-10-11,6887.5,Upi,Success,170,605,2025-10-11
2301,2421,2025-05-13,4050.0,Upi,Success,20,41,2025-05-13
2302,2422,2026-05-24,13537.5,Credit Card,Success,177,690,2026-05-24
2303,2423,2024-07-07,8235.0,Net Banking,Success,75,67,2024-07-06
2304,2424,2026-02-11,9200.0,Upi,Failed,142,327,2026-02-10
2305,2425,2025-10-03,8600.0,Upi,Success,118,563,2025-10-03
2306,2426,2024-12-27,6650.0,Upi,Success,117,792,2024-12-26
2307,2427,2024-11-23,3752.5,Upi,Success,120,738,2024-11-22
2308,2428,2026-03-12,4275.0,Net Banking,Success,97,517,2026-03-12
2309,2429,2024-03-15,2635.0,Credit Card,Success,66,566,2024-03-15
2310,2430,2025-12-25,1800.0,Upi,Success,84,628,2025-12-25
2311,2431,2024-01-27,6700.0,Debit Card,Failed,128,317,2024-01-27
2312,2432,2024-09-14,18900.0,Upi,Success,61,509,2024-09-14
2313,2433,2026-06-09,6270.0,Upi,Success,51,846,2026-06-08
2314,2434,2026-04-15,7505.0,Cash,Success,146,769,2026-04-15
2315,2435,2024-11-20,15250.0,Cash,Success,109,251,2024-11-20
2316,2436,2025-07-01,6927.5,Credit Card,Success,42,247,2025-07-01
2317,2437,2026-04-13,10980.0,Debit Card,Success,5,250,2026-04-13
2318,2438,2024-03-19,2185.0,Upi,Success,23,459,2024-03-18
2319,2439,2024-07-16,3187.5,Upi,Success,17,289,2024-07-15
2320,2440,2025-05-22,6900.0,Debit Card,Success,53,315,2025-05-22
2321,2441,2024-01-13,1700.0,Upi,Success,29,205,2024-01-13
2322,2442,2025-12-03,4207.5,Credit Card,Success,174,238,2025-12-02
2323,2443,2026-01-02,4725.0,Credit Card,Success,117,503,2026-01-02
2324,2445,2025-06-03,6120.0,Upi,Success,10,282,2025-06-02
2325,2446,2024-08-16,7410.0,Upi,Success,138,569,2024-08-16
2326,2447,2024-12-22,5605.0,Debit Card,Success,82,523,2024-12-22
2327,2448,2024-02-03,4000.0,Cash,Success,72,848,2024-02-03
2328,2449,2025-06-12,3420.0,Upi,Success,108,468,2025-06-12
2329,2450,2024-07-09,8100.0,Upi,Success,89,368,2024-07-09
2330,2451,2025-12-26,7267.5,Net Banking,Success,106,467,2025-12-26
2331,2452,2026-03-29,5650.0,Cash,Success,9,759,2026-03-29
2332,2453,2026-03-13,12580.0,Net Banking,Success,104,109,2026-03-12
2333,2454,2024-11-14,2250.0,Cash,Success,105,496,2024-11-14
2334,2455,2025-03-01,3150.0,Upi,Success,30,825,2025-02-28
2335,2456,2024-10-20,10750.0,Upi,Success,58,805,2024-10-19
2336,2457,2026-06-14,7362.5,Credit Card,Success,66,616,2026-06-14
2337,2458,2025-03-29,5415.0,Credit Card,Success,129,605,2025-03-28
2338,2459,2024-07-15,6887.5,Upi,Success,131,437,2024-07-15
2339,2461,2024-10-05,1935.0,Cash,Success,118,278,2024-10-04
2340,2462,2024-12-04,7310.0,Upi,Success,36,323,2024-12-04
2341,2463,2025-10-17,5985.0,Credit Card,Success,98,12,2025-10-17
2342,2464,2025-11-23,48900.0,Upi,Success,42,663,2025-11-22
2343,2465,2024-05-20,2592.5,Credit Card,Success,109,123,2024-05-19
2344,2466,2024-03-28,3315.0,Upi,Success,85,323,2024-03-28
2345,2467,2025-06-30,16425.0,Debit Card,Success,157,595,2025-06-30
2346,2468,2026-04-25,1947.5,Net Banking,Success,15,711,2026-04-25
2347,2469,2024-11-19,12060.0,Debit Card,Failed,128,734,2024-11-19
2348,2470,2025-12-21,6000.0,Debit Card,Success,127,501,2025-12-21
2349,2471,2024-02-19,25500.0,Upi,Refunded,99,582,2024-02-19
2350,2472,2026-04-06,11100.0,Debit Card,Success,54,509,2026-04-05
2351,2473,2024-04-13,2295.0,Credit Card,Success,6,867,2024-04-13
2352,2474,2024-03-03,31255.0,Credit Card,Success,158,875,2024-03-02
2353,2475,2026-03-25,1235.0,Cash,Success,123,304,2026-03-24
2354,2476,2024-10-31,5265.0,Net Banking,Success,163,612,2024-10-31
2355,2477,2024-09-27,11655.0,Net Banking,Success,68,345,2024-09-27
2356,2478,2025-05-20,8550.0,Credit Card,Success,74,698,2025-05-19
2357,2479,2024-10-13,22005.0,Credit Card,Failed,42,219,2024-10-13
2358,2480,2024-10-11,5040.0,Debit Card,Refunded,100,345,2024-10-11
2359,2481,2025-12-26,14400.0,Credit Card,Success,34,545,2025-12-25
2360,2482,2025-03-07,3325.0,Upi,Success,70,187,2025-03-06
2361,2483,2025-03-27,4590.0,Credit Card,Success,56,623,2025-03-27
2362,2484,2025-05-16,4050.0,Upi,Refunded,43,70,2025-05-16
2363,2485,2026-03-20,6030.0,Upi,Success,128,70,2026-03-20
2364,2486,2024-03-08,6400.0,Net Banking,Success,57,32,2024-03-08
2365,2487,2024-07-17,7560.0,Upi,Success,22,760,2024-07-16
2366,2488,2024-01-28,9690.0,Credit Card,Success,106,558,2024-01-28
2367,2489,2025-06-18,2000.0,Credit Card,Success,72,356,2025-06-18
2368,2490,2026-04-11,6600.0,Credit Card,Success,160,529,2026-04-10
2369,2491,2025-06-22,2650.0,Credit Card,Success,112,885,2025-06-22
2370,2492,2024-02-18,9750.0,Debit Card,Success,161,560,2024-02-18
2371,2493,2025-08-24,2880.0,Upi,Success,25,311,2025-08-24
2372,2494,2025-04-02,3800.0,Net Banking,Success,110,348,2025-04-01
2373,2495,2025-07-20,10150.0,Credit Card,Success,170,332,2025-07-20
2374,2496,2024-10-29,6555.0,Cash,Success,52,879,2024-10-29
2375,2497,2026-06-17,12350.0,Credit Card,Refunded,145,524,2026-06-17
2376,2498,2025-10-24,10070.0,Debit Card,Success,112,469,2025-10-23
2377,2499,2024-11-21,1615.0,Debit Card,Success,122,54,2024-11-20
2378,2500,2025-09-04,35000.0,Debit Card,Success,38,265,2025-09-03
2379,2501,2024-07-24,6270.0,Net Banking,Success,18,822,2024-07-24
2380,2502,2026-02-14,16000.0,Debit Card,Success,57,685,2026-02-14
2381,2503,2024-07-08,3550.0,Credit Card,Success,64,5,2024-07-08
2382,2504,2024-05-25,10687.5,Debit Card,Success,47,349,2024-05-25
2383,2506,2024-10-03,9880.0,Upi,Success,63,842,2024-10-02
2384,2507,2026-06-30,26800.0,Debit Card,Success,114,887,2026-06-30
2385,2508,2024-09-10,6600.0,Upi,Success,14,803,2024-09-10
2386,2509,2025-11-07,5985.0,Upi,Success,98,245,2025-11-07
2387,2510,2026-05-02,20000.0,Upi,Success,84,262,2026-05-02
2388,2511,2024-03-09,2900.0,Credit Card,Success,126,519,2024-03-09
2389,2512,2025-12-03,3990.0,Upi,Success,22,649,2025-12-03
2390,2513,2024-01-15,20400.0,Debit Card,Failed,32,217,2024-01-15
2391,2514,2026-03-26,8787.5,Debit Card,Success,94,850,2026-03-25
2392,2515,2026-05-07,7980.0,Upi,Failed,22,102,2026-05-07
2393,2517,2024-12-27,7600.0,Credit Card,Failed,129,688,2024-12-27
2394,2518,2024-03-04,4702.5,Credit Card,Success,160,551,2024-03-04
2395,2519,2024-05-26,6400.0,Credit Card,Success,111,79,2024-05-25
2396,2520,2025-03-18,6975.0,Upi,Success,16,390,2025-03-18
2397,2521,2024-09-20,11685.0,Credit Card,Success,50,92,2024-09-20
2398,2522,2026-03-31,2565.0,Credit Card,Success,6,411,2026-03-31
2399,2523,2025-08-07,7400.0,Net Banking,Success,88,77,2025-08-06
2400,2524,2026-06-19,5400.0,Debit Card,Failed,167,514,2026-06-19
2401,2525,2025-11-03,10800.0,Net Banking,Success,139,730,2025-11-03
2402,2526,2025-11-30,1235.0,Net Banking,Success,12,710,2025-11-29
2403,2527,2024-11-09,26600.0,Upi,Success,108,721,2024-11-09
2404,2528,2026-05-06,3515.0,Cash,Success,152,469,2026-05-06
2405,2529,2026-04-12,10250.0,Net Banking,Success,15,696,2026-04-12
2406,2530,2024-03-18,11700.0,Credit Card,Success,163,281,2024-03-18
2407,2531,2024-04-07,3050.0,Credit Card,Success,109,418,2024-04-06
2408,2532,2024-05-15,11220.0,Net Banking,Success,83,247,2024-05-14
2409,2533,2026-05-08,42300.0,Credit Card,Success,173,281,2026-05-08
2410,2534,2026-01-25,1947.5,Credit Card,Success,48,528,2026-01-25
2411,2535,2024-03-29,6150.0,Credit Card,Failed,159,13,2024-03-29
2412,2536,2025-05-01,4080.0,Cash,Success,57,502,2025-05-01
2413,2537,2024-11-25,4417.5,Upi,Success,28,296,2024-11-24
2414,2538,2024-07-02,2970.0,Upi,Success,14,853,2024-07-02
2415,2539,2024-06-11,8640.0,Upi,Success,139,628,2024-06-10
2416,2540,2025-09-10,6460.0,Upi,Success,29,706,2025-09-10
2417,2541,2024-10-21,15960.0,Upi,Success,22,809,2024-10-21
2418,2542,2025-09-04,6000.0,Credit Card,Success,1,735,2025-09-04
2419,2543,2025-03-04,1400.0,Net Banking,Success,65,151,2025-03-04
2420,2544,2025-02-12,16950.0,Credit Card,Success,41,473,2025-02-11
2421,2545,2024-08-11,3527.5,Upi,Success,96,224,2024-08-11
2422,2546,2025-10-22,3300.0,Upi,Refunded,115,339,2025-10-22
2423,2547,2024-10-23,3420.0,Upi,Success,108,654,2024-10-23
2424,2548,2024-12-08,2422.5,Debit Card,Success,106,753,2024-12-08
2425,2549,2025-02-09,30600.0,Net Banking,Success,99,368,2025-02-09
2426,2550,2025-12-23,3200.0,Credit Card,Success,81,158,2025-12-23
2427,2551,2024-11-29,3700.0,Debit Card,Success,68,347,2024-11-29
2428,2554,2026-03-09,2450.0,Upi,Success,164,776,2026-03-08
2429,2556,2026-04-04,7125.0,Upi,Success,166,684,2026-04-04
2430,2557,2025-02-16,1650.0,Debit Card,Pending,160,25,2025-02-16
2431,2558,2025-12-06,7200.0,Net Banking,Success,111,701,2025-12-05
2432,2559,2024-12-31,6100.0,Debit Card,Success,5,543,2024-12-30
2433,2560,2026-02-08,11400.0,Upi,Failed,37,336,2026-02-07
2434,2561,2025-12-29,7790.0,Net Banking,Success,15,746,2025-12-29
2435,2562,2025-03-02,1170.0,Net Banking,Pending,12,362,2025-03-02
2436,2563,2024-06-21,6525.0,Credit Card,Success,141,396,2024-06-21
2437,2564,2026-06-29,18200.0,Debit Card,Success,63,697,2026-06-29
2438,2565,2024-08-23,17005.0,Upi,Success,144,554,2024-08-23
2439,2566,2025-04-25,2090.0,Upi,Success,18,824,2025-04-25
2440,2568,2025-10-04,7315.0,Credit Card,Success,149,102,2025-10-04
2441,2569,2025-08-30,3442.5,Upi,Success,21,172,2025-08-30
2442,2570,2025-09-29,20282.5,Credit Card,Success,5,869,2025-09-29
2443,2571,2025-11-02,2565.0,Upi,Success,21,475,2025-11-02
2444,2572,2026-03-08,8300.0,Credit Card,Refunded,96,75,2026-03-07
2445,2573,2025-12-08,5400.0,Credit Card,Success,3,137,2025-12-07
2446,2574,2026-01-07,3050.0,Debit Card,Success,140,745,2026-01-06
2447,2575,2024-01-13,7200.0,Debit Card,Success,154,892,2024-01-13
2448,2576,2025-01-04,3300.0,Net Banking,Success,11,168,2025-01-04
2449,2577,2024-01-28,11970.0,Cash,Success,22,411,2024-01-28
2450,2578,2024-07-03,9547.5,Credit Card,Success,86,194,2024-07-02
2451,2579,2024-11-03,9100.0,Credit Card,Success,176,827,2024-11-02
2452,2581,2024-09-22,16300.0,Upi,Success,42,561,2024-09-22
2453,2582,2026-01-21,3610.0,Debit Card,Success,168,744,2026-01-21
2454,2583,2024-12-02,5100.0,Upi,Success,2,87,2024-12-01
2455,2585,2024-04-20,24012.5,Upi,Success,41,65,2024-04-20
2456,2586,2025-01-08,7900.0,Debit Card,Success,78,43,2025-01-07
2457,2587,2025-02-06,16200.0,Cash,Success,91,832,2025-02-06
2458,2588,2026-04-29,1305.0,Net Banking,Success,170,619,2026-04-29
2459,2589,2026-02-10,6700.0,Debit Card,Success,86,716,2026-02-10
2460,2590,2025-08-01,4275.0,Debit Card,Failed,8,99,2025-08-01
2461,2591,2026-02-15,7605.0,Upi,Success,40,682,2026-02-15
2462,2592,2026-06-01,7310.0,Upi,Success,39,61,2026-06-01
2463,2593,2025-01-04,30150.0,Debit Card,Success,128,179,2025-01-04
2464,2594,2025-12-02,51345.0,Upi,Success,42,717,2025-12-01
2465,2595,2024-11-12,4275.0,Debit Card,Success,74,547,2024-11-11
2466,2596,2024-12-21,1947.5,Debit Card,Success,62,618,2024-12-21
2467,2597,2026-04-30,23205.0,Upi,Success,80,4,2026-04-30
2468,2598,2024-09-26,16600.0,Upi,Success,96,408,2024-09-25
2469,2599,2025-07-23,5400.0,Net Banking,Success,56,200,2025-07-23
2470,2600,2024-07-27,3050.0,Credit Card,Success,75,151,2024-07-27
2471,2601,2025-10-08,7980.0,Upi,Success,77,184,2025-10-08
2472,2602,2025-02-21,5510.0,Debit Card,Success,126,658,2025-02-21
2473,2603,2024-11-26,4950.0,Debit Card,Success,160,634,2024-11-26
2474,2604,2024-09-25,8550.0,Cash,Success,167,78,2024-09-24
2475,2605,2024-06-25,1650.0,Upi,Success,51,79,2024-06-24
2476,2607,2026-06-05,11475.0,Debit Card,Success,106,249,2026-06-04
2477,2608,2025-10-05,6450.0,Net Banking,Success,87,10,2025-10-05
2478,2609,2024-01-04,4180.0,Upi,Success,49,84,2024-01-03
2479,2610,2024-04-26,2375.0,Upi,Success,101,82,2024-04-25
2480,2611,2025-04-08,8600.0,Credit Card,Success,67,168,2025-04-08
2481,2612,2024-08-17,2745.0,Upi,Success,137,434,2024-08-16
2482,2613,2024-10-06,9405.0,Credit Card,Success,83,676,2024-10-06
2483,2614,2025-05-25,9025.0,Upi,Success,121,676,2025-05-25
2484,2616,2024-10-15,1450.0,Upi,Success,59,584,2024-10-14
2485,2617,2025-10-09,2745.0,Debit Card,Success,109,734,2025-10-09
2486,2618,2026-03-27,5842.5,Upi,Failed,15,91,2026-03-27
2487,2619,2026-05-25,2762.5,Credit Card,Success,150,301,2026-05-25
2488,2620,2025-10-18,6650.0,Net Banking,Failed,117,783,2025-10-18
2489,2621,2026-05-31,21000.0,Upi,Success,91,745,2026-05-30
2490,2622,2024-02-22,2610.0,Upi,Success,126,825,2024-02-22
2491,2623,2024-12-02,14800.0,Upi,Success,54,806,2024-12-01
2492,2624,2025-06-14,3400.0,Debit Card,Success,10,449,2025-06-13
2493,2625,2024-11-23,14012.5,Credit Card,Success,82,227,2024-11-23
2494,2627,2024-03-01,7200.0,Credit Card,Success,37,23,2024-03-01
2495,2628,2025-06-18,27930.0,Upi,Success,98,358,2025-06-17
2496,2629,2024-03-08,113050.0,Upi,Success,99,50,2024-03-08
2497,2630,2024-09-13,6400.0,Upi,Failed,111,56,2024-09-12
2498,2631,2024-06-11,6600.0,Debit Card,Success,18,33,2024-06-11
2499,2632,2025-04-11,17575.0,Net Banking,Success,107,351,2025-04-10
2500,2633,2024-04-23,2450.0,Upi,Success,179,257,2024-04-23
2501,2634,2024-07-29,15770.0,Upi,Success,13,551,2024-07-29
2502,2636,2025-01-20,8000.0,Credit Card,Success,111,142,2025-01-20
2503,2637,2024-11-09,1235.0,Credit Card,Success,123,448,2024-11-09
2504,2638,2025-04-10,7700.0,Debit Card,Failed,149,465,2025-04-09
2505,2639,2024-02-05,14800.0,Upi,Success,93,520,2024-02-04
2506,2640,2024-03-27,14725.0,Upi,Success,151,308,2024-03-27
2507,2641,2024-11-17,17500.0,Credit Card,Success,101,673,2024-11-17
2508,2642,2024-03-15,45630.0,Credit Card,Success,40,898,2024-03-15
2509,2643,2025-05-30,20160.0,Upi,Failed,125,614,2025-05-29
2510,2644,2025-11-27,2592.5,Upi,Success,109,502,2025-11-26
2511,2646,2024-09-11,7410.0,Credit Card,Success,26,227,2024-09-11
2512,2647,2024-11-27,10080.0,Upi,Success,125,354,2024-11-27
2513,2648,2025-05-16,13300.0,Upi,Success,129,347,2025-05-16
2514,2649,2025-12-10,6660.0,Upi,Pending,107,694,2025-12-10
2515,2650,2026-02-03,5600.0,Credit Card,Success,65,418,2026-02-03
2516,2651,2025-08-24,2090.0,Credit Card,Success,49,192,2025-08-24
2517,2652,2025-10-19,23700.0,Upi,Success,146,462,2025-10-18
2518,2653,2025-05-09,8170.0,Credit Card,Success,130,643,2025-05-08
2519,2654,2024-02-22,9315.0,Credit Card,Success,53,399,2024-02-22
2520,2655,2024-05-04,6900.0,Credit Card,Success,73,416,2024-05-03
2521,2656,2026-06-01,13430.0,Upi,Success,120,699,2026-06-01
2522,2657,2024-07-16,4180.0,Upi,Success,49,357,2024-07-16
2523,2658,2026-03-30,7000.0,Upi,Success,77,9,2026-03-30
2524,2659,2026-02-24,40200.0,Upi,Success,114,312,2026-02-24
2525,2661,2026-05-14,28200.0,Upi,Success,173,721,2026-05-13
2526,2662,2026-06-14,13600.0,Credit Card,Success,27,97,2026-06-14
2527,2663,2025-03-10,5800.0,Cash,Success,59,402,2025-03-10
2528,2664,2025-08-18,2150.0,Credit Card,Pending,87,11,2025-08-18
2529,2665,2025-05-18,8550.0,Credit Card,Success,89,649,2025-05-17
2530,2666,2025-04-03,3800.0,Debit Card,Success,116,851,2025-04-03
2531,2667,2025-07-23,8800.0,Upi,Success,18,129,2025-07-22
2532,2668,2024-12-30,3420.0,Credit Card,Success,154,518,2024-12-30
2533,2669,2025-03-28,3350.0,Credit Card,Success,69,589,2025-03-28
2534,2670,2024-05-18,5950.0,Cash,Success,100,112,2024-05-17
2535,2671,2024-11-08,8325.0,Cash,Success,68,595,2024-11-08
2536,2673,2025-12-26,2755.0,Upi,Failed,24,715,2025-12-25
2537,2674,2026-01-29,5550.0,Upi,Success,94,775,2026-01-29
2538,2675,2025-03-01,17005.0,Debit Card,Pending,144,794,2025-03-01
2539,2676,2025-11-15,8600.0,Upi,Success,58,650,2025-11-15
2540,2677,2024-08-13,12200.0,Debit Card,Success,5,205,2024-08-13
2541,2678,2025-10-17,1215.0,Debit Card,Success,162,714,2025-10-17
2542,2680,2026-01-31,12200.0,Debit Card,Success,109,563,2026-01-30
2543,2681,2024-05-08,8150.0,Cash,Success,42,339,2024-05-07
2544,2682,2025-06-12,1232.5,Credit Card,Success,4,870,2025-06-12
2545,2683,2025-06-16,5605.0,Debit Card,Success,82,264,2025-06-15
2546,2684,2024-02-03,3400.0,Credit Card,Success,71,108,2024-02-03
2547,2685,2024-01-14,5865.0,Upi,Refunded,33,677,2024-01-14
2548,2686,2026-05-31,1955.0,Upi,Success,148,301,2026-05-30
2549,2687,2024-02-07,24510.0,Upi,Success,36,253,2024-02-07
2550,2688,2026-05-11,13110.0,Upi,Success,148,328,2026-05-11
2551,2690,2024-04-12,2137.5,Credit Card,Success,105,245,2024-04-12
2552,2691,2024-09-05,1800.0,Net Banking,Success,2,484,2024-09-05
2553,2692,2026-04-13,7400.0,Upi,Pending,107,58,2026-04-12
2554,2693,2025-07-26,3752.5,Debit Card,Success,35,782,2025-07-26
2555,2694,2025-01-01,8200.0,Net Banking,Success,48,244,2025-01-01
2556,2695,2024-06-29,21090.0,Credit Card,Success,88,769,2024-06-28
2557,2696,2024-11-13,17100.0,Debit Card,Pending,116,365,2024-11-12
2558,2697,2026-04-15,22610.0,Upi,Success,27,781,2026-04-15
2559,2698,2024-03-18,13680.0,Net Banking,Success,110,294,2024-03-17
2560,2699,2025-05-31,6270.0,Cash,Success,18,881,2025-05-31
2561,2700,2024-09-11,2137.5,Cash,Success,89,386,2024-09-11
2562,2701,2024-05-21,2805.0,Upi,Success,83,463,2024-05-21
2563,2702,2026-04-24,31500.0,Upi,Success,43,276,2026-04-23
2564,2703,2025-04-19,18500.0,Credit Card,Success,107,741,2025-04-18
2565,2704,2026-02-14,3870.0,Upi,Success,178,190,2026-02-14
2566,2705,2025-12-20,5800.0,Credit Card,Success,131,772,2025-12-19
2567,2706,2025-01-04,3350.0,Upi,Success,95,285,2025-01-04
2568,2707,2026-07-01,1282.5,Debit Card,Success,103,231,2026-06-30
2569,2708,2024-01-10,7425.0,Credit Card,Success,115,594,2024-01-10
2570,2709,2025-06-22,16800.0,Upi,Success,139,418,2025-06-21
2571,2710,2024-08-04,2800.0,Net Banking,Success,44,872,2024-08-03
2572,2711,2024-08-06,1350.0,Cash,Success,20,407,2024-08-06
2573,2713,2025-11-14,11780.0,Upi,Success,147,83,2025-11-14
2574,2714,2024-04-07,5700.0,Debit Card,Success,177,101,2024-04-07
2575,2715,2024-11-10,11400.0,Upi,Success,1,547,2024-11-09
2576,2716,2024-01-02,1250.0,Debit Card,Success,135,438,2024-01-02
2577,2717,2024-10-30,3050.0,Upi,Failed,5,653,2024-10-30
2578,2718,2024-11-15,6300.0,Credit Card,Success,7,427,2024-11-15
2579,2719,2025-03-16,2945.0,Credit Card,Success,46,700,2025-03-16
2580,2720,2026-03-31,4350.0,Upi,Pending,4,704,2026-03-30
2581,2721,2024-04-06,15050.0,Debit Card,Success,87,240,2024-04-06
2582,2722,2026-01-23,9800.0,Upi,Success,44,577,2026-01-23
2583,2723,2024-03-14,1900.0,Credit Card,Success,168,186,2024-03-14
2584,2724,2025-03-03,22500.0,Net Banking,Success,43,343,2025-03-03
2585,2725,2024-08-25,15675.0,Upi,Success,14,253,2024-08-25
2586,2726,2025-06-01,3300.0,Upi,Success,174,860,2025-06-01
2587,2727,2026-01-26,29260.0,Upi,Success,49,231,2026-01-25
2588,2728,2025-10-26,2655.0,Debit Card,Success,82,832,2025-10-26
2589,2729,2026-05-07,16800.0,Credit Card,Success,143,129,2026-05-06
2590,2730,2025-12-09,1550.0,Debit Card,Success,28,709,2025-12-08
2591,2731,2025-11-27,18952.5,Upi,Success,177,284,2025-11-26
2592,2732,2025-01-23,2000.0,Credit Card,Success,2,454,2025-01-22
2593,2733,2024-04-18,12300.0,Credit Card,Success,50,447,2024-04-18
2594,2734,2026-03-04,1215.0,Debit Card,Success,103,19,2026-03-03
2595,2735,2024-10-24,12540.0,Upi,Success,14,223,2024-10-23
2596,2736,2024-03-09,4940.0,Credit Card,Success,63,500,2024-03-09
2597,2738,2025-11-01,2250.0,Credit Card,Success,89,193,2025-10-31
2598,2739,2025-05-16,37525.0,Credit Card,Success,78,467,2025-05-15
2599,2740,2025-09-22,11100.0,Cash,Success,107,470,2025-09-22
2600,2741,2025-09-17,5085.0,Net Banking,Success,9,680,2025-09-16
2601,2742,2026-02-02,6800.0,Net Banking,Success,29,723,2026-02-02
2602,2743,2026-04-04,5200.0,Upi,Refunded,176,515,2026-04-04
2603,2744,2025-02-01,2900.0,Upi,Success,119,186,2025-01-31
2604,2745,2025-03-05,3060.0,Upi,Success,29,149,2025-03-05
2605,2746,2024-06-20,35800.0,Debit Card,Success,144,639,2024-06-19
2606,2747,2025-06-26,9310.0,Upi,Success,179,357,2025-06-26
2607,2749,2026-04-21,3135.0,Upi,Success,160,855,2026-04-21
2608,2750,2026-03-14,2550.0,Cash,Success,106,47,2026-03-14
2609,2751,2024-06-12,1250.0,Net Banking,Success,135,759,2024-06-11
2610,2752,2024-10-01,9300.0,Upi,Success,151,729,2024-09-30
2611,2753,2025-05-07,10200.0,Upi,Success,106,418,2025-05-06
2612,2754,2026-01-14,15400.0,Upi,Success,171,496,2026-01-14
2613,2756,2025-10-12,11590.0,Credit Card,Success,75,230,2025-10-12
2614,2757,2025-04-22,17290.0,Debit Card,Success,123,796,2025-04-21
2615,2758,2024-11-29,50540.0,Upi,Success,76,183,2024-11-29
2616,2759,2025-05-13,4500.0,Debit Card,Success,105,473,2025-05-13
2617,2760,2025-02-09,1800.0,Upi,Success,60,589,2025-02-09
2618,2761,2026-04-06,25270.0,Upi,Success,132,162,2026-04-06
2619,2762,2024-02-04,2500.0,Upi,Success,17,244,2024-02-03
2620,2763,2025-03-19,26500.0,Upi,Success,112,416,2025-03-18
2621,2764,2024-04-27,4845.0,Debit Card,Failed,106,579,2024-04-26
2622,2765,2024-01-14,22000.0,Upi,Success,18,246,2024-01-13
2623,2766,2025-01-29,6030.0,Cash,Success,86,853,2025-01-29
2624,2767,2025-01-08,12450.0,Upi,Success,96,37,2025-01-07
2625,2768,2026-05-07,7350.0,Debit Card,Success,179,560,2026-05-07
2626,2769,2025-01-28,6030.0,Debit Card,Success,86,682,2025-01-27
2627,2770,2024-07-25,13350.0,Debit Card,Success,134,257,2024-07-24
2628,2771,2024-01-21,4455.0,Upi,Success,160,505,2024-01-21
2629,2772,2024-11-23,21280.0,Upi,Failed,180,824,2024-11-23
2630,2773,2026-01-29,1600.0,Upi,Success,25,3,2026-01-29
2631,2774,2025-11-05,7837.5,Net Banking,Success,115,787,2025-11-05
2632,2775,2024-01-09,4450.0,Credit Card,Success,134,873,2024-01-09
2633,2776,2024-08-09,41895.0,Cash,Success,7,349,2024-08-09
2634,2777,2026-04-23,3515.0,Debit Card,Success,152,605,2026-04-23
2635,2778,2025-03-04,7740.0,Credit Card,Success,36,652,2025-03-04
2636,2779,2024-06-01,6750.0,Upi,Success,89,580,2024-06-01
2637,2780,2025-09-06,2700.0,Debit Card,Success,45,399,2025-09-05
2638,2781,2024-12-28,4300.0,Upi,Refunded,31,778,2024-12-28
2639,2782,2024-11-07,7600.0,Upi,Success,129,584,2024-11-06
2640,2783,2026-06-17,3800.0,Credit Card,Success,34,788,2026-06-17
2641,2784,2025-02-28,16200.0,Upi,Success,56,686,2025-02-27
2642,2785,2024-11-26,4140.0,Upi,Success,52,591,2024-11-26
2643,2787,2025-09-18,1890.0,Credit Card,Success,98,628,2025-09-18
2644,2788,2025-02-28,3570.0,Upi,Refunded,22,826,2025-02-28
2645,2789,2026-05-05,37572.5,Upi,Success,9,165,2026-05-05
2646,2790,2025-03-07,21660.0,Credit Card,Success,76,372,2025-03-06
2647,2791,2024-10-15,1650.0,Upi,Success,160,75,2024-10-15
2648,2792,2026-05-27,12450.0,Upi,Success,13,435,2026-05-27
2649,2793,2024-03-22,6000.0,Upi,Success,1,565,2024-03-22
2650,2794,2025-04-25,4100.0,Credit Card,Failed,159,772,2025-04-25
2651,2795,2024-05-12,6000.0,Cash,Success,127,489,2024-05-11
2652,2796,2026-04-04,2137.5,Debit Card,Success,89,192,2026-04-03
2653,2797,2024-08-23,35000.0,Upi,Success,102,729,2024-08-23
2654,2798,2025-04-18,11400.0,Debit Card,Success,177,641,2025-04-18
2655,2799,2024-09-08,3145.0,Net Banking,Success,88,248,2024-09-07
2656,2800,2025-11-13,16150.0,Upi,Success,122,607,2025-11-12
2657,2801,2026-03-18,24605.0,Upi,Refunded,107,765,2026-03-17
2658,2802,2024-03-08,44750.0,Debit Card,Success,144,344,2024-03-07
2659,2803,2025-03-09,21150.0,Upi,Success,173,202,2025-03-08
2660,2805,2026-01-05,1215.0,Debit Card,Success,6,808,2026-01-05
2661,2806,2024-03-29,5610.0,Upi,Success,83,601,2024-03-28
2662,2807,2026-04-03,1450.0,Upi,Success,131,9,2026-04-03
2663,2808,2026-05-28,17595.0,Upi,Success,165,301,2026-05-28
2664,2809,2026-05-23,6750.0,Credit Card,Success,89,118,2026-05-23
2665,2810,2024-12-01,3040.0,Upi,Success,111,475,2024-12-01
2666,2811,2025-06-29,3135.0,Debit Card,Success,83,50,2025-06-28
2667,2812,2025-12-04,14500.0,Debit Card,Pending,131,31,2025-12-03
2668,2813,2025-02-26,12060.0,Credit Card,Success,128,853,2025-02-26
2669,2814,2025-03-09,32760.0,Net Banking,Success,63,802,2025-03-09
2670,2815,2025-06-29,1785.0,Credit Card,Success,98,502,2025-06-28
2671,2816,2024-08-17,2610.0,Debit Card,Success,119,862,2024-08-17
2672,2817,2024-08-30,2945.0,Net Banking,Success,147,405,2024-08-30
2673,2818,2025-08-20,6412.5,Credit Card,Success,162,620,2025-08-20
2674,2819,2024-03-20,5842.5,Upi,Success,15,457,2024-03-20
2675,2820,2026-02-06,4230.0,Upi,Success,172,647,2026-02-05
2676,2821,2026-02-07,6412.5,Cash,Success,113,472,2026-02-06
2677,2823,2025-11-03,16862.5,Credit Card,Success,64,223,2025-11-03
2678,2824,2024-06-10,7155.0,Cash,Success,112,777,2024-06-09
2679,2825,2024-09-29,6175.0,Cash,Success,161,662,2024-09-29
2680,2826,2024-12-10,10170.0,Net Banking,Success,41,159,2024-12-10
2681,2827,2024-07-18,9900.0,Credit Card,Success,171,155,2024-07-18
2682,2828,2025-06-24,12920.0,Upi,Success,27,384,2025-06-23
2683,2829,2025-05-26,6460.0,Cash,Pending,71,693,2025-05-25
2684,2830,2025-12-01,20282.5,Upi,Success,140,51,2025-12-01
2685,2831,2025-07-09,4132.5,Upi,Success,4,328,2025-07-09
2686,2832,2024-09-16,1350.0,Credit Card,Success,21,603,2024-09-16
2687,2833,2024-09-06,13400.0,Net Banking,Success,114,454,2024-09-05
2688,2834,2025-03-16,22050.0,Cash,Success,30,631,2025-03-16
2689,2835,2024-11-27,7000.0,Debit Card,Success,30,615,2024-11-26
2690,2836,2025-08-01,4845.0,Upi,Success,153,78,2025-07-31
2691,2837,2024-11-21,3750.0,Upi,Success,156,571,2024-11-20
2692,2838,2025-06-26,6250.0,Credit Card,Success,135,462,2025-06-25
2693,2839,2025-09-18,18500.0,Debit Card,Success,68,271,2025-09-18
2694,2840,2025-05-04,10710.0,Upi,Success,61,450,2025-05-03
2695,2841,2026-05-02,10050.0,Credit Card,Success,86,383,2026-05-02
2696,2842,2024-03-03,2755.0,Debit Card,Success,4,328,2024-03-02
2697,2843,2024-03-10,21420.0,Credit Card,Success,71,311,2024-03-09
2698,2844,2024-08-27,19475.0,Debit Card,Success,15,794,2024-08-27
2699,2845,2024-11-18,9750.0,Net Banking,Success,150,687,2024-11-17
2700,2846,2025-05-16,5400.0,Debit Card,Pending,162,334,2025-05-16
2701,2847,2024-09-11,1805.0,Upi,Success,121,467,2024-09-10
2702,2848,2024-11-29,10260.0,Upi,Success,3,810,2024-11-29
2703,2849,2025-12-28,4750.0,Debit Card,Success,38,415,2025-12-28
2704,2850,2026-01-25,3350.0,Upi,Success,128,124,2026-01-25
2705,2851,2025-07-20,22200.0,Debit Card,Success,152,806,2025-07-20
2706,2852,2026-02-23,1232.5,Credit Card,Success,141,826,2026-02-22
2707,2853,2025-01-14,7000.0,Credit Card,Success,117,759,2025-01-14
2708,2854,2025-07-02,2800.0,Upi,Success,100,561,2025-07-01
2709,2855,2026-02-28,6412.5,Debit Card,Success,74,743,2026-02-28
2710,2856,2025-08-02,22312.5,Upi,Success,136,381,2025-08-02
2711,2858,2025-02-12,11827.5,Upi,Success,96,359,2025-02-12
2712,2859,2025-03-28,2790.0,Upi,Success,169,134,2025-03-28
2713,2860,2026-04-05,1485.0,Credit Card,Success,115,155,2026-04-05
2714,2861,2024-04-26,4050.0,Upi,Success,74,88,2024-04-26
2715,2862,2026-02-24,7400.0,Debit Card,Success,88,651,2026-02-23
2716,2864,2025-10-19,30960.0,Upi,Success,36,134,2025-10-18
2717,2865,2024-09-05,6840.0,Debit Card,Success,167,357,2024-09-04
2718,2866,2024-08-10,33600.0,Upi,Success,125,144,2024-08-10
2719,2867,2024-08-30,15200.0,Credit Card,Success,76,893,2024-08-29
2720,2868,2024-09-23,9990.0,Credit Card,Success,152,728,2024-09-23
2721,2869,2024-04-16,2600.0,Debit Card,Success,176,590,2024-04-16
2722,2870,2025-08-27,35000.0,Upi,Success,30,408,2025-08-27
2723,2871,2025-09-09,2250.0,Debit Card,Pending,47,563,2025-09-09
2724,2872,2024-04-25,6150.0,Credit Card,Success,90,225,2024-04-24
2725,2874,2024-03-02,9500.0,Upi,Success,166,518,2024-03-02
2726,2875,2025-03-10,3400.0,Net Banking,Success,72,177,2025-03-10
2727,2876,2024-02-08,3230.0,Upi,Success,27,379,2024-02-07
2728,2877,2025-09-03,3182.5,Upi,Failed,95,264,2025-09-02
2729,2878,2024-02-15,9675.0,Upi,Success,130,497,2024-02-15
2730,2879,2026-01-23,8550.0,Net Banking,Success,45,837,2026-01-23
2731,2880,2024-01-04,2517.5,Credit Card,Success,112,711,2024-01-04
2732,2881,2026-01-08,6900.0,Credit Card,Success,23,213,2026-01-07
2733,2882,2025-01-05,6100.0,Upi,Success,124,348,2025-01-05
2734,2883,2025-12-15,5650.0,Credit Card,Success,41,483,2025-12-14
2735,2884,2024-04-17,2250.0,Debit Card,Failed,105,482,2024-04-17
2736,2885,2025-03-20,5482.5,Debit Card,Success,130,813,2025-03-20
2737,2886,2024-10-23,17337.5,Upi,Pending,157,199,2024-10-23
2738,2887,2025-02-22,2115.0,Credit Card,Success,155,898,2025-02-22
2739,2888,2024-02-02,41650.0,Debit Card,Success,102,127,2024-02-02
2740,2889,2025-07-21,9200.0,Upi,Success,52,105,2025-07-21
2741,2890,2024-09-12,6630.0,Credit Card,Refunded,138,60,2024-09-12
2742,2891,2024-10-09,5992.5,Upi,Success,172,247,2024-10-09
2743,2892,2024-01-23,11400.0,Cash,Success,110,13,2024-01-23
2744,2893,2025-10-31,24000.0,Upi,Success,37,319,2025-10-30
2745,2894,2024-05-29,3610.0,Upi,Success,110,657,2024-05-29
2746,2895,2024-03-20,4940.0,Cash,Success,123,865,2024-03-20
2747,2896,2025-10-20,6100.0,Upi,Success,109,544,2025-10-19
2748,2897,2024-06-16,33000.0,Credit Card,Success,11,454,2024-06-16
2749,2898,2025-08-15,8200.0,Upi,Success,159,11,2025-08-15
2750,2899,2024-01-08,5400.0,Credit Card,Success,167,292,2024-01-08
2751,2900,2025-06-29,3510.0,Debit Card,Refunded,85,179,2025-06-29
2752,2901,2024-04-25,8460.0,Credit Card,Success,172,874,2024-04-24
2753,2902,2024-10-02,8415.0,Debit Card,Success,14,59,2024-10-01
2754,2903,2026-05-05,2470.0,Upi,Success,123,863,2026-05-05
2755,2904,2024-02-09,9547.5,Net Banking,Success,128,766,2024-02-09
2756,2905,2026-02-23,9300.0,Upi,Success,151,724,2026-02-23
2757,2906,2024-01-19,7980.0,Net Banking,Success,22,320,2024-01-19
2758,2907,2025-01-27,3950.0,Debit Card,Success,146,213,2025-01-27
2759,2908,2024-07-13,1187.5,Credit Card,Failed,17,487,2024-07-13
2760,2909,2026-02-19,6600.0,Debit Card,Success,171,653,2026-02-19
2761,2910,2025-10-14,6660.0,Credit Card,Success,107,232,2025-10-14
2762,2911,2024-06-02,6250.0,Credit Card,Success,135,803,2024-06-02
2763,2913,2025-04-27,2042.5,Upi,Success,87,197,2025-04-27
2764,2914,2024-06-16,10200.0,Upi,Success,32,324,2024-06-16
2765,2915,2024-04-11,7905.0,Upi,Success,28,325,2024-04-11
2766,2916,2025-01-08,3330.0,Net Banking,Success,107,451,2025-01-08
2767,2917,2024-04-04,5100.0,Debit Card,Success,1,699,2024-04-04
2768,2918,2024-07-15,45220.0,Credit Card,Success,32,666,2024-07-15
2769,2919,2024-04-26,1955.0,Credit Card,Success,33,463,2024-04-26
2770,2921,2025-08-06,12600.0,Cash,Success,167,754,2025-08-06
2771,2922,2024-03-17,4000.0,Credit Card,Success,72,211,2024-03-17
2772,2923,2024-11-20,10850.0,Net Banking,Success,169,406,2024-11-20
2773,2924,2024-05-10,8977.5,Upi,Success,21,433,2024-05-09
2774,2925,2024-06-01,5415.0,Credit Card,Success,177,433,2024-06-01
2775,2926,2024-11-18,10735.0,Net Banking,Pending,9,798,2024-11-18
2776,2927,2024-08-17,15555.0,Net Banking,Success,109,761,2024-08-17
2777,2928,2025-10-17,17100.0,Credit Card,Pending,110,591,2025-10-16
2778,2929,2025-11-21,3800.0,Upi,Success,72,655,2025-11-20
2779,2930,2026-05-27,16862.5,Cash,Success,64,443,2026-05-27
2780,2931,2025-05-11,5605.0,Upi,Success,82,50,2025-05-10
2781,2932,2025-08-10,12200.0,Debit Card,Success,5,756,2025-08-09
2782,2933,2024-06-06,24937.5,Upi,Success,136,274,2024-06-05
2783,2935,2025-12-08,12967.5,Upi,Success,163,850,2025-12-07
2784,2936,2026-03-29,32300.0,Credit Card,Success,32,154,2026-03-29
2785,2937,2024-08-02,2430.0,Debit Card,Success,21,190,2024-08-02
2786,2938,2024-05-06,10830.0,Upi,Success,177,472,2024-05-06
2787,2939,2024-05-27,3600.0,Credit Card,Success,167,504,2024-05-27
2788,2940,2024-07-09,14535.0,Credit Card,Success,153,245,2024-07-08
2789,2941,2024-12-04,35100.0,Upi,Success,85,232,2024-12-03
2790,2942,2025-05-19,7125.0,Credit Card,Success,156,230,2025-05-18
2791,2943,2025-10-03,13650.0,Upi,Success,175,804,2025-10-03
2792,2944,2025-11-02,4650.0,Upi,Refunded,28,31,2025-11-02
2793,2945,2025-12-30,3230.0,Upi,Success,27,175,2025-12-29
2794,2946,2026-02-10,10115.0,Credit Card,Success,122,61,2026-02-09
2795,2947,2024-12-27,1912.5,Upi,Success,113,532,2024-12-27
2796,2948,2024-05-23,3300.0,Credit Card,Success,14,529,2024-05-23
2797,2949,2026-05-13,10500.0,Debit Card,Pending,70,732,2026-05-12
2798,2950,2026-04-03,6460.0,Net Banking,Success,32,99,2026-04-03
2799,2951,2024-11-12,5320.0,Net Banking,Success,125,16,2024-11-11
2800,2952,2026-01-11,9690.0,Net Banking,Success,32,798,2026-01-10
2801,2953,2025-07-01,54900.0,Cash,Success,124,606,2025-07-01
2802,2954,2026-02-27,15675.0,Net Banking,Success,83,871,2026-02-27
2803,2955,2025-10-22,2327.5,Upi,Success,179,412,2025-10-22
2804,2956,2025-08-27,4800.0,Debit Card,Success,57,27,2025-08-27
2805,2957,2025-04-22,7695.0,Net Banking,Success,56,498,2025-04-22
2806,2958,2025-01-14,1300.0,Upi,Success,12,489,2025-01-14
2807,2959,2024-09-06,15675.0,Credit Card,Success,83,63,2024-09-06
2808,2960,2025-10-02,20000.0,Debit Card,Success,34,25,2025-10-01
2809,2961,2024-11-25,3705.0,Debit Card,Success,138,102,2024-11-24
2810,2963,2024-11-18,11602.5,Cash,Success,163,371,2024-11-18
2811,2964,2025-08-01,3562.5,Net Banking,Success,101,662,2025-07-31
2812,2965,2024-03-21,21470.0,Upi,Success,9,358,2024-03-21
2813,2967,2024-10-26,2635.0,Debit Card,Success,66,870,2024-10-26
2814,2968,2025-09-12,6900.0,Upi,Success,73,406,2025-09-11
2815,2969,2024-03-22,2042.5,Upi,Success,130,115,2024-03-22
2816,2970,2025-08-03,2565.0,Credit Card,Success,6,316,2025-08-02
2817,2971,2026-04-03,7830.0,Credit Card,Success,170,397,2026-04-03
2818,2972,2024-05-04,1215.0,Upi,Success,103,484,2024-05-04
2819,2973,2025-01-09,13110.0,Net Banking,Success,165,518,2025-01-09
2820,2974,2026-06-07,6150.0,Debit Card,Success,62,885,2026-06-06
2821,2975,2024-11-29,8700.0,Credit Card,Success,24,735,2024-11-28
2822,2976,2024-11-12,18300.0,Upi,Success,140,262,2024-11-12
2823,2977,2026-02-08,25200.0,Debit Card,Failed,102,683,2026-02-08
2824,2978,2024-11-25,2250.0,Debit Card,Success,38,360,2024-11-25
2825,2979,2025-03-18,1350.0,Upi,Success,103,772,2025-03-18
2826,2980,2024-12-16,1710.0,Debit Card,Success,167,626,2024-12-16
2827,2981,2024-11-22,5985.0,Upi,Success,7,644,2024-11-22
2828,2982,2026-03-14,72590.0,Credit Card,Failed,124,845,2026-03-14
2829,2983,2026-02-06,7140.0,Debit Card,Success,22,369,2026-02-06
2830,2984,2025-02-03,57190.0,Upi,Success,67,274,2025-02-02
2831,2986,2026-03-11,10830.0,Upi,Success,116,165,2026-03-10
2832,2987,2026-01-05,22050.0,Upi,Failed,70,862,2026-01-04
2833,2988,2024-02-01,5800.0,Debit Card,Success,119,446,2024-02-01
2834,2989,2025-05-08,6650.0,Debit Card,Success,102,822,2025-05-08
2835,2990,2024-10-21,1062.5,Debit Card,Success,17,601,2024-10-21
2836,2991,2024-12-18,1400.0,Debit Card,Success,100,621,2024-12-18
2837,2993,2024-08-26,9120.0,Debit Card,Success,111,588,2024-08-25
2838,2994,2025-10-16,3285.0,Credit Card,Success,157,628,2025-10-16
2839,2995,2025-07-09,9135.0,Credit Card,Success,119,614,2025-07-09
2840,2996,2026-04-26,5270.0,Upi,Success,16,377,2026-04-26
2841,2997,2026-04-26,28200.0,Debit Card,Success,173,213,2026-04-26
2842,2998,2024-09-04,6525.0,Credit Card,Success,141,646,2024-09-04
2843,2999,2025-04-10,1282.5,Net Banking,Success,20,411,2025-04-09
2844,3000,2024-11-09,6080.0,Credit Card,Success,180,524,2024-11-08
2845,3001,2026-06-19,7110.0,Debit Card,Success,146,853,2026-06-19
2846,3002,2025-05-24,8500.0,Net Banking,Success,99,632,2025-05-24
2847,3003,2024-11-18,10350.0,Credit Card,Success,73,103,2024-11-17
2848,3004,2024-01-09,3230.0,Net Banking,Success,27,581,2024-01-09
2849,3005,2025-01-09,7020.0,Net Banking,Success,26,299,2025-01-08
2850,3006,2024-03-23,6650.0,Debit Card,Success,30,737,2024-03-22
2851,3007,2025-11-11,3230.0,Credit Card,Pending,71,581,2025-11-11
2852,3008,2026-05-20,15075.0,Net Banking,Success,55,242,2026-05-20
2853,3009,2025-08-02,28250.0,Upi,Failed,41,79,2025-08-02
2854,3010,2024-08-01,20100.0,Cash,Success,86,277,2024-08-01
2855,3011,2024-09-12,6270.0,Credit Card,Pending,11,855,2024-09-12
2856,3012,2024-12-13,6080.0,Cash,Success,81,765,2024-12-13
2857,3013,2025-02-20,13200.0,Debit Card,Success,49,819,2025-02-19
2858,3014,2026-05-12,4275.0,Debit Card,Success,97,154,2026-05-12
2859,3015,2025-11-09,8550.0,Credit Card,Success,129,425,2025-11-09
2860,3016,2024-04-21,12000.0,Upi,Success,143,848,2024-04-21
2861,3017,2024-12-28,3300.0,Upi,Success,11,571,2024-12-28
2862,3018,2024-11-03,1900.0,Credit Card,Success,72,765,2024-11-02
2863,3019,2024-03-07,9690.0,Net Banking,Success,32,233,2024-03-07
2864,3020,2024-02-15,2635.0,Debit Card,Success,66,65,2024-02-14
2865,3021,2024-03-22,4590.0,Credit Card,Success,3,46,2024-03-21
2866,3022,2025-10-28,5000.0,Credit Card,Success,101,421,2025-10-28
2867,3023,2025-03-18,17100.0,Debit Card,Success,177,852,2025-03-18
2868,3024,2025-07-20,21500.0,Credit Card,Success,130,291,2025-07-20
2869,3025,2025-05-15,5220.0,Credit Card,Success,24,619,2025-05-14
2870,3026,2025-08-29,50850.0,Debit Card,Refunded,41,464,2025-08-29
2871,3027,2025-11-26,7000.0,Upi,Success,44,704,2025-11-25
2872,3028,2026-01-22,2400.0,Credit Card,Success,139,30,2026-01-22
2873,3029,2026-01-30,8502.5,Upi,Success,144,553,2026-01-30
2874,3030,2026-01-05,9765.0,Debit Card,Success,16,232,2026-01-05
2875,3031,2026-02-10,33915.0,Cash,Success,106,156,2026-02-10
2876,3032,2026-03-10,6750.0,Upi,Success,97,526,2026-03-10
2877,3033,2025-02-01,8235.0,Upi,Failed,5,628,2025-01-31
2878,3034,2024-07-23,11250.0,Cash,Success,74,121,2024-07-23
2879,3035,2026-05-22,32500.0,Upi,Success,145,237,2026-05-22
2880,3036,2025-12-26,22050.0,Upi,Success,179,874,2025-12-26
2881,3037,2024-10-19,14600.0,Debit Card,Success,157,53,2024-10-18
2882,3038,2025-08-13,3500.0,Upi,Failed,117,436,2025-08-13
2883,3039,2025-09-30,3600.0,Debit Card,Success,84,503,2025-09-30
2884,3040,2024-06-12,9500.0,Cash,Success,129,334,2024-06-12
2885,3041,2024-03-15,3350.0,Debit Card,Success,95,58,2024-03-15
2886,3042,2024-01-14,40460.0,Debit Card,Success,32,214,2024-01-14
2887,3043,2026-04-21,20700.0,Upi,Refunded,33,23,2026-04-21
2888,3044,2024-03-11,24255.0,Debit Card,Success,149,619,2024-03-10
2889,3045,2025-08-20,6127.5,Credit Card,Success,58,524,2025-08-20
2890,3046,2024-07-22,1105.0,Credit Card,Success,12,450,2024-07-22
2891,3047,2025-07-02,3200.0,Upi,Success,57,441,2025-07-02
2892,3048,2025-11-05,30400.0,Upi,Success,81,710,2025-11-04
2893,3049,2024-11-23,12920.0,Upi,Success,76,391,2024-11-23
2894,3050,2025-11-20,1955.0,Upi,Success,33,204,2025-11-20
2895,3052,2024-01-07,18525.0,Upi,Success,80,252,2024-01-06
2896,3053,2024-06-05,15485.0,Debit Card,Success,42,476,2024-06-05
2897,3054,2024-07-18,6840.0,Upi,Success,143,794,2024-07-17
2898,3055,2025-07-10,1232.5,Credit Card,Success,119,512,2025-07-09
2899,3056,2025-11-07,12635.0,Upi,Success,168,850,2025-11-07
2900,3057,2024-01-15,6412.5,Debit Card,Success,103,875,2024-01-15
2901,3058,2025-01-13,12690.0,Credit Card,Success,173,273,2025-01-13
2902,3059,2024-04-14,10950.0,Credit Card,Success,157,806,2024-04-13
2903,3060,2024-01-05,4275.0,Upi,Success,89,743,2024-01-05
2904,3061,2024-09-19,5605.0,Cash,Success,82,553,2024-09-18
2905,3062,2024-02-01,11590.0,Debit Card,Success,109,766,2024-01-31
2906,3063,2024-01-25,14400.0,Net Banking,Success,143,9,2024-01-25
2907,3064,2024-04-19,3562.5,Upi,Success,135,541,2024-04-19
2908,3065,2025-10-09,2300.0,Credit Card,Pending,52,732,2025-10-08
2909,3066,2025-09-08,1330.0,Net Banking,Success,65,253,2025-09-08
2910,3067,2025-02-22,10735.0,Upi,Success,9,541,2025-02-22
2911,3068,2025-03-28,2025.0,Credit Card,Success,105,396,2025-03-28
2912,3069,2025-11-11,3870.0,Credit Card,Pending,39,270,2025-11-10
2913,3070,2025-03-07,9975.0,Net Banking,Success,70,45,2025-03-06
2914,3071,2026-05-04,6750.0,Debit Card,Success,156,538,2026-05-04
2915,3072,2024-03-30,7030.0,Net Banking,Success,93,412,2024-03-29
2916,3074,2025-02-12,6412.5,Debit Card,Success,20,153,2025-02-12
2917,3075,2026-05-27,3735.0,Credit Card,Failed,13,612,2026-05-27
2918,3076,2024-04-09,6300.0,Credit Card,Success,133,891,2024-04-08
2919,3077,2024-11-18,15200.0,Upi,Success,34,349,2024-11-18
2920,3078,2024-06-11,35000.0,Upi,Success,102,383,2024-06-10
2921,3080,2024-05-31,2700.0,Upi,Success,6,417,2024-05-30
2922,3081,2024-11-10,2550.0,Net Banking,Success,106,347,2024-11-09
2923,3082,2026-05-21,1350.0,Upi,Success,21,422,2026-05-20
2924,3083,2025-05-21,3250.0,Cash,Refunded,145,757,2025-05-20
2925,3085,2025-11-05,37525.0,Upi,Success,35,618,2025-11-05
2926,3086,2025-08-30,4725.0,Net Banking,Success,117,538,2025-08-30
2927,3087,2025-04-11,8775.0,Credit Card,Success,163,652,2025-04-10
2928,3089,2025-09-02,16110.0,Credit Card,Success,144,299,2025-09-02
2929,3090,2024-05-11,8235.0,Upi,Success,109,365,2024-05-11
2930,3091,2024-12-16,5415.0,Debit Card,Success,121,578,2024-12-16
2931,3092,2025-10-29,1935.0,Credit Card,Success,58,294,2025-10-28
2932,3093,2024-08-10,3690.0,Upi,Success,62,606,2024-08-09
2933,3094,2025-04-28,13537.5,Debit Card,Success,177,746,2025-04-28
2934,3095,2024-11-23,6000.0,Net Banking,Success,127,567,2024-11-23
2935,3096,2024-01-27,2250.0,Net Banking,Success,166,739,2024-01-26
2936,3097,2025-11-03,6210.0,Debit Card,Success,52,134,2025-11-03
2937,3098,2025-06-09,8797.5,Upi,Success,165,248,2025-06-09
2938,3099,2025-02-02,4417.5,Net Banking,Pending,28,831,2025-02-02
2939,3101,2024-11-19,2185.0,Debit Card,Refunded,148,322,2024-11-19
2940,3102,2026-01-22,32775.0,Debit Card,Success,53,73,2026-01-22
2941,3103,2026-06-19,3050.0,Upi,Success,109,768,2026-06-19
2942,3104,2025-05-25,7400.0,Credit Card,Success,79,679,2025-05-25
2943,3105,2025-10-13,5700.0,Credit Card,Success,84,233,2025-10-13
2944,3106,2026-05-04,1530.0,Net Banking,Success,154,214,2026-05-04
2945,3107,2026-03-04,26600.0,Credit Card,Success,102,528,2026-03-04
2946,3108,2025-07-05,4650.0,Upi,Success,169,27,2025-07-05
2947,3109,2024-10-04,16500.0,Credit Card,Success,174,589,2024-10-03
2948,3110,2026-01-03,14000.0,Credit Card,Success,127,458,2026-01-03
2949,3111,2024-03-01,1615.0,Cash,Success,29,555,2024-03-01
2950,3112,2024-12-30,17000.0,Upi,Success,71,285,2024-12-29
2951,3113,2025-01-21,2755.0,Credit Card,Success,24,738,2025-01-20
2952,3114,2025-01-15,4275.0,Upi,Success,97,712,2025-01-15
2953,3116,2026-02-09,10400.0,Upi,Success,63,56,2026-02-09
2954,3117,2026-05-07,4050.0,Upi,Success,97,854,2026-05-07
2955,3118,2024-06-17,10800.0,Net Banking,Success,1,503,2024-06-17
2956,3119,2024-04-25,13300.0,Debit Card,Success,102,125,2024-04-24
2957,3120,2025-10-18,7600.0,Upi,Success,121,454,2025-10-17
2958,3121,2025-01-31,2900.0,Upi,Success,141,473,2025-01-31
2959,3122,2025-07-09,10260.0,Debit Card,Success,121,464,2025-07-08
2960,3123,2026-01-28,18200.0,Upi,Success,176,442,2026-01-28
2961,3125,2026-05-29,1395.0,Upi,Success,169,90,2026-05-28
2962,3126,2025-02-19,17812.5,Credit Card,Success,156,658,2025-02-19
2963,3127,2025-11-17,6525.0,Upi,Success,170,830,2025-11-17
2964,3128,2024-03-06,1900.0,Debit Card,Success,132,745,2024-03-05
2965,3129,2024-11-08,8325.0,Net Banking,Success,68,62,2024-11-08
2966,3130,2025-07-27,5800.0,Debit Card,Success,24,887,2025-07-27
2967,3131,2025-11-25,19215.0,Debit Card,Success,109,847,2025-11-25
2968,3132,2025-05-04,6175.0,Credit Card,Success,176,156,2025-05-03
2969,3133,2025-06-16,2025.0,Upi,Success,89,568,2025-06-15
2970,3134,2024-11-27,21700.0,Debit Card,Success,46,292,2024-11-26
2971,3135,2025-09-15,4300.0,Upi,Success,39,703,2025-09-15
2972,3136,2026-06-04,46900.0,Credit Card,Success,55,186,2026-06-03
2973,3137,2026-05-06,17500.0,Credit Card,Success,38,454,2026-05-05
2974,3138,2024-06-25,3100.0,Upi,Success,169,762,2024-06-25
2975,3139,2024-05-01,4750.0,Credit Card,Success,166,879,2024-04-30
2976,3141,2026-02-16,1800.0,Credit Card,Success,127,249,2026-02-15
2977,3142,2024-05-28,6555.0,Credit Card,Success,53,583,2024-05-28
2978,3143,2026-06-27,9150.0,Debit Card,Pending,5,13,2026-06-26
2979,3144,2024-06-24,9150.0,Upi,Success,75,43,2024-06-23
2980,3145,2024-01-25,20340.0,Upi,Success,41,646,2024-01-24
2981,3146,2024-05-20,9200.0,Net Banking,Success,52,724,2024-05-19
2982,3147,2026-04-29,46900.0,Credit Card,Success,114,489,2026-04-29
2983,3148,2025-08-28,5700.0,Upi,Success,121,9,2025-08-27
2984,3149,2026-06-08,14040.0,Credit Card,Success,85,464,2026-06-08
2985,3150,2024-06-12,53550.0,Upi,Success,99,159,2024-06-11
2986,3151,2024-10-02,12000.0,Net Banking,Success,34,603,2024-10-02
2987,3152,2025-08-30,3240.0,Credit Card,Success,154,270,2025-08-29
2988,3153,2024-11-10,11200.0,Debit Card,Success,125,520,2024-11-09
2989,3154,2024-12-07,3240.0,Credit Card,Success,167,774,2024-12-07
2990,3155,2025-07-14,9400.0,Upi,Success,158,597,2025-07-14
2991,3157,2025-10-27,7200.0,Net Banking,Success,143,679,2025-10-27
2992,3158,2024-08-17,11780.0,Upi,Success,151,78,2024-08-17
2993,3159,2025-08-07,9000.0,Upi,Success,97,525,2025-08-06
2994,3160,2025-04-28,2137.5,Upi,Success,43,613,2025-04-28
2995,3161,2025-01-31,7790.0,Upi,Success,15,135,2025-01-31
2996,3162,2025-05-20,3562.5,Credit Card,Success,135,558,2025-05-20
2997,3163,2024-04-29,12000.0,Credit Card,Success,34,887,2024-04-29
2998,3164,2025-04-15,4500.0,Upi,Success,47,776,2025-04-15
2999,3165,2024-06-29,19500.0,Upi,Success,145,669,2024-06-29
3000,3166,2025-09-22,5985.0,Credit Card,Success,61,836,2025-09-22
3001,3167,2025-12-13,6900.0,Cash,Success,142,8,2025-12-13
3002,3169,2026-05-13,22050.0,Cash,Success,70,387,2026-05-13
3003,3170,2024-07-30,6900.0,Credit Card,Success,33,31,2024-07-30
3004,3171,2024-04-06,6900.0,Debit Card,Success,52,347,2024-04-05
3005,3172,2024-10-11,6345.0,Credit Card,Success,155,104,2024-10-11
3006,3173,2025-05-15,2900.0,Credit Card,Success,24,731,2025-05-14
3007,3174,2025-01-15,14060.0,Debit Card,Success,93,524,2025-01-14
3008,3175,2025-09-05,3015.0,Credit Card,Success,55,174,2025-09-04
3009,3176,2024-02-03,22015.0,Upi,Success,88,123,2024-02-03
3010,3177,2025-02-14,1187.5,Upi,Success,101,664,2025-02-14
3011,3179,2026-06-28,2280.0,Upi,Success,143,498,2026-06-28
3012,3180,2024-09-15,38000.0,Debit Card,Failed,37,740,2024-09-15
3013,3182,2025-10-05,11590.0,Debit Card,Success,5,437,2025-10-05
3014,3184,2025-06-17,6150.0,Debit Card,Success,15,661,2025-06-17
3015,3185,2024-10-29,4650.0,Credit Card,Success,16,804,2024-10-29
3016,3186,2026-01-30,53200.0,Upi,Success,108,191,2026-01-30
3017,3187,2025-02-02,1567.5,Credit Card,Success,115,629,2025-02-01
3018,3188,2026-01-30,1350.0,Credit Card,Success,162,106,2026-01-30
3019,3189,2025-01-31,15750.0,Net Banking,Success,105,857,2025-01-30
3020,3190,2024-09-25,7410.0,Net Banking,Success,175,80,2024-09-24
3021,3191,2024-05-02,16910.0,Debit Card,Success,134,353,2024-05-02
3022,3192,2024-09-10,28200.0,Upi,Success,173,890,2024-09-09
3023,3193,2024-02-06,13800.0,Debit Card,Refunded,53,829,2024-02-06
3024,3194,2026-01-21,1935.0,Debit Card,Success,58,832,2026-01-21
3025,3195,2025-08-29,2850.0,Upi,Success,177,892,2025-08-29
3026,3196,2025-09-08,47600.0,Cash,Success,125,301,2025-09-08
3027,3197,2026-06-29,6887.5,Debit Card,Success,131,466,2026-06-29
3028,3198,2025-03-10,7200.0,Cash,Success,154,473,2025-03-10
3029,3199,2025-05-15,12540.0,Debit Card,Success,49,693,2025-05-15
3030,3200,2024-09-28,1710.0,Upi,Failed,60,316,2024-09-28
3031,3201,2025-01-28,5220.0,Debit Card,Success,141,88,2025-01-28
3032,3202,2024-06-12,4100.0,Credit Card,Success,48,887,2024-06-12
3033,3203,2024-03-19,3145.0,Credit Card,Success,68,198,2024-03-18
3034,3204,2024-10-20,3990.0,Debit Card,Success,44,26,2024-10-20
3035,3206,2026-06-08,4700.0,Cash,Success,155,275,2026-06-08
3036,3207,2025-02-18,4800.0,Upi,Success,111,11,2025-02-18
3037,3208,2024-10-19,5535.0,Net Banking,Success,48,570,2024-10-18
3038,3209,2025-04-13,2517.5,Credit Card,Success,112,855,2025-04-13
3039,3210,2024-01-08,3800.0,Debit Card,Success,2,666,2024-01-08
3040,3211,2025-02-26,5842.5,Debit Card,Failed,48,743,2025-02-26
3041,3212,2026-06-29,9262.5,Credit Card,Success,163,500,2026-06-28
3042,3213,2025-05-31,5367.5,Credit Card,Success,9,180,2025-05-30
3043,3214,2024-01-14,6000.0,Upi,Success,127,318,2024-01-14
3044,3215,2025-08-24,5185.0,Upi,Failed,124,550,2025-08-24
3045,3216,2026-03-06,8027.5,Debit Card,Success,40,812,2026-03-06
3046,3217,2025-08-27,13545.0,Upi,Success,39,249,2025-08-27
3047,3218,2026-03-18,13200.0,Cash,Success,14,838,2026-03-18
3048,3220,2025-07-29,6840.0,Cash,Success,108,132,2025-07-29
3049,3221,2025-12-21,7200.0,Credit Card,Refunded,57,823,2025-12-20
3050,3223,2025-01-04,12200.0,Upi,Success,75,77,2025-01-03
3051,3224,2024-09-10,20750.0,Upi,Success,96,427,2024-09-09
3052,3225,2025-01-06,5700.0,Debit Card,Success,177,625,2025-01-05
3053,3226,2024-06-19,1845.0,Credit Card,Success,159,387,2024-06-19
3054,3227,2025-05-05,6000.0,Upi,Success,45,633,2025-05-05
3055,3228,2025-03-24,15485.0,Debit Card,Success,42,604,2025-03-24
3056,3229,2025-10-03,10402.5,Credit Card,Success,157,842,2025-10-02
3057,3230,2025-04-18,7600.0,Debit Card,Success,127,869,2025-04-18
3058,3231,2025-11-23,3700.0,Debit Card,Success,94,603,2025-11-23
3059,3232,2024-11-04,3350.0,Net Banking,Success,55,650,2024-11-04
3060,3233,2024-11-18,17800.0,Upi,Success,134,735,2024-11-18
3061,3234,2026-04-27,6697.5,Upi,Success,173,883,2026-04-27
3062,3235,2025-09-07,11100.0,Cash,Success,152,94,2025-09-07
3063,3236,2025-04-15,6660.0,Credit Card,Success,93,270,2025-04-14
3064,3237,2025-07-14,5400.0,Upi,Success,162,318,2025-07-13
3065,3238,2026-04-12,9500.0,Cash,Success,132,478,2026-04-12
3066,3239,2025-06-23,3350.0,Net Banking,Success,86,108,2025-06-23
3067,3240,2025-11-01,19125.0,Credit Card,Success,156,214,2025-11-01
3068,3241,2024-12-04,10687.5,Credit Card,Success,156,626,2024-12-04
3069,3242,2025-10-18,10830.0,Upi,Success,108,357,2025-10-18
3070,3243,2024-04-11,15960.0,Upi,Success,125,467,2024-04-11
3071,3244,2024-10-05,8075.0,Credit Card,Success,99,491,2024-10-04
3072,3245,2024-11-10,16450.0,Net Banking,Success,172,25,2024-11-09
3073,3246,2024-05-21,6200.0,Upi,Success,151,458,2024-05-21
3074,3247,2026-05-12,12350.0,Credit Card,Pending,150,401,2026-05-11
3075,3248,2025-12-10,13812.5,Credit Card,Success,150,40,2025-12-10
3076,3249,2024-02-24,7030.0,Upi,Success,93,308,2024-02-24
3077,3250,2025-07-17,3690.0,Credit Card,Success,15,468,2025-07-16
3078,3251,2024-02-01,17850.0,Debit Card,Success,106,536,2024-02-01
3079,3252,2026-01-06,1275.0,Debit Card,Pending,8,109,2026-01-06
3080,3253,2026-05-07,6500.0,Credit Card,Success,123,709,2026-05-07
3081,3254,2024-07-05,10687.5,Debit Card,Success,113,753,2024-07-04
3082,3255,2024-05-02,8250.0,Upi,Success,51,146,2024-05-02
3083,3256,2025-02-11,9690.0,Cash,Success,71,581,2025-02-10
3084,3257,2024-12-11,13600.0,Net Banking,Success,34,112,2024-12-10
3085,3258,2024-06-16,11970.0,Upi,Success,7,809,2024-06-16
3086,3259,2025-06-21,3420.0,Debit Card,Success,108,614,2025-06-21
3087,3260,2024-05-05,4410.0,Credit Card,Success,164,468,2024-05-05
3088,3261,2025-08-07,3690.0,Credit Card,Success,62,232,2025-08-07
3089,3262,2025-04-03,4500.0,Debit Card,Success,97,86,2025-04-03
3090,3263,2024-01-15,3050.0,Credit Card,Success,137,315,2024-01-15
3091,3264,2025-01-05,6250.0,Credit Card,Success,17,131,2025-01-05
3092,3265,2024-11-05,4860.0,Upi,Success,20,894,2024-11-05
3093,3266,2024-08-05,11025.0,Upi,Success,164,269,2024-08-05
3094,3267,2025-12-11,33725.0,Credit Card,Success,64,801,2025-12-11
3095,3268,2025-04-19,5842.5,Credit Card,Success,159,91,2025-04-19
3096,3269,2025-11-19,12060.0,Upi,Success,69,428,2025-11-18
3097,3270,2024-12-23,5950.0,Debit Card,Success,117,224,2024-12-23
3098,3272,2024-11-24,8692.5,Upi,Refunded,5,63,2024-11-24
3099,3273,2024-01-16,3330.0,Upi,Failed,88,701,2024-01-16
3100,3274,2026-06-20,12600.0,Net Banking,Success,7,339,2026-06-20
3101,3275,2025-09-13,15300.0,Upi,Success,99,816,2025-09-13
3102,3276,2024-08-01,6545.0,Credit Card,Success,149,699,2024-07-31
3103,3277,2026-05-26,9262.5,Net Banking,Success,145,349,2026-05-25
3104,3278,2025-09-08,13320.0,Upi,Success,93,647,2025-09-08
3105,3280,2024-12-31,19500.0,Upi,Success,85,55,2024-12-31
3106,3281,2024-02-16,18525.0,Credit Card,Failed,150,49,2024-02-16
3107,3283,2025-05-04,5557.5,Upi,Success,26,588,2025-05-04
3108,3284,2025-05-16,34675.0,Credit Card,Success,157,698,2025-05-15
3109,3285,2025-03-06,3750.0,Upi,Success,17,30,2025-03-06
3110,3286,2025-07-11,6175.0,Debit Card,Success,176,781,2025-07-10
3111,3287,2024-02-17,2000.0,Credit Card,Success,127,303,2024-02-17
3112,3288,2024-05-31,1377.5,Credit Card,Success,170,241,2024-05-31
3113,3289,2025-04-30,9975.0,Credit Card,Success,98,50,2025-04-30
3114,3290,2024-02-10,27710.0,Upi,Success,42,826,2024-02-10
3115,3291,2024-10-04,7837.5,Upi,Success,174,439,2024-10-04
3116,3292,2025-02-13,8407.5,Credit Card,Success,82,649,2025-02-12
3117,3293,2026-02-18,9225.0,Credit Card,Success,159,598,2026-02-18
3118,3295,2025-09-19,1232.5,Upi,Success,119,870,2025-09-18
3119,3296,2024-04-02,8170.0,Upi,Success,36,350,2024-04-01
3120,3297,2024-06-17,27000.0,Cash,Success,45,398,2024-06-16
3121,3298,2025-10-15,10830.0,Upi,Success,177,528,2025-10-15
3122,3299,2024-03-02,14012.5,Debit Card,Success,82,698,2024-03-02
3123,3300,2024-01-01,6400.0,Debit Card,Success,25,872,2024-01-01
3124,3301,2025-05-10,1615.0,Cash,Success,168,463,2025-05-10
3125,3302,2024-04-13,17955.0,Credit Card,Success,61,359,2024-04-13
3126,3303,2024-11-21,5670.0,Upi,Success,98,552,2024-11-21
3127,3304,2025-02-01,15300.0,Upi,Success,99,35,2025-02-01
3128,3305,2026-06-23,10000.0,Cash,Success,166,64,2026-06-22
3129,3306,2025-11-15,3200.0,Credit Card,Success,57,145,2025-11-14
3130,3307,2025-10-20,9000.0,Credit Card,Success,89,704,2025-10-19
3131,3308,2026-04-15,3050.0,Upi,Success,5,445,2026-04-15
3132,3309,2024-02-29,11970.0,Debit Card,Success,22,655,2024-02-29
3133,3310,2025-03-29,10650.0,Upi,Success,64,292,2025-03-29
3134,3311,2026-02-03,2700.0,Upi,Success,6,633,2026-02-02
3135,3312,2025-05-10,6247.5,Debit Card,Success,164,177,2025-05-09
3136,3313,2026-03-20,25800.0,Upi,Success,36,449,2026-03-19
3137,3314,2025-04-21,7030.0,Cash,Success,104,229,2025-04-21
3138,3315,2024-12-15,7200.0,Credit Card,Success,34,311,2024-12-15
3139,3316,2025-01-14,6800.0,Upi,Success,27,254,2025-01-14
3140,3317,2024-01-08,16200.0,Debit Card,Success,91,825,2024-01-08
3141,3319,2025-07-03,10125.0,Upi,Success,156,294,2025-07-02
3142,3320,2025-07-03,1305.0,Credit Card,Success,4,680,2025-07-03
3143,3321,2024-04-11,3465.0,Upi,Success,149,672,2024-04-11
3144,3322,2025-10-06,11500.0,Credit Card,Success,148,519,2025-10-06
3145,3323,2024-03-17,22780.0,Upi,Success,114,502,2024-03-16
3146,3325,2025-06-22,20500.0,Credit Card,Success,50,30,2025-06-22
3147,3326,2025-09-11,4200.0,Credit Card,Success,100,334,2025-09-11
3148,3327,2025-10-17,9690.0,Debit Card,Success,116,133,2025-10-17
3149,3328,2025-07-21,3657.5,Credit Card,Success,149,557,2025-07-21
3150,3329,2024-07-18,84500.0,Upi,Success,40,560,2024-07-18
3151,3330,2024-01-11,4417.5,Upi,Success,16,880,2024-01-11
3152,3331,2024-04-25,12540.0,Upi,Success,18,357,2024-04-25
3153,3332,2024-06-19,4300.0,Net Banking,Success,178,609,2024-06-19
3154,3333,2025-08-21,3990.0,Credit Card,Success,100,206,2025-08-20
3155,3334,2024-05-24,2900.0,Upi,Success,59,246,2024-05-24
3156,3335,2026-04-16,10070.0,Credit Card,Success,112,84,2026-04-15
3157,3336,2025-08-22,11685.0,Credit Card,Success,15,809,2025-08-22
3158,3337,2024-07-11,5510.0,Upi,Success,131,630,2024-07-10
3159,3338,2024-05-03,16300.0,Credit Card,Success,42,526,2024-05-03
3160,3339,2025-03-07,7000.0,Upi,Pending,133,408,2025-03-06
3161,3340,2025-10-16,15525.0,Upi,Success,92,468,2025-10-15
3162,3341,2025-09-23,14175.0,Upi,Success,89,839,2025-09-23
3163,3342,2024-01-03,6450.0,Upi,Success,178,669,2024-01-02
3164,3343,2024-10-19,1485.0,Debit Card,Success,174,39,2024-10-19
3165,3344,2024-11-11,12200.0,Debit Card,Success,109,52,2024-11-11
3166,3345,2025-01-30,9900.0,Upi,Success,14,703,2025-01-30
3167,3346,2026-01-03,6660.0,Credit Card,Success,107,256,2026-01-03
3168,3347,2024-01-16,19500.0,Net Banking,Failed,145,489,2024-01-16
3169,3348,2025-01-01,6630.0,Credit Card,Success,85,522,2024-12-31
3170,3349,2025-05-03,2945.0,Debit Card,Success,169,411,2025-05-03
3171,3350,2025-10-18,6745.0,Credit Card,Success,64,245,2025-10-18
3172,3351,2025-12-06,8300.0,Debit Card,Success,96,37,2025-12-06
3173,3352,2026-05-24,6460.0,Debit Card,Success,27,605,2026-05-23
3174,3353,2024-10-13,14490.0,Upi,Success,148,538,2024-10-13
3175,3354,2024-03-31,1900.0,Upi,Success,2,882,2024-03-30
3176,3355,2025-06-17,7182.5,Credit Card,Pending,40,450,2025-06-16
3177,3356,2024-11-10,8820.0,Credit Card,Success,100,714,2024-11-09
3178,3357,2025-11-13,4300.0,Upi,Success,118,393,2025-11-12
3179,3358,2024-11-21,6270.0,Credit Card,Success,18,711,2024-11-21
3180,3359,2024-01-22,6247.5,Debit Card,Success,179,867,2024-01-21
3181,3360,2026-06-11,4655.0,Upi,Success,164,175,2026-06-10
3182,3361,2024-09-05,1572.5,Debit Card,Success,79,112,2024-09-04
3183,3362,2024-02-27,11250.0,Credit Card,Success,89,327,2024-02-27
3184,3363,2026-03-13,9775.0,Upi,Success,33,527,2026-03-13
3185,3364,2024-05-12,11475.0,Upi,Success,20,46,2024-05-12
3186,3365,2026-02-04,14060.0,Credit Card,Success,54,252,2026-02-04
3187,3366,2024-04-07,9200.0,Upi,Success,23,276,2024-04-06
3188,3367,2025-01-26,3515.0,Upi,Success,94,45,2025-01-25
3189,3368,2024-09-08,1900.0,Net Banking,Success,168,482,2024-09-08
3190,3369,2026-02-21,17955.0,Net Banking,Success,20,119,2026-02-21
3191,3370,2024-07-20,2150.0,Debit Card,Success,130,504,2024-07-20
3192,3371,2025-02-16,9547.5,Upi,Success,95,605,2025-02-15
3193,3372,2025-07-27,4050.0,Cash,Success,89,734,2025-07-27
3194,3373,2025-02-19,10800.0,Debit Card,Success,1,592,2025-02-19
3195,3374,2026-03-12,9690.0,Debit Card,Success,153,784,2026-03-11
3196,3375,2025-12-29,8150.0,Upi,Success,42,207,2025-12-29
3197,3376,2026-04-26,16250.0,Upi,Success,145,481,2026-04-26
3198,3377,2026-05-16,2250.0,Upi,Success,38,854,2026-05-15
3199,3378,2026-05-26,2150.0,Upi,Success,31,277,2026-05-26
3200,3380,2024-04-09,11550.0,Upi,Success,115,540,2024-04-08
3201,3381,2024-04-08,3600.0,Credit Card,Pending,60,344,2024-04-08
3202,3382,2026-01-24,13600.0,Net Banking,Success,71,418,2026-01-24
3203,3383,2025-01-19,8670.0,Credit Card,Success,71,4,2025-01-19
3204,3384,2024-05-04,9045.0,Upi,Success,86,434,2024-05-04
3205,3385,2024-11-25,6697.5,Credit Card,Success,172,559,2024-11-24
3206,3386,2024-06-08,4800.0,Upi,Success,111,171,2024-06-08
3207,3387,2025-05-27,15485.0,Upi,Failed,42,223,2025-05-27
3208,3388,2026-06-17,3200.0,Debit Card,Success,25,285,2026-06-17
3209,3389,2025-11-22,8800.0,Debit Card,Success,171,844,2025-11-22
3210,3390,2024-07-21,2150.0,Upi,Success,118,286,2024-07-20
3211,3392,2026-02-02,17900.0,Credit Card,Success,144,494,2026-02-01
3212,3393,2025-11-29,2000.0,Credit Card,Success,2,494,2025-11-28
3213,3394,2025-04-12,2700.0,Debit Card,Refunded,162,772,2025-04-12
3214,3395,2024-02-12,2100.0,Debit Card,Success,98,586,2024-02-12
3215,3396,2025-11-24,7800.0,Net Banking,Success,163,685,2025-11-24
3216,3397,2026-01-26,17100.0,Net Banking,Success,168,311,2026-01-26
3217,3398,2024-11-05,10117.5,Credit Card,Refunded,64,206,2024-11-05
3218,3399,2024-11-23,21500.0,Net Banking,Success,58,144,2024-11-23
3219,3401,2024-03-08,4845.0,Cash,Success,106,547,2024-03-07
3220,3402,2024-07-10,7400.0,Debit Card,Success,94,168,2024-07-09
3221,3404,2025-11-05,2042.5,Credit Card,Success,118,537,2025-11-05
3222,3405,2025-09-12,2300.0,Upi,Success,33,108,2025-09-12
3223,3406,2025-11-05,1317.5,Credit Card,Pending,16,450,2025-11-04
3224,3407,2024-07-31,3145.0,Credit Card,Success,107,297,2024-07-31
3225,3408,2026-03-30,1710.0,Upi,Success,3,223,2026-03-30
3226,3409,2026-04-10,3325.0,Credit Card,Success,30,274,2026-04-09
3227,3410,2025-12-03,7030.0,Debit Card,Failed,88,798,2025-12-02
3228,3411,2025-04-28,3350.0,Credit Card,Success,95,632,2025-04-27
3229,3412,2026-06-13,2802.5,Credit Card,Success,82,357,2026-06-13
3230,3413,2024-11-26,40565.0,Credit Card,Success,140,664,2024-11-25
3231,3414,2025-03-15,2900.0,Upi,Success,59,833,2025-03-14
3232,3415,2024-10-03,8977.5,Credit Card,Failed,7,831,2024-10-02
3233,3416,2024-05-18,9315.0,Upi,Success,165,190,2024-05-18
3234,3417,2025-10-13,3705.0,Net Banking,Success,85,841,2025-10-13
3235,3418,2024-10-12,7560.0,Credit Card,Success,22,39,2024-10-12
3236,3419,2026-01-23,7600.0,Debit Card,Success,121,510,2026-01-23
3237,3420,2026-03-23,13800.0,Credit Card,Success,92,86,2026-03-22
3238,3421,2025-01-29,1400.0,Debit Card,Success,100,659,2025-01-29
3239,3422,2026-06-03,13950.0,Upi,Success,151,434,2026-06-03
3240,3425,2025-05-21,3330.0,Credit Card,Success,88,363,2025-05-20
3241,3426,2025-09-28,16600.0,Net Banking,Success,13,709,2025-09-28
3242,3427,2026-03-31,6200.0,Upi,Success,147,767,2026-03-30
3243,3428,2025-10-13,32500.0,Net Banking,Success,150,625,2025-10-12
3244,3429,2026-06-18,6885.0,Upi,Success,106,506,2026-06-17
3245,3430,2025-03-21,41500.0,Credit Card,Success,96,24,2025-03-21
3246,3431,2024-12-06,21000.0,Debit Card,Success,91,661,2024-12-06
3247,3432,2025-08-20,5185.0,Upi,Success,109,508,2025-08-20
3248,3433,2024-03-17,20300.0,Credit Card,Success,170,716,2024-03-17
3249,3435,2025-10-12,2000.0,Debit Card,Success,2,515,2025-10-11
3250,3437,2026-06-21,21060.0,Debit Card,Success,80,273,2026-06-20
3251,3438,2024-05-24,5600.0,Upi,Success,44,478,2024-05-24
3252,3439,2024-06-23,15555.0,Net Banking,Success,5,764,2024-06-22
3253,3440,2025-06-27,24225.0,Upi,Success,99,554,2025-06-27
3254,3441,2024-10-08,9562.5,Debit Card,Success,156,65,2024-10-08
3255,3442,2025-11-17,3825.0,Credit Card,Success,113,238,2025-11-16
3256,3443,2025-04-24,33500.0,Net Banking,Success,114,402,2025-04-24
3257,3444,2025-10-19,21090.0,Upi,Success,88,161,2025-10-19
3258,3445,2025-09-15,4370.0,Credit Card,Success,23,21,2025-09-15
3259,3446,2026-05-17,10350.0,Debit Card,Success,142,134,2026-05-17
3260,3447,2025-10-03,17100.0,Cash,Success,177,239,2025-10-03
3261,3448,2024-09-20,116375.0,Upi,Success,136,401,2024-09-20
3262,3449,2026-06-05,1450.0,Cash,Success,170,207,2026-06-05
3263,3450,2025-01-02,4900.0,Upi,Success,164,821,2025-01-02
3264,3451,2024-12-21,1955.0,Upi,Success,23,521,2024-12-21
3265,3453,2024-07-23,23970.0,Credit Card,Success,173,61,2024-07-23
3266,3454,2024-07-13,13230.0,Cash,Success,164,648,2024-07-13
3267,3455,2024-10-03,2520.0,Debit Card,Success,65,484,2024-10-02
3268,3456,2024-03-07,6887.5,Upi,Success,131,788,2024-03-06
3269,3457,2025-04-05,2000.0,Upi,Success,127,486,2025-04-05
3270,3458,2025-09-02,2992.5,Upi,Failed,7,744,2025-09-01
3271,3459,2025-11-01,6555.0,Credit Card,Success,33,457,2025-11-01
3272,3460,2025-04-28,8925.0,Debit Card,Success,30,198,2025-04-27
3273,3461,2026-03-02,11100.0,Credit Card,Success,88,186,2026-03-01
3274,3462,2026-04-24,3420.0,Debit Card,Success,60,798,2026-04-24
3275,3463,2024-12-03,5580.0,Net Banking,Success,169,306,2024-12-03
3276,3464,2026-06-06,7740.0,Upi,Success,130,898,2026-06-05
3277,3465,2024-06-18,8835.0,Net Banking,Success,16,280,2024-06-17
3278,3466,2025-06-14,9000.0,Credit Card,Success,167,665,2025-06-14
3279,3467,2024-11-15,2790.0,Debit Card,Success,46,823,2024-11-14
3280,3469,2025-12-31,4600.0,Debit Card,Success,52,861,2025-12-30
3281,3470,2025-04-12,2340.0,Debit Card,Success,138,88,2025-04-12
3282,3471,2024-07-22,5400.0,Net Banking,Success,6,716,2024-07-21
3283,3472,2024-05-03,14820.0,Net Banking,Success,80,765,2024-05-03
3284,3473,2026-01-24,15480.0,Cash,Success,36,185,2026-01-24
3285,3474,2024-04-14,26800.0,Debit Card,Success,114,95,2024-04-14
3286,3475,2025-09-03,12600.0,Credit Card,Success,7,804,2025-09-03
3287,3476,2025-05-04,3200.0,Debit Card,Success,25,68,2025-05-04
3288,3477,2025-04-28,2200.0,Upi,Success,171,621,2025-04-28
3289,3478,2025-02-13,19800.0,Credit Card,Success,83,9,2025-02-13
3290,3479,2024-06-13,2660.0,Upi,Success,77,715,2024-06-13
3291,3480,2025-04-27,7600.0,Credit Card,Success,25,720,2025-04-27
3292,3481,2026-03-31,15075.0,Debit Card,Success,95,398,2026-03-31
3293,3482,2025-10-09,2800.0,Credit Card,Failed,77,686,2025-10-09
3294,3483,2026-03-14,1485.0,Net Banking,Success,115,780,2026-03-13
3295,3484,2024-10-28,3650.0,Upi,Success,157,885,2024-10-28
3296,3485,2024-02-21,4350.0,Credit Card,Success,170,495,2024-02-21
3297,3486,2024-01-20,6450.0,Net Banking,Success,39,741,2024-01-19
3298,3487,2025-03-12,8950.0,Cash,Success,144,771,2025-03-12
3299,3488,2024-01-07,23800.0,Net Banking,Success,84,699,2024-01-07
3300,3489,2025-01-02,1650.0,Upi,Success,51,191,2025-01-01
3301,3490,2025-09-30,4860.0,Credit Card,Success,21,777,2025-09-30
3302,3494,2025-01-30,7500.0,Credit Card,Success,156,307,2025-01-29
3303,3495,2025-02-27,2975.0,Upi,Refunded,30,381,2025-02-27
3304,3497,2026-03-29,2167.5,Credit Card,Pending,153,508,2026-03-29
3305,3498,2025-08-07,13800.0,Net Banking,Success,73,33,2025-08-06
3306,3499,2024-07-29,15800.0,Upi,Success,146,101,2024-07-28
3307,3500,2026-06-07,3330.0,Upi,Success,93,159,2026-06-07
3308,3501,2024-05-28,16102.5,Upi,Success,9,812,2024-05-27
3309,3502,2026-01-03,3050.0,Upi,Success,140,47,2026-01-02
3310,3503,2025-02-23,8550.0,Credit Card,Success,177,314,2025-02-23
3311,3504,2026-01-10,2707.5,Net Banking,Success,177,670,2026-01-10
3312,3505,2024-03-18,5650.0,Upi,Success,9,3,2024-03-17
3313,3506,2024-04-16,13000.0,Net Banking,Success,150,292,2024-04-16
3314,3507,2024-03-21,7410.0,Upi,Success,26,160,2024-03-21
3315,3508,2024-12-07,4185.0,Upi,Success,66,111,2024-12-07
3316,3509,2025-09-06,3700.0,Upi,Pending,88,776,2025-09-05
3317,3510,2024-03-02,4750.0,Debit Card,Success,17,169,2024-03-02
3318,3511,2025-10-28,4940.0,Credit Card,Success,63,192,2025-10-28
3319,3512,2024-06-28,4050.0,Upi,Success,6,768,2024-06-28
3320,3513,2024-10-03,10350.0,Upi,Success,165,71,2024-10-03
3321,3514,2024-07-09,17000.0,Upi,Failed,32,52,2024-07-08
3322,3515,2026-05-07,8400.0,Debit Card,Success,22,383,2026-05-07
3323,3516,2025-10-04,24510.0,Upi,Failed,36,99,2025-10-03
3324,3517,2025-07-01,48900.0,Credit Card,Success,42,24,2025-07-01
3325,3518,2024-05-29,19500.0,Upi,Success,161,344,2024-05-29
3326,3519,2024-05-20,1377.5,Credit Card,Success,59,63,2024-05-20
3327,3520,2025-03-11,1665.0,Debit Card,Refunded,79,190,2025-03-10
3328,3521,2025-09-23,39500.0,Net Banking,Success,35,490,2025-09-23
3329,3522,2025-09-19,14000.0,Debit Card,Success,133,461,2025-09-19
3330,3523,2025-12-08,12200.0,Cash,Success,75,633,2025-12-08
3331,3524,2024-10-16,29050.0,Upi,Success,13,674,2024-10-16
3332,3525,2026-04-14,2300.0,Upi,Success,73,146,2026-04-14
3333,3526,2024-08-25,6750.0,Debit Card,Failed,105,77,2024-08-25
3334,3527,2024-02-10,21420.0,Debit Card,Success,29,619,2024-02-10
3335,3528,2024-05-11,4650.0,Debit Card,Success,16,202,2024-05-11
3336,3529,2024-11-06,5510.0,Credit Card,Success,131,551,2024-11-05
3337,3530,2025-07-18,10710.0,Upi,Success,7,532,2025-07-18
3338,3531,2024-02-20,10640.0,Upi,Success,125,846,2024-02-20
3339,3532,2025-02-04,5940.0,Upi,Success,14,294,2025-02-03
3340,3533,2025-05-16,5000.0,Credit Card,Success,166,226,2025-05-16
3341,3534,2025-10-17,16625.0,Credit Card,Success,133,850,2025-10-17
3342,3535,2024-10-10,3900.0,Upi,Success,163,361,2024-10-10
3343,3537,2024-01-22,7837.5,Credit Card,Success,51,107,2024-01-21
3344,3538,2025-07-21,1650.0,Upi,Success,115,708,2025-07-21
3345,3539,2025-04-26,8692.5,Debit Card,Success,137,364,2025-04-25
3346,3540,2026-02-01,8450.0,Credit Card,Success,40,25,2026-02-01
3347,3542,2025-02-26,1530.0,Upi,Success,60,450,2025-02-25
3348,3543,2024-07-18,11400.0,Debit Card,Failed,1,433,2024-07-18
3349,3544,2025-11-16,5400.0,Upi,Success,56,407,2025-11-16
3350,3545,2025-07-04,6525.0,Credit Card,Success,126,414,2025-07-04
3351,3546,2024-11-18,6075.0,Credit Card,Success,97,485,2024-11-18
3352,3547,2025-11-26,3325.0,Debit Card,Failed,70,183,2025-11-26
3353,3548,2024-05-27,9800.0,Credit Card,Success,65,633,2024-05-26
3354,3549,2026-01-16,19950.0,Upi,Failed,22,498,2026-01-15
3355,3550,2024-02-28,1062.5,Debit Card,Success,17,826,2024-02-28
3356,3551,2024-06-01,2000.0,Credit Card,Success,127,344,2024-05-31
3357,3552,2025-11-28,2900.0,Upi,Success,141,257,2025-11-28
3358,3553,2024-11-28,10200.0,Credit Card,Success,34,479,2024-11-28
3359,3554,2026-02-02,2115.0,Credit Card,Success,172,390,2026-02-01
3360,3555,2024-02-15,7395.0,Debit Card,Success,126,477,2024-02-15
3361,3557,2026-06-12,3250.0,Debit Card,Success,150,608,2026-06-12
3362,3558,2026-02-17,2465.0,Upi,Success,126,521,2026-02-17
3363,3559,2025-09-03,8170.0,Debit Card,Success,36,782,2025-09-03
3364,3560,2025-02-04,14060.0,Credit Card,Success,104,384,2025-02-03
3365,3561,2025-07-27,1377.5,Upi,Success,170,290,2025-07-27
3366,3562,2026-05-22,8900.0,Credit Card,Success,134,416,2026-05-22
3367,3563,2024-02-21,50400.0,Upi,Success,37,497,2024-02-20
3368,3564,2024-02-07,7200.0,Debit Card,Success,57,464,2024-02-06
3369,3565,2024-08-21,5400.0,Debit Card,Success,162,148,2024-08-21
3370,3566,2026-01-30,13870.0,Debit Card,Success,157,253,2026-01-29
3371,3567,2025-04-27,8550.0,Upi,Failed,132,88,2025-04-27
3372,3568,2024-02-01,8502.5,Upi,Pending,144,742,2024-02-01
3373,3569,2026-04-28,20740.0,Net Banking,Success,124,369,2026-04-28
3374,3570,2026-03-30,2050.0,Net Banking,Success,90,244,2026-03-30
3375,3571,2025-01-06,4180.0,Credit Card,Success,171,405,2025-01-05
3376,3572,2026-03-14,1472.5,Credit Card,Success,28,231,2026-03-13
3377,3573,2025-02-19,1757.5,Debit Card,Success,79,491,2025-02-19
3378,3574,2026-01-24,3250.0,Net Banking,Success,150,727,2026-01-24
3379,3575,2025-01-22,22800.0,Debit Card,Pending,108,665,2025-01-22
3380,3576,2025-02-19,2050.0,Net Banking,Success,48,142,2025-02-19
3381,3577,2025-04-06,20100.0,Credit Card,Success,69,202,2025-04-06
3382,3578,2025-04-25,20825.0,Upi,Success,70,726,2025-04-24
3383,3579,2026-03-24,12350.0,Debit Card,Success,123,197,2026-03-24
3384,3580,2025-11-08,3515.0,Credit Card,Success,94,554,2025-11-08
3385,3581,2024-08-01,10800.0,Upi,Refunded,56,326,2024-07-31
3386,3582,2026-04-05,5535.0,Credit Card,Success,90,268,2026-04-05
3387,3583,2025-07-11,15200.0,Upi,Success,37,706,2025-07-11
3388,3584,2024-12-20,14100.0,Credit Card,Success,173,571,2024-12-20
3389,3585,2025-09-03,2945.0,Credit Card,Success,28,310,2025-09-03
3390,3586,2025-12-10,24225.0,Debit Card,Success,99,84,2025-12-09
3391,3588,2024-09-03,4987.5,Debit Card,Success,117,809,2024-09-02
3392,3589,2025-03-13,3800.0,Net Banking,Success,37,875,2025-03-12
3393,3590,2026-06-25,12800.0,Credit Card,Success,81,762,2026-06-25
3394,3591,2024-12-19,19350.0,Upi,Success,31,464,2024-12-18
3395,3592,2026-05-16,6650.0,Debit Card,Success,70,51,2026-05-15
3396,3593,2025-10-10,7220.0,Credit Card,Success,76,92,2025-10-09
3397,3594,2024-12-04,40750.0,Credit Card,Success,42,520,2024-12-04
3398,3595,2025-11-30,1947.5,Upi,Success,159,593,2025-11-30
3399,3596,2024-05-25,33250.0,Debit Card,Success,166,715,2024-05-25
3400,3597,2026-04-08,6700.0,Debit Card,Success,55,653,2026-04-07
3401,3598,2025-06-18,7220.0,Upi,Success,129,798,2025-06-17
3402,3599,2024-06-04,7600.0,Credit Card,Failed,84,712,2024-06-03
3403,3600,2025-12-23,10735.0,Net Banking,Success,41,73,2025-12-22
3404,3601,2025-01-04,5650.0,Upi,Pending,9,317,2025-01-04
3405,3603,2025-03-28,7500.0,Cash,Success,156,501,2025-03-28
3406,3604,2025-09-28,6300.0,Upi,Success,44,847,2025-09-28
3407,3605,2024-02-21,3087.5,Upi,Success,145,156,2024-02-21
3408,3606,2024-02-15,4350.0,Debit Card,Pending,24,312,2024-02-15
3409,3607,2025-05-08,2150.0,Net Banking,Success,178,633,2025-05-08
3410,3608,2024-10-17,1785.0,Net Banking,Success,98,238,2024-10-17
3411,3609,2024-03-08,13200.0,Debit Card,Success,11,213,2024-03-08
3412,3610,2025-11-09,5272.5,Upi,Refunded,68,824,2025-11-08
3413,3611,2026-06-24,7790.0,Upi,Refunded,50,209,2026-06-24
3414,3612,2024-04-24,21500.0,Upi,Success,39,852,2024-04-23
3415,3613,2024-06-17,31500.0,Cash,Success,97,473,2024-06-17
3416,3614,2024-06-06,4800.0,Upi,Success,139,571,2024-06-06
3417,3615,2025-04-05,14750.0,Net Banking,Success,82,246,2025-04-05
3418,3616,2025-12-12,3375.0,Upi,Success,101,255,2025-12-11
3419,3617,2024-05-27,8170.0,Upi,Success,19,487,2024-05-27
3420,3618,2026-02-24,16910.0,Net Banking,Success,134,386,2026-02-24
3421,3619,2024-08-19,13350.0,Credit Card,Success,134,189,2024-08-19
3422,3620,2025-12-09,3990.0,Upi,Success,100,401,2025-12-09
3423,3621,2024-03-17,6800.0,Debit Card,Success,29,650,2024-03-16
3424,3622,2024-05-25,5950.0,Credit Card,Success,70,59,2024-05-24
3425,3623,2025-10-29,14040.0,Credit Card,Success,85,631,2025-10-29
3426,3624,2024-06-30,11560.0,Net Banking,Pending,71,109,2024-06-29
3427,3625,2025-04-09,18500.0,Credit Card,Success,88,838,2025-04-09
3428,3626,2025-05-20,25270.0,Credit Card,Success,110,789,2025-05-20
3429,3627,2025-03-16,10370.0,Debit Card,Success,137,638,2025-03-15
3430,3628,2024-12-22,14577.5,Upi,Success,164,638,2024-12-21
3431,3629,2024-02-03,23700.0,Credit Card,Success,146,312,2024-02-03
3432,3630,2026-02-19,28500.0,Debit Card,Pending,45,358,2026-02-18
3433,3631,2025-01-01,8910.0,Credit Card,Failed,83,694,2025-01-01
3434,3632,2024-10-13,4180.0,Debit Card,Success,18,102,2024-10-13
3435,3634,2026-01-16,2660.0,Credit Card,Success,77,706,2026-01-16
3436,3636,2025-09-21,3015.0,Upi,Success,86,179,2025-09-21
3437,3637,2025-05-19,3135.0,Debit Card,Success,83,737,2025-05-19
3438,3638,2024-05-14,7800.0,Upi,Success,85,283,2024-05-14
3439,3639,2024-12-05,3697.5,Debit Card,Success,170,301,2024-12-05
3440,3640,2024-12-14,4350.0,Credit Card,Success,141,733,2024-12-13
3441,3641,2024-11-06,9675.0,Credit Card,Success,118,256,2024-11-05
3442,3642,2024-02-26,10200.0,Debit Card,Success,1,289,2024-02-25
3443,3643,2024-10-02,11100.0,Upi,Success,93,632,2024-10-02
3444,3644,2024-04-01,1400.0,Net Banking,Success,77,167,2024-04-01
3445,3645,2024-11-24,9180.0,Cash,Success,10,854,2024-11-24
3446,3646,2025-09-12,6555.0,Upi,Success,53,469,2025-09-12
3447,3647,2025-11-05,1852.5,Credit Card,Success,175,412,2025-11-04
3448,3648,2025-01-24,15200.0,Upi,Success,81,796,2025-01-23
3449,3649,2025-03-01,6975.0,Upi,Success,169,114,2025-03-01
3450,3650,2025-03-10,6480.0,Upi,Success,3,174,2025-03-10
3451,3651,2025-08-21,7600.0,Debit Card,Success,121,211,2025-08-20
3452,3652,2026-06-07,12730.0,Credit Card,Success,69,607,2026-06-06
3453,3653,2024-03-31,8265.0,Net Banking,Success,170,706,2024-03-31
3454,3654,2024-08-02,3182.5,Debit Card,Success,69,241,2024-08-01
3455,3655,2025-03-03,6525.0,Credit Card,Success,131,497,2025-03-02
3456,3656,2024-07-04,11900.0,Credit Card,Success,133,301,2024-07-04
3457,3657,2025-05-02,11300.0,Net Banking,Success,9,821,2025-05-02
3458,3658,2025-06-07,17775.0,Upi,Success,35,282,2025-06-07
3459,3659,2025-05-22,6460.0,Debit Card,Success,71,215,2025-05-21
3460,3660,2024-04-03,14297.5,Upi,Success,58,252,2024-04-03
3461,3661,2026-05-27,11400.0,Credit Card,Refunded,177,499,2026-05-27
3462,3663,2026-05-10,4275.0,Credit Card,Success,97,444,2026-05-09
3463,3664,2024-09-09,1852.5,Credit Card,Success,163,875,2024-09-08
3464,3665,2024-09-19,6345.0,Upi,Success,172,739,2024-09-19
3465,3666,2025-05-16,7400.0,Upi,Failed,79,129,2025-05-16
3466,3667,2024-04-14,6290.0,Credit Card,Success,79,431,2024-04-13
3467,3668,2026-02-13,4400.0,Cash,Success,171,817,2026-02-13
3468,3669,2025-07-25,9450.0,Upi,Success,20,244,2025-07-25
3469,3670,2025-05-11,20000.0,Credit Card,Success,34,767,2025-05-11
3470,3671,2026-02-19,10350.0,Net Banking,Success,53,873,2026-02-19
3471,3673,2025-11-21,3420.0,Credit Card,Failed,110,242,2025-11-21
3472,3674,2024-06-12,6000.0,Cash,Refunded,1,544,2024-06-12
3473,3675,2024-03-31,28000.0,Upi,Success,72,820,2024-03-30
3474,3676,2025-08-16,7050.0,Net Banking,Success,172,96,2025-08-15
3475,3677,2024-08-28,6900.0,Upi,Success,165,3,2024-08-28
3476,3678,2024-07-12,6600.0,Net Banking,Success,174,465,2024-07-11
3477,3679,2024-08-08,11875.0,Cash,Success,38,284,2024-08-08
3478,3680,2024-08-18,3895.0,Credit Card,Success,50,227,2024-08-18
3479,3681,2025-05-07,2790.0,Upi,Success,147,755,2025-05-06
3480,3682,2024-02-21,22610.0,Upi,Success,29,583,2024-02-21
3481,3683,2024-02-08,12400.0,Upi,Success,147,597,2024-02-08
3482,3684,2025-03-12,12300.0,Debit Card,Success,15,110,2025-03-12
3483,3685,2025-11-12,3200.0,Debit Card,Success,57,100,2025-11-12
3484,3686,2026-02-08,3610.0,Debit Card,Success,121,882,2026-02-07
3485,3687,2025-07-13,1850.0,Credit Card,Success,94,515,2025-07-13
3486,3688,2026-05-23,19750.0,Upi,Refunded,35,339,2026-05-23
3487,3689,2024-06-07,1800.0,Cash,Success,60,452,2024-06-06
3488,3690,2024-06-12,11250.0,Credit Card,Success,101,345,2024-06-12
3489,3691,2024-12-28,6600.0,Cash,Success,14,212,2024-12-28
3490,3692,2025-03-10,43350.0,Credit Card,Success,99,764,2025-03-10
3491,3693,2026-02-08,2250.0,Cash,Success,43,775,2026-02-08
3492,3694,2024-10-22,5795.0,Upi,Success,137,54,2024-10-22
3493,3695,2026-05-21,3697.5,Debit Card,Success,131,638,2026-05-20
3494,3696,2025-09-10,6887.5,Credit Card,Success,24,99,2025-09-09
3495,3697,2024-09-24,8330.0,Upi,Success,164,477,2024-09-24
3496,3698,2024-08-17,11880.0,Debit Card,Success,83,270,2024-08-17
3497,3699,2024-06-15,8500.0,Debit Card,Success,166,60,2024-06-14
3498,3700,2025-05-21,8312.5,Debit Card,Failed,136,336,2025-05-21
3499,3701,2026-02-21,6150.0,Upi,Success,15,778,2026-02-20
3500,3702,2024-09-25,13175.0,Credit Card,Success,28,867,2024-09-24
3501,3703,2025-10-20,9990.0,Upi,Success,152,159,2025-10-19
3502,3704,2026-03-21,6935.0,Upi,Success,157,657,2026-03-21
3503,3705,2024-08-14,10687.5,Credit Card,Success,74,320,2024-08-14
3504,3706,2025-05-19,3915.0,Cash,Success,4,397,2025-05-19
3505,3707,2026-02-07,19040.0,Upi,Success,125,29,2026-02-07
3506,3708,2024-08-09,10545.0,Credit Card,Failed,107,822,2024-08-09
3507,3709,2025-02-14,4860.0,Credit Card,Success,167,835,2025-02-13
3508,3710,2025-11-22,29750.0,Upi,Success,102,391,2025-11-22
3509,3711,2024-01-08,1215.0,Credit Card,Success,6,103,2024-01-07
3510,3712,2024-02-12,22610.0,Upi,Success,10,125,2024-02-12
3511,3714,2024-04-23,1757.5,Debit Card,Success,79,82,2024-04-22
3512,3715,2025-01-25,26267.5,Net Banking,Success,35,605,2025-01-25
3513,3716,2026-06-07,12000.0,Net Banking,Success,84,260,2026-06-07
3514,3717,2026-01-03,31500.0,Debit Card,Success,133,680,2026-01-03
3515,3718,2025-09-24,1330.0,Credit Card,Success,44,302,2025-09-24
3516,3719,2025-10-07,5700.0,Credit Card,Success,129,454,2025-10-06
3517,3720,2024-05-14,4417.5,Upi,Success,28,797,2024-05-13
3518,3721,2024-01-12,3895.0,Net Banking,Success,50,630,2024-01-12
3519,3722,2024-06-28,5085.0,Upi,Success,9,648,2024-06-27
3520,3723,2024-02-13,28000.0,Net Banking,Success,127,126,2024-02-12
3521,3724,2024-11-07,6750.0,Credit Card,Success,89,480,2024-11-07
3522,3725,2025-04-21,15400.0,Upi,Success,149,217,2025-04-21
3523,3726,2024-11-24,5490.0,Upi,Pending,137,647,2024-11-24
3524,3727,2025-10-06,8835.0,Debit Card,Success,16,194,2025-10-05
3525,3728,2024-10-27,28980.0,Credit Card,Success,52,568,2024-10-27
3526,3729,2025-03-03,40750.0,Net Banking,Success,42,136,2025-03-03
3527,3730,2025-11-12,5760.0,Credit Card,Success,57,862,2025-11-11
3528,3731,2025-05-08,3510.0,Credit Card,Success,80,898,2025-05-08
3529,3732,2024-09-06,7742.5,Upi,Success,42,562,2024-09-06
3530,3733,2025-10-15,14237.5,Net Banking,Success,95,450,2025-10-14
3531,3735,2024-05-23,10750.0,Upi,Success,58,142,2024-05-22
3532,3736,2024-01-09,2375.0,Upi,Success,135,178,2024-01-09
3533,3737,2024-03-30,1282.5,Credit Card,Pending,21,765,2024-03-30
3534,3738,2026-05-20,9150.0,Debit Card,Failed,75,138,2026-05-20
3535,3739,2026-05-03,9675.0,Net Banking,Failed,130,894,2026-05-03
3536,3740,2025-06-29,3230.0,Credit Card,Success,122,266,2025-06-29
3537,3741,2024-12-08,6127.5,Credit Card,Success,118,578,2024-12-07
3538,3742,2025-10-28,2150.0,Debit Card,Success,39,126,2025-10-28
3539,3743,2025-01-15,7200.0,Debit Card,Refunded,167,33,2025-01-15
3540,3745,2025-11-19,4140.0,Debit Card,Success,33,671,2025-11-18
3541,3746,2024-07-30,28000.0,Credit Card,Success,125,685,2024-07-30
3542,3747,2026-01-26,2375.0,Upi,Success,17,456,2026-01-25
3543,3748,2024-06-29,6900.0,Net Banking,Success,23,348,2024-06-29
3544,3749,2024-11-27,7500.0,Upi,Failed,156,221,2024-11-27
3545,3750,2024-06-27,35595.0,Debit Card,Success,41,739,2024-06-27
3546,3751,2024-01-01,16450.0,Upi,Success,158,145,2024-01-01
3547,3752,2024-12-05,6400.0,Debit Card,Success,57,407,2024-12-04
3548,3753,2025-08-31,43470.0,Debit Card,Success,165,132,2025-08-30
3549,3754,2024-08-30,7560.0,Net Banking,Success,22,90,2024-08-30
3550,3755,2025-06-14,10750.0,Upi,Success,178,673,2025-06-14
3551,3756,2024-05-29,11500.0,Credit Card,Success,23,438,2024-05-28
3552,3757,2025-06-11,6697.5,Upi,Success,172,298,2025-06-11
3553,3758,2026-04-14,11400.0,Upi,Success,116,756,2026-04-14
3554,3759,2026-06-07,7400.0,Credit Card,Success,54,100,2026-06-07
3555,3760,2025-06-01,3700.0,Cash,Success,104,896,2025-06-01
3556,3761,2025-03-13,34000.0,Credit Card,Success,99,590,2025-03-12
3557,3762,2025-09-23,12825.0,Upi,Success,89,881,2025-09-23
3558,3763,2024-03-06,13300.0,Upi,Success,70,15,2024-03-06
3559,3764,2024-02-22,7480.0,Upi,Success,18,566,2024-02-21
3560,3765,2025-10-18,1350.0,Credit Card,Success,21,580,2025-10-18
3561,3766,2024-12-06,3375.0,Debit Card,Refunded,135,76,2024-12-06
3562,3767,2025-12-01,4370.0,Credit Card,Success,33,130,2025-12-01
3563,3768,2026-06-12,8977.5,Upi,Failed,21,500,2026-06-12
3564,3769,2024-09-02,13775.0,Debit Card,Success,126,693,2024-09-02
3565,3770,2026-06-01,6900.0,Debit Card,Success,33,329,2026-06-01
3566,3771,2024-09-14,3895.0,Credit Card,Success,50,424,2024-09-14
3567,3772,2026-01-01,21090.0,Debit Card,Success,152,426,2025-12-31
3568,3773,2024-09-16,19950.0,Credit Card,Success,30,528,2024-09-16
3569,3774,2024-11-29,2900.0,Upi,Success,126,483,2024-11-29
3570,3775,2025-01-17,2755.0,Upi,Success,170,426,2025-01-17
3571,3776,2025-05-05,2565.0,Upi,Success,21,234,2025-05-05
3572,3777,2025-03-11,11610.0,Upi,Success,118,847,2025-03-10
3573,3778,2026-03-02,11400.0,Debit Card,Success,108,838,2026-03-02
3574,3779,2024-11-15,22600.0,Upi,Success,9,884,2024-11-14
3575,3780,2024-07-09,4930.0,Upi,Success,4,224,2024-07-09
3576,3781,2026-04-15,1350.0,Debit Card,Success,21,681,2026-04-15
3577,3782,2025-05-02,5800.0,Debit Card,Success,131,511,2025-05-01
3578,3783,2026-01-12,11730.0,Upi,Failed,92,477,2026-01-12
3579,3784,2025-03-03,25550.0,Upi,Success,157,56,2025-03-02
3580,3785,2026-05-26,17250.0,Credit Card,Success,53,137,2026-05-26
3581,3786,2025-01-29,45885.0,Debit Card,Success,165,234,2025-01-29
3582,3787,2025-01-18,4300.0,Cash,Success,58,222,2025-01-17
3583,3788,2025-03-03,2850.0,Upi,Success,8,553,2025-03-03
3584,3789,2025-02-11,6450.0,Upi,Success,178,770,2025-02-11
3585,3790,2026-02-08,3600.0,Debit Card,Success,72,739,2026-02-07
3586,3791,2025-01-06,7125.0,Cash,Success,17,183,2025-01-06
3587,3792,2026-06-07,9180.0,Credit Card,Success,27,694,2026-06-07
3588,3793,2024-11-02,2150.0,Debit Card,Success,39,319,2024-11-02
3589,3794,2026-02-16,11400.0,Upi,Success,121,621,2026-02-16
3590,3795,2024-05-20,15912.5,Debit Card,Success,69,555,2024-05-19
3591,3796,2025-03-07,4300.0,Cash,Success,58,148,2025-03-07
3592,3797,2024-04-04,3750.0,Debit Card,Success,101,176,2024-04-04
3593,3798,2025-03-29,6982.5,Upi,Success,179,769,2025-03-28
3594,3800,2024-06-24,6555.0,Credit Card,Failed,148,883,2024-06-24
3595,3801,2024-08-13,12730.0,Credit Card,Success,128,513,2024-08-12
3596,3802,2025-02-28,15010.0,Upi,Success,78,616,2025-02-28
3597,3803,2024-06-19,11100.0,Upi,Success,104,514,2024-06-19
3598,3804,2024-12-02,11610.0,Credit Card,Success,178,396,2024-12-01
3599,3805,2024-04-25,4085.0,Upi,Success,39,178,2024-04-24
3600,3806,2026-03-28,6000.0,Credit Card,Success,1,586,2026-03-27
3601,3807,2024-06-04,2897.5,Credit Card,Pending,109,433,2024-06-03
3602,3808,2025-05-30,2090.0,Upi,Success,18,63,2025-05-29
3603,3809,2025-08-24,4230.0,Upi,Success,155,859,2025-08-24
3604,3810,2024-09-08,4950.0,Upi,Success,51,540,2024-09-08
3605,3811,2024-12-19,4455.0,Credit Card,Success,115,216,2024-12-19
3606,3812,2024-02-08,9262.5,Debit Card,Success,163,618,2024-02-08
3607,3813,2025-08-17,20947.5,Credit Card,Failed,7,386,2025-08-16
3608,3814,2026-01-12,6840.0,Net Banking,Success,139,405,2026-01-12
3609,3815,2025-02-18,28475.0,Cash,Success,114,826,2025-02-17
3610,3816,2024-02-16,4600.0,Upi,Success,148,449,2024-02-16
3611,3817,2024-02-13,3100.0,Debit Card,Success,66,144,2024-02-13
3612,3818,2025-06-24,13500.0,Credit Card,Success,156,114,2025-06-24
3613,3819,2025-04-28,23700.0,Upi,Success,120,413,2025-04-28
3614,3820,2024-01-13,8280.0,Upi,Success,142,694,2024-01-12
3615,3821,2025-06-07,3510.0,Net Banking,Success,176,717,2025-06-07
3616,3822,2026-06-11,4500.0,Upi,Success,8,318,2026-06-11
3617,3823,2025-09-25,1950.0,Credit Card,Success,26,733,2025-09-25
3618,3824,2024-11-10,7650.0,Debit Card,Success,97,748,2024-11-10
3619,3825,2026-05-26,20520.0,Upi,Success,108,825,2026-05-26
3620,3826,2024-04-20,6150.0,Cash,Success,62,892,2024-04-20
3621,3827,2025-05-25,2000.0,Net Banking,Success,2,56,2025-05-24
3622,3828,2024-09-20,2650.0,Credit Card,Success,112,347,2024-09-19
3623,3829,2025-11-02,4702.5,Upi,Success,115,412,2025-11-02
3624,3831,2025-03-17,8075.0,Upi,Success,29,667,2025-03-17
3625,3832,2025-12-04,8100.0,Upi,Success,154,235,2025-12-04
3626,3833,2024-01-08,3485.0,Upi,Success,48,566,2024-01-08
3627,3834,2026-02-01,6080.0,Upi,Success,25,154,2026-01-31
3628,3835,2024-03-10,35000.0,Debit Card,Success,70,279,2024-03-10
3629,3836,2025-10-18,33000.0,Credit Card,Success,14,704,2025-10-18
3630,3837,2026-05-28,7470.0,Debit Card,Success,13,854,2026-05-28
3631,3838,2024-05-21,26790.0,Credit Card,Success,173,798,2024-05-21
3632,3839,2026-05-05,6660.0,Debit Card,Success,93,660,2026-05-04
3633,3840,2024-09-11,6697.5,Debit Card,Success,155,316,2024-09-11
3634,3841,2024-01-29,5795.0,Credit Card,Success,109,801,2024-01-28
3635,3842,2025-08-17,5035.0,Cash,Success,112,664,2025-08-17
3636,3843,2024-01-08,1170.0,Debit Card,Success,138,250,2024-01-08
3637,3844,2026-01-26,3800.0,Upi,Success,132,454,2026-01-25
3638,3845,2025-11-05,2185.0,Debit Card,Success,142,42,2025-11-05
3639,3846,2026-05-24,4800.0,Debit Card,Refunded,57,702,2026-05-23
3640,3847,2026-03-30,3100.0,Credit Card,Refunded,28,819,2026-03-30
3641,3848,2024-12-16,1750.0,Debit Card,Failed,117,96,2024-12-15
3642,3849,2025-07-21,6080.0,Debit Card,Success,81,684,2025-07-20
3643,3850,2026-06-29,1800.0,Upi,Success,154,47,2026-06-29
3644,3851,2024-07-05,11400.0,Credit Card,Success,110,276,2024-07-04
3645,3852,2024-08-27,22277.5,Credit Card,Success,86,551,2024-08-27
3646,3853,2024-12-19,8835.0,Upi,Success,28,455,2024-12-19
3647,3854,2025-04-01,14250.0,Net Banking,Success,45,233,2025-04-01
3648,3855,2025-06-18,30800.0,Upi,Success,171,536,2025-06-18
3649,3856,2024-01-16,3700.0,Debit Card,Success,79,458,2024-01-16
3650,3857,2024-12-16,15500.0,Credit Card,Success,151,586,2024-12-15
3651,3858,2024-02-08,16340.0,Debit Card,Success,67,342,2024-02-08
3652,3859,2025-07-14,12540.0,Net Banking,Success,18,437,2025-07-14
3653,3861,2026-04-18,6570.0,Debit Card,Success,157,98,2026-04-18
3654,3862,2025-05-01,3500.0,Credit Card,Success,133,277,2025-05-01
3655,3863,2025-08-11,13800.0,Net Banking,Success,165,105,2025-08-10
3656,3865,2026-06-12,6885.0,Upi,Success,153,404,2026-06-11
3657,3867,2024-01-19,17000.0,Credit Card,Success,99,283,2024-01-18
3658,3869,2025-05-19,8550.0,Debit Card,Success,97,245,2025-05-19
3659,3870,2024-03-01,24605.0,Credit Card,Success,54,150,2024-03-01
3660,3871,2024-06-17,2790.0,Upi,Success,169,375,2024-06-17
3661,3872,2024-04-09,7750.0,Upi,Success,169,356,2024-04-08
3662,3873,2025-07-29,6127.5,Net Banking,Success,118,161,2025-07-29
3663,3874,2026-05-25,4600.0,Net Banking,Success,52,445,2026-05-25
3664,3875,2025-03-15,7650.0,Debit Card,Success,106,131,2025-03-14
3665,3876,2024-07-11,17850.0,Credit Card,Success,153,327,2024-07-11
3666,3877,2024-11-25,8925.0,Credit Card,Pending,70,638,2024-11-25
3667,3878,2025-03-15,15250.0,Upi,Success,109,356,2025-03-14
3668,3879,2025-06-13,17575.0,Debit Card,Success,54,657,2025-06-12
3669,3880,2025-04-09,8600.0,Debit Card,Success,130,540,2025-04-09
3670,3881,2024-08-08,15580.0,Upi,Success,50,350,2024-08-08
3671,3882,2026-03-19,4050.0,Credit Card,Refunded,6,806,2026-03-19
3672,3884,2024-08-06,3400.0,Credit Card,Success,27,733,2024-08-06
3673,3885,2024-06-05,16340.0,Cash,Success,67,102,2024-06-05
3674,3886,2024-04-26,20650.0,Net Banking,Success,82,208,2024-04-26
3675,3887,2025-07-17,25425.0,Credit Card,Success,9,785,2025-07-17
3676,3888,2024-06-29,2500.0,Upi,Success,101,195,2024-06-28
3677,3889,2025-12-23,30510.0,Credit Card,Success,9,898,2025-12-23
3678,3890,2024-12-14,7000.0,Debit Card,Success,117,573,2024-12-14
3679,3891,2024-01-16,6697.5,Debit Card,Success,158,547,2024-01-15
3680,3892,2025-02-05,3750.0,Upi,Success,156,580,2025-02-05
3681,3893,2025-04-16,4085.0,Debit Card,Success,31,178,2025-04-16
3682,3894,2025-05-22,9000.0,Credit Card,Success,84,533,2025-05-21
3683,3895,2026-04-12,3350.0,Net Banking,Success,69,218,2026-04-12
3684,3896,2024-11-08,3990.0,Credit Card,Success,65,863,2024-11-08
3685,3897,2024-12-29,1250.0,Debit Card,Success,17,679,2024-12-28
3686,3898,2025-10-06,7315.0,Net Banking,Success,149,782,2025-10-06
3687,3899,2024-04-12,6460.0,Credit Card,Success,71,788,2024-04-12
3688,3900,2026-02-13,5130.0,Upi,Success,132,111,2026-02-13
3689,3901,2026-02-02,15000.0,Credit Card,Success,1,367,2026-02-02
3690,3902,2026-03-13,2150.0,Upi,Success,19,188,2026-03-13
3691,3903,2024-10-19,3420.0,Upi,Success,154,742,2024-10-19
3692,3904,2024-05-21,10710.0,Upi,Success,61,585,2024-05-21
3693,3905,2025-05-30,2897.5,Net Banking,Success,5,583,2025-05-30
3694,3906,2026-03-09,5600.0,Debit Card,Success,125,2,2026-03-09
3695,3907,2026-05-01,4050.0,Credit Card,Success,20,77,2026-04-30
3696,3908,2025-04-30,2800.0,Debit Card,Success,100,53,2025-04-30
3697,3910,2024-07-23,14700.0,Net Banking,Success,98,590,2024-07-23
3698,3911,2024-04-12,6885.0,Upi,Success,153,425,2024-04-12
3699,3912,2024-03-29,9045.0,Credit Card,Success,55,19,2024-03-29
3700,3913,2024-12-31,2327.5,Net Banking,Success,164,351,2024-12-30
3701,3914,2024-07-19,3950.0,Debit Card,Success,78,333,2024-07-19
3702,3915,2026-01-13,12750.0,Upi,Success,153,458,2026-01-12
3703,3917,2025-03-19,26600.0,Debit Card,Success,37,201,2025-03-19
3704,3918,2024-01-09,3800.0,Upi,Success,116,343,2024-01-09
3705,3919,2024-05-08,4465.0,Credit Card,Success,155,644,2024-05-08
3706,3920,2024-07-26,12920.0,Upi,Success,108,522,2024-07-26
3707,3921,2025-01-31,2250.0,Upi,Success,105,727,2025-01-30
3708,3922,2024-05-19,3800.0,Upi,Success,116,2,2024-05-18
3709,3923,2024-11-11,28500.0,Credit Card,Refunded,91,433,2024-11-11
3710,3924,2026-04-19,2050.0,Upi,Success,48,861,2026-04-18
3711,3925,2025-01-25,28200.0,Credit Card,Success,173,378,2025-01-24
3712,3926,2025-06-01,3510.0,Upi,Success,12,434,2025-05-31
3713,3927,2024-03-14,11827.5,Upi,Success,13,141,2024-03-13
3714,3928,2026-06-13,2150.0,Credit Card,Success,178,704,2026-06-12
3715,3929,2025-07-21,5805.0,Cash,Success,58,591,2025-07-20
3716,3930,2025-05-25,3800.0,Debit Card,Success,121,815,2025-05-24
3717,3931,2026-04-22,5000.0,Debit Card,Success,101,8,2026-04-21
3718,3932,2025-04-15,3150.0,Upi,Success,7,413,2025-04-15
3719,3933,2025-08-25,2250.0,Credit Card,Success,113,145,2025-08-24
3720,3934,2024-08-12,7777.5,Credit Card,Success,75,87,2024-08-11
3721,3935,2024-12-13,4370.0,Net Banking,Success,73,290,2024-12-13
3722,3936,2024-05-25,3800.0,Cash,Refunded,72,666,2024-05-25
3723,3937,2024-10-06,13350.0,Credit Card,Success,134,759,2024-10-06
3724,3938,2024-07-19,11800.0,Net Banking,Success,82,495,2024-07-19
3725,3939,2025-09-07,3600.0,Debit Card,Success,84,132,2025-09-07
3726,3940,2026-03-30,11500.0,Credit Card,Success,73,807,2026-03-29
3727,3941,2025-09-27,1950.0,Upi,Success,26,795,2025-09-26
3728,3942,2025-01-12,13545.0,Debit Card,Success,31,847,2025-01-11
3729,3943,2025-02-10,1377.5,Credit Card,Success,131,607,2025-02-10
3730,3944,2025-02-13,1995.0,Debit Card,Success,98,405,2025-02-12
3731,3945,2026-03-20,2185.0,Debit Card,Success,23,559,2026-03-20
3732,3946,2024-01-14,3100.0,Upi,Success,66,486,2024-01-13
3733,3947,2024-11-02,12000.0,Upi,Success,45,319,2024-11-01
3734,3948,2025-10-04,4500.0,Net Banking,Success,38,816,2025-10-03
3735,3949,2025-04-07,6750.0,Credit Card,Success,156,232,2025-04-07
3736,3950,2024-08-07,2660.0,Credit Card,Success,100,880,2024-08-07
3737,3951,2024-11-14,9100.0,Upi,Success,138,691,2024-11-14
3738,3952,2025-06-08,2660.0,Credit Card,Success,100,588,2025-06-08
3739,3953,2025-05-26,6650.0,Upi,Success,44,85,2025-05-25
3740,3954,2024-03-17,4132.5,Upi,Success,170,280,2024-03-17
3741,3955,2025-03-26,17640.0,Upi,Success,100,434,2025-03-25
3742,3956,2025-08-13,15750.0,Net Banking,Success,89,526,2025-08-12
3743,3957,2025-04-12,11300.0,Debit Card,Success,41,852,2025-04-12
3744,3958,2025-02-03,4800.0,Debit Card,Success,25,344,2025-02-03
3745,3959,2025-06-18,5795.0,Upi,Success,5,710,2025-06-18
3746,3961,2025-12-31,6300.0,Debit Card,Success,61,193,2025-12-30
3747,3962,2025-12-08,2200.0,Credit Card,Success,49,770,2025-12-08
3748,3963,2025-12-08,2250.0,Credit Card,Success,17,730,2025-12-08
3749,3964,2026-04-12,14040.0,Debit Card,Success,80,854,2026-04-12
3750,3965,2026-01-24,9000.0,Debit Card,Success,91,461,2026-01-23
3751,3966,2025-07-31,2125.0,Debit Card,Success,101,198,2025-07-31
3752,3967,2025-06-27,1980.0,Upi,Refunded,49,390,2025-06-27
3753,3968,2026-06-25,2150.0,Upi,Success,118,326,2026-06-25
3754,3969,2026-05-25,8640.0,Credit Card,Success,139,648,2026-05-25
3755,3970,2026-05-02,33500.0,Debit Card,Success,114,771,2026-05-02
3756,3971,2024-10-30,8692.5,Cash,Success,137,83,2024-10-29
3757,3972,2025-01-11,10530.0,Credit Card,Success,26,232,2025-01-11
3758,3973,2024-01-23,13600.0,Upi,Success,71,857,2024-01-23
3759,3974,2024-11-14,2800.0,Upi,Success,100,182,2024-11-14
3760,3975,2024-08-20,4845.0,Credit Card,Success,129,677,2024-08-20
3761,3976,2026-05-05,23100.0,Upi,Success,11,887,2026-05-05
3762,3977,2024-01-04,7695.0,Debit Card,Success,20,712,2024-01-04
3763,3978,2024-01-20,4150.0,Credit Card,Success,96,121,2024-01-20
3764,3979,2026-01-13,16950.0,Credit Card,Success,9,146,2026-01-13
3765,3980,2024-10-31,12825.0,Net Banking,Success,89,437,2024-10-31
3766,3981,2025-01-16,1845.0,Credit Card,Success,48,23,2025-01-16
3767,3982,2025-04-15,4132.5,Upi,Success,59,658,2025-04-15
3768,3983,2026-01-19,15937.5,Debit Card,Success,156,198,2026-01-19
3769,3984,2025-01-20,3050.0,Upi,Success,140,333,2025-01-19
3770,3985,2025-09-10,1377.5,Debit Card,Success,141,746,2025-09-10
3771,3986,2025-11-23,2465.0,Upi,Success,141,381,2025-11-23
3772,3987,2025-01-30,8740.0,Debit Card,Success,33,868,2025-01-30
3773,3988,2024-11-30,3697.5,Debit Card,Success,141,479,2024-11-30
3774,3989,2025-03-27,2137.5,Upi,Success,105,797,2025-03-27
3775,3990,2025-05-24,39500.0,Upi,Success,146,429,2025-05-24
3776,3991,2026-01-17,7200.0,Credit Card,Success,3,339,2026-01-17
3777,3992,2024-09-25,5490.0,Credit Card,Success,137,739,2024-09-25
3778,3994,2025-06-06,2945.0,Upi,Success,28,655,2025-06-05
3779,3995,2024-12-09,4500.0,Upi,Success,43,189,2024-12-08
3780,3996,2025-09-07,16800.0,Cash,Success,125,575,2025-09-07
3781,3997,2024-06-11,1305.0,Upi,Success,119,734,2024-06-11
3782,3998,2024-09-18,5525.0,Credit Card,Success,176,323,2024-09-17
3783,3999,2024-03-11,20300.0,Credit Card,Success,170,724,2024-03-10
3784,4000,2025-06-09,2500.0,Debit Card,Success,135,279,2025-06-09
3785,4001,2025-03-14,1472.5,Upi,Success,28,664,2025-03-13
3786,4002,2026-01-13,2945.0,Credit Card,Success,16,389,2026-01-13
3787,4003,2024-10-24,23400.0,Debit Card,Success,85,515,2024-10-24
3788,4004,2024-03-25,15750.0,Upi,Success,136,701,2024-03-25
3789,4005,2025-08-26,1235.0,Debit Card,Success,176,82,2025-08-26
3790,4006,2024-02-03,3100.0,Debit Card,Success,28,733,2024-02-02
3791,4007,2024-02-25,16102.5,Debit Card,Success,41,743,2024-02-25
3792,4008,2026-06-21,42700.0,Credit Card,Success,109,279,2026-06-20
3793,4009,2026-04-07,4185.0,Credit Card,Success,66,249,2026-04-07
3794,4010,2026-06-25,37000.0,Net Banking,Success,88,617,2026-06-25
3795,4013,2025-02-26,5842.5,Upi,Success,15,469,2025-02-26
3796,4014,2024-11-29,2137.5,Upi,Success,113,72,2024-11-29
3797,4015,2024-04-29,3600.0,Credit Card,Success,34,306,2024-04-29
3798,4017,2026-05-27,4455.0,Upi,Success,174,354,2026-05-27
3799,4018,2025-10-12,15210.0,Debit Card,Failed,40,399,2025-10-11
3800,4019,2024-02-02,16695.0,Upi,Success,112,425,2024-02-01
3801,4020,2025-12-29,1755.0,Credit Card,Success,175,646,2025-12-28
3802,4021,2024-12-07,18000.0,Net Banking,Success,45,75,2024-12-07
3803,4022,2024-05-14,9405.0,Debit Card,Success,11,555,2024-05-14
3804,4023,2024-04-29,3915.0,Net Banking,Success,24,293,2024-04-29
3805,4024,2025-08-04,2500.0,Debit Card,Success,101,429,2025-08-04
3806,4025,2024-07-06,4702.5,Upi,Success,51,125,2024-07-06
3807,4026,2024-05-10,6200.0,Credit Card,Success,16,708,2024-05-09
3808,4027,2026-01-31,3570.0,Net Banking,Success,77,391,2026-01-31
3809,4028,2024-10-11,1935.0,Debit Card,Success,130,313,2024-10-11
3810,4029,2025-05-16,8235.0,Cash,Success,5,777,2025-05-15
3811,4030,2025-07-09,18050.0,Credit Card,Success,110,800,2025-07-09
3812,4031,2024-10-09,3800.0,Credit Card,Success,127,415,2024-10-09
3813,4032,2026-06-27,32200.0,Credit Card,Success,23,873,2026-06-27
3814,4033,2025-10-02,13430.0,Net Banking,Refunded,78,521,2025-10-02
3815,4034,2024-11-24,4275.0,Credit Card,Success,89,649,2024-11-23
3816,4035,2024-08-06,8600.0,Debit Card,Success,58,754,2024-08-05
3817,4036,2024-11-23,8360.0,Upi,Success,171,203,2024-11-23
3818,4038,2025-04-04,4760.0,Debit Card,Success,125,677,2025-04-04
3819,4039,2024-03-21,17385.0,Credit Card,Success,137,160,2024-03-21
3820,4040,2025-06-01,5600.0,Credit Card,Success,100,11,2025-06-01
3821,4041,2025-12-25,18300.0,Cash,Success,124,321,2025-12-24
3822,4042,2025-01-22,10545.0,Debit Card,Success,68,593,2025-01-21
3823,4043,2025-05-01,19950.0,Upi,Failed,102,559,2025-05-01
3824,4044,2024-06-26,11257.5,Upi,Success,146,779,2024-06-25
3825,4045,2026-03-06,49210.0,Debit Card,Success,104,642,2026-03-06
3826,4046,2026-05-03,8200.0,Credit Card,Success,48,452,2026-05-03
3827,4047,2025-05-23,6175.0,Credit Card,Success,176,642,2025-05-23
3828,4048,2025-04-07,4085.0,Debit Card,Success,31,7,2025-04-07
3829,4050,2024-03-05,6525.0,Credit Card,Success,4,898,2024-03-04
3830,4051,2025-08-26,1710.0,Upi,Success,3,82,2025-08-25
3831,4052,2026-06-04,1215.0,Cash,Success,20,595,2026-06-04
3832,4053,2025-01-21,11115.0,Debit Card,Success,80,437,2025-01-21
3833,4054,2025-09-27,11700.0,Upi,Success,12,645,2025-09-27
3834,4055,2026-06-06,14297.5,Upi,Success,58,229,2026-06-05
3835,4056,2025-01-22,3870.0,Cash,Success,19,139,2025-01-22
3836,4057,2025-11-21,6840.0,Upi,Failed,129,832,2025-11-21
3837,4058,2026-05-10,60300.0,Debit Card,Success,114,680,2026-05-10
3838,4059,2026-01-20,1250.0,Upi,Success,135,137,2026-01-19
3839,4060,2025-03-21,9025.0,Debit Card,Success,129,415,2025-03-20
3840,4061,2026-01-31,80275.0,Debit Card,Success,40,84,2026-01-31
3841,4062,2025-11-27,9000.0,Upi,Success,43,819,2025-11-27
3842,4063,2025-02-12,8100.0,Upi,Success,56,57,2025-02-11
3843,4064,2024-01-11,8800.0,Debit Card,Success,49,702,2024-01-11
3844,4065,2024-01-04,10687.5,Upi,Success,74,555,2024-01-04
3845,4066,2026-04-29,1845.0,Upi,Failed,62,263,2026-04-28
3846,4067,2026-03-01,3325.0,Upi,Success,117,183,2026-03-01
3847,4068,2026-05-18,21000.0,Upi,Success,102,435,2026-05-17
3848,4069,2025-09-16,6840.0,Credit Card,Success,154,163,2025-09-16
3849,4070,2025-07-22,14000.0,Credit Card,Success,102,34,2025-07-22
3850,4071,2025-12-24,4600.0,Net Banking,Refunded,23,286,2025-12-24
3851,4072,2025-01-07,44030.0,Upi,Success,107,813,2025-01-07
3852,4073,2024-07-23,5100.0,Credit Card,Success,106,733,2024-07-23
3853,4074,2026-05-18,1187.5,Upi,Success,17,581,2026-05-17
3854,4075,2025-10-03,3515.0,Upi,Success,54,272,2025-10-02
3855,4076,2026-04-20,6412.5,Credit Card,Success,89,26,2026-04-20
3856,4077,2024-08-01,3600.0,Credit Card,Failed,154,729,2024-08-01
3857,4078,2024-11-03,18525.0,Upi,Success,150,107,2024-11-02
3858,4079,2025-09-16,2300.0,Upi,Success,148,821,2025-09-16
3859,4080,2025-11-06,2500.0,Credit Card,Success,101,131,2025-11-05
3860,4082,2024-01-28,5535.0,Credit Card,Success,62,777,2024-01-28
3861,4083,2025-02-14,2945.0,Cash,Success,147,448,2025-02-13
3862,4084,2024-11-30,3550.0,Upi,Success,64,750,2024-11-30
3863,4085,2025-12-15,2700.0,Credit Card,Success,6,790,2025-12-15
3864,4086,2025-07-18,6600.0,Debit Card,Success,171,625,2025-07-17
3865,4087,2025-05-14,26700.0,Credit Card,Success,134,442,2025-05-14
3866,4088,2024-09-15,4800.0,Credit Card,Success,111,205,2024-09-15
3867,4089,2026-04-12,5200.0,Credit Card,Success,123,356,2026-04-12
3868,4090,2024-01-04,12400.0,Credit Card,Success,151,307,2024-01-04
3869,4091,2025-11-09,7200.0,Net Banking,Success,60,285,2025-11-09
3870,4093,2025-03-15,8550.0,Credit Card,Success,89,811,2025-03-14
3871,4094,2026-06-06,3230.0,Upi,Success,122,169,2026-06-05
3872,4095,2024-05-16,8055.0,Credit Card,Success,144,876,2024-05-16
3873,4096,2024-12-30,14000.0,Debit Card,Success,30,5,2024-12-30
3874,4097,2024-08-05,28815.0,Credit Card,Success,41,502,2024-08-04
3875,4098,2024-06-21,12600.0,Upi,Success,154,575,2024-06-20
3876,4099,2025-11-14,10050.0,Credit Card,Success,55,173,2025-11-14
3877,4100,2025-05-08,3060.0,Debit Card,Success,27,503,2025-05-07
3878,4101,2026-03-26,21850.0,Net Banking,Success,148,166,2026-03-26
3879,4102,2025-01-28,11160.0,Credit Card,Success,147,598,2025-01-27
3880,4103,2024-03-05,23940.0,Credit Card,Success,76,853,2024-03-04
3881,4104,2025-08-13,7600.0,Upi,Success,72,534,2025-08-12
3882,4105,2025-05-18,23400.0,Credit Card,Success,80,673,2025-05-17
3883,4106,2024-11-05,1900.0,Credit Card,Success,168,509,2024-11-05
3884,4107,2026-04-14,2050.0,Credit Card,Success,90,640,2026-04-14
3885,4108,2025-10-27,4560.0,Net Banking,Success,57,555,2025-10-26
3886,4109,2026-02-17,3870.0,Upi,Success,87,627,2026-02-17
3887,4110,2025-05-03,2375.0,Credit Card,Failed,101,670,2025-05-02
3888,4111,2024-01-01,3950.0,Upi,Success,146,560,2024-01-01
3889,4112,2024-06-12,8787.5,Debit Card,Success,68,583,2024-06-11
3890,4113,2025-11-10,25200.0,Net Banking,Success,84,67,2025-11-10
3891,4114,2025-01-10,14725.0,Credit Card,Success,66,547,2025-01-10
3892,4115,2025-03-02,3645.0,Debit Card,Success,103,628,2025-03-02
3893,4116,2025-02-02,12800.0,Debit Card,Success,180,244,2025-02-02
3894,4117,2025-06-13,2137.5,Cash,Success,97,459,2025-06-12
3895,4118,2024-06-15,5985.0,Credit Card,Success,7,554,2024-06-15
3896,4119,2024-03-28,10600.0,Credit Card,Refunded,112,395,2024-03-28
3897,4120,2025-06-10,8000.0,Credit Card,Success,2,481,2025-06-10
3898,4121,2024-02-10,8100.0,Credit Card,Refunded,56,24,2024-02-10
3899,4122,2025-06-27,21000.0,Debit Card,Success,22,663,2025-06-27
3900,4123,2025-07-12,3610.0,Net Banking,Success,129,881,2025-07-12
3901,4124,2026-06-21,3350.0,Cash,Success,128,95,2026-06-21
3902,4125,2024-03-30,3562.5,Net Banking,Success,17,261,2024-03-30
3903,4126,2024-12-08,4750.0,Debit Card,Success,166,308,2024-12-08
3904,4127,2026-03-23,18500.0,Net Banking,Success,104,400,2026-03-23
3905,4128,2026-05-07,9300.0,Upi,Success,151,608,2026-05-07
3906,4129,2025-03-24,5035.0,Cash,Success,112,230,2025-03-24
3907,4130,2024-05-03,3610.0,Debit Card,Success,108,426,2024-05-02
3908,4131,2025-04-03,6290.0,Upi,Success,107,352,2025-04-03
3909,4132,2026-04-24,7600.0,Net Banking,Success,2,85,2026-04-24
3910,4133,2024-06-20,1235.0,Net Banking,Success,176,229,2024-06-19
3911,4134,2026-03-27,9000.0,Net Banking,Success,60,116,2026-03-26
3912,4135,2025-07-23,6500.0,Credit Card,Success,176,110,2025-07-22
3913,4136,2024-03-06,15580.0,Upi,Success,50,666,2024-03-05
3914,4137,2024-02-17,1600.0,Cash,Success,25,525,2024-02-17
3915,4138,2024-04-13,3050.0,Upi,Success,140,560,2024-04-12
3916,4139,2024-11-07,4900.0,Credit Card,Success,179,727,2024-11-07
3917,4140,2026-05-03,28000.0,Cash,Success,125,126,2026-05-03
3918,4142,2024-05-13,2635.0,Upi,Pending,46,133,2024-05-13
3919,4143,2026-01-23,13545.0,Credit Card,Failed,178,365,2026-01-23
3920,4144,2025-03-29,6697.5,Upi,Success,158,698,2025-03-28
3921,4145,2025-12-16,10150.0,Upi,Success,24,511,2025-12-16
3922,4146,2025-02-05,15600.0,Credit Card,Success,85,191,2025-02-05
3923,4147,2025-04-28,6075.0,Credit Card,Success,47,139,2025-04-28
3924,4148,2026-03-19,5550.0,Debit Card,Success,79,275,2026-03-19
3925,4149,2024-11-19,31000.0,Credit Card,Success,147,361,2024-11-18
3926,4150,2026-03-01,2210.0,Debit Card,Success,176,243,2026-02-28
3927,4151,2024-05-03,2500.0,Upi,Success,38,168,2024-05-03
3928,4152,2025-07-02,12000.0,Upi,Success,91,805,2025-07-02
3929,4153,2024-05-23,6200.0,Net Banking,Success,151,96,2024-05-23
3930,4154,2025-03-28,4140.0,Upi,Success,73,680,2025-03-27
3931,4155,2024-05-31,2945.0,Debit Card,Success,147,797,2024-05-30
3932,4156,2024-08-10,5842.5,Upi,Success,159,693,2024-08-10
3933,4157,2024-08-05,8100.0,Upi,Success,154,90,2024-08-05
3934,4158,2025-06-06,7400.0,Debit Card,Success,54,741,2025-06-06
3935,4159,2025-06-06,1600.0,Debit Card,Success,25,702,2025-06-05
3936,4160,2026-02-10,23227.5,Debit Card,Refunded,42,692,2026-02-10
3937,4161,2025-08-29,14060.0,Credit Card,Success,88,209,2025-08-29
3938,4162,2024-04-01,4000.0,Credit Card,Success,37,144,2024-04-01
3939,4164,2024-07-09,12540.0,Upi,Success,11,169,2024-07-08
3940,4165,2025-02-18,4132.5,Upi,Success,141,163,2025-02-17
3941,4166,2025-05-07,12000.0,Upi,Success,84,708,2025-05-07
3942,4167,2024-04-03,3182.5,Debit Card,Success,86,194,2024-04-02
3943,4168,2024-08-15,14440.0,Credit Card,Success,110,487,2024-08-15
3944,4169,2024-03-16,16340.0,Cash,Success,67,822,2024-03-16
3945,4170,2024-04-14,8550.0,Upi,Success,167,798,2024-04-13
3946,4171,2024-10-19,13050.0,Upi,Success,4,362,2024-10-18
3947,4172,2024-06-03,30500.0,Debit Card,Success,137,650,2024-06-02
3948,4173,2026-01-11,22500.0,Credit Card,Success,89,292,2026-01-11
3949,4174,2024-08-27,6982.5,Upi,Success,164,166,2024-08-27
3950,4175,2025-03-29,10150.0,Upi,Success,59,617,2025-03-29
3951,4176,2026-03-01,6900.0,Debit Card,Success,92,886,2026-03-01
3952,4177,2025-05-27,11700.0,Credit Card,Success,175,525,2025-05-26
3953,4178,2025-02-15,24450.0,Debit Card,Success,42,138,2025-02-14
3954,4179,2024-10-15,5550.0,Upi,Success,79,716,2024-10-15
3955,4180,2024-11-08,40320.0,Net Banking,Success,81,671,2024-11-08
3956,4181,2024-04-14,5842.5,Credit Card,Success,62,798,2024-04-14
3957,4182,2024-04-13,3150.0,Debit Card,Success,61,407,2024-04-13
3958,4183,2024-11-14,6000.0,Upi,Success,127,121,2024-11-14
3959,4184,2024-11-28,3400.0,Upi,Success,32,873,2024-11-28
3960,4185,2024-03-20,2070.0,Upi,Pending,23,760,2024-03-19
3961,4186,2025-03-23,13950.0,Debit Card,Success,151,891,2025-03-22
3962,4188,2024-07-04,6900.0,Upi,Success,165,806,2024-07-03
3963,4189,2025-04-18,10800.0,Credit Card,Failed,45,396,2025-04-17
3964,4190,2024-06-27,10212.5,Debit Card,Refunded,39,135,2024-06-27
3965,4191,2025-12-10,14220.0,Upi,Success,78,774,2025-12-09
3966,4192,2024-01-21,25270.0,Net Banking,Success,132,737,2024-01-21
3967,4193,2025-04-06,3800.0,Debit Card,Success,108,709,2025-04-06
3968,4194,2024-09-28,3800.0,Debit Card,Success,84,84,2024-09-27
3969,4196,2025-10-14,1615.0,Credit Card,Success,121,550,2025-10-13
3970,4197,2024-05-30,1400.0,Upi,Success,44,124,2024-05-30
3971,4198,2026-01-05,4350.0,Debit Card,Success,59,171,2026-01-04
3972,4199,2025-09-01,32900.0,Net Banking,Success,172,171,2025-09-01
3973,4200,2024-05-02,3752.5,Net Banking,Failed,146,456,2024-05-02
3974,4201,2025-10-20,8600.0,Credit Card,Success,178,326,2025-10-20
3975,4202,2024-06-07,6270.0,Upi,Success,14,895,2024-06-07
3976,4203,2024-06-28,13395.0,Upi,Success,158,700,2024-06-28
3977,4204,2026-05-09,5760.0,Cash,Success,57,149,2026-05-09
3978,4205,2025-01-25,3700.0,Credit Card,Success,94,520,2025-01-25
3979,4206,2025-05-25,2790.0,Upi,Success,151,39,2025-05-25
3980,4207,2025-11-26,1995.0,Upi,Success,98,781,2025-11-26
3981,4208,2025-04-17,2430.0,Debit Card,Success,103,159,2025-04-17
3982,4209,2026-06-09,2600.0,Debit Card,Success,63,458,2026-06-09
3983,4210,2026-06-13,3550.0,Upi,Success,64,378,2026-06-12
3984,4212,2025-08-12,1402.5,Credit Card,Success,174,748,2025-08-12
3985,4213,2025-12-24,16380.0,Debit Card,Success,176,19,2025-12-24
3986,4214,2024-04-18,1360.0,Debit Card,Success,57,112,2024-04-17
3987,4215,2025-07-12,6697.5,Credit Card,Success,158,555,2025-07-12
3988,4216,2025-06-21,25900.0,Debit Card,Success,152,147,2025-06-21
3989,4217,2024-10-10,3870.0,Net Banking,Success,118,576,2024-10-10
3990,4218,2025-07-12,11220.0,Credit Card,Success,11,479,2025-07-12
3991,4219,2024-05-02,1215.0,Debit Card,Success,21,44,2024-05-02
3992,4220,2026-01-25,2042.5,Credit Card,Success,130,765,2026-01-24
3993,4221,2025-05-02,8100.0,Cash,Success,47,497,2025-05-01
3994,4222,2024-05-30,4300.0,Debit Card,Success,31,718,2024-05-30
3995,4223,2026-03-24,10200.0,Net Banking,Success,34,477,2026-03-24
3996,4224,2026-01-18,12150.0,Upi,Success,113,294,2026-01-18
3997,4225,2026-03-11,1827.5,Debit Card,Success,130,502,2026-03-11
3998,4226,2025-02-03,17850.0,Upi,Success,153,3,2025-02-02
3999,4227,2024-08-30,49000.0,Credit Card,Success,133,852,2024-08-30
4000,4228,2024-07-09,7220.0,Net Banking,Success,132,91,2024-07-09
4001,4229,2025-11-07,4370.0,Upi,Success,73,788,2025-11-06
4002,4230,2026-01-16,2565.0,Credit Card,Success,20,467,2026-01-16
4003,4231,2024-05-03,32300.0,Upi,Success,110,624,2024-05-03
4004,4232,2024-01-31,16625.0,Credit Card,Success,133,881,2024-01-31
4005,4233,2025-02-20,4560.0,Debit Card,Success,143,115,2025-02-19
4006,4234,2024-04-14,6970.0,Upi,Success,50,325,2024-04-14
4007,4235,2026-06-24,1852.5,Cash,Success,26,888,2026-06-23
4008,4236,2024-06-09,1800.0,Credit Card,Success,167,121,2024-06-09
4009,4237,2025-05-16,13400.0,Upi,Success,69,52,2025-05-16
4010,4238,2025-06-27,7600.0,Upi,Success,168,105,2025-06-27
4011,4239,2025-09-30,19285.0,Upi,Success,131,740,2025-09-30
4012,4240,2024-02-26,8265.0,Upi,Success,119,373,2024-02-25
4013,4241,2024-11-24,10800.0,Credit Card,Refunded,45,345,2024-11-24
4014,4242,2026-06-20,7900.0,Debit Card,Success,146,829,2026-06-20
4015,4243,2025-04-26,5842.5,Debit Card,Success,159,385,2025-04-25
4016,4245,2025-12-12,3060.0,Upi,Success,10,471,2025-12-12
4017,4246,2025-02-13,9262.5,Upi,Failed,163,684,2025-02-13
4018,4247,2024-12-06,5700.0,Upi,Success,84,766,2024-12-06
4019,4248,2026-01-01,17775.0,Net Banking,Success,35,139,2025-12-31
4020,4249,2025-10-11,7400.0,Upi,Success,107,637,2025-10-11
4021,4250,2024-08-23,7350.0,Credit Card,Success,179,108,2024-08-22
4022,4251,2026-04-23,46550.0,Debit Card,Success,102,206,2026-04-23
4023,4252,2025-06-25,10687.5,Upi,Success,156,620,2025-06-24
4024,4253,2025-06-07,7600.0,Debit Card,Success,110,729,2025-06-07
4025,4254,2024-07-17,30870.0,Debit Card,Failed,164,464,2024-07-17
4026,4255,2024-02-11,4655.0,Credit Card,Success,164,814,2024-02-10
4027,4256,2025-12-23,15960.0,Debit Card,Failed,22,73,2025-12-23
4028,4257,2024-06-14,4702.5,Upi,Success,160,579,2024-06-14
4029,4259,2025-12-03,18525.0,Credit Card,Success,80,578,2025-12-03
4030,4260,2024-08-21,3372.5,Net Banking,Success,64,667,2024-08-20
4031,4261,2024-06-27,3750.0,Credit Card,Success,101,440,2024-06-27
4032,4262,2026-05-15,4200.0,Credit Card,Success,22,1,2026-05-14
4033,4263,2025-06-07,5890.0,Upi,Refunded,66,316,2025-06-07
4034,4264,2024-12-19,7125.0,Upi,Success,156,782,2024-12-19
4035,4265,2024-07-25,23275.0,Upi,Success,117,336,2024-07-25
4036,4267,2026-04-19,1445.0,Upi,Success,122,699,2026-04-19
4037,4268,2024-09-29,11200.0,Net Banking,Success,125,762,2024-09-28
4038,4269,2024-08-19,3015.0,Credit Card,Success,128,387,2024-08-19
4039,4270,2025-01-24,4275.0,Net Banking,Success,105,712,2025-01-23
4040,4271,2024-05-13,1250.0,Debit Card,Success,101,33,2024-05-13
4041,4272,2025-11-02,2745.0,Credit Card,Success,5,70,2025-11-02
4042,4273,2025-08-13,10000.0,Upi,Success,2,86,2025-08-13
4043,4274,2024-09-20,3697.5,Upi,Success,170,602,2024-09-19
4044,4276,2024-10-21,22000.0,Credit Card,Success,18,145,2024-10-21
4045,4277,2025-06-23,3040.0,Credit Card,Success,111,322,2025-06-22
4046,4278,2026-04-07,1520.0,Upi,Success,25,472,2026-04-06
4047,4279,2024-05-26,9045.0,Net Banking,Success,86,777,2024-05-25
4048,4280,2024-05-22,1450.0,Debit Card,Success,119,495,2024-05-22
4049,4281,2026-06-17,9990.0,Credit Card,Success,88,219,2026-06-17
4050,4282,2024-12-11,11100.0,Net Banking,Success,54,312,2024-12-11
4051,4283,2024-09-19,12302.5,Credit Card,Success,94,798,2024-09-19
4052,4284,2025-12-12,9547.5,Credit Card,Success,55,599,2025-12-12
4053,4286,2025-11-13,11827.5,Debit Card,Success,96,336,2025-11-13
4054,4287,2025-01-11,36100.0,Debit Card,Success,76,320,2025-01-10
4055,4288,2025-02-21,11400.0,Debit Card,Success,72,141,2025-02-21
4056,4289,2024-10-09,14440.0,Debit Card,Success,116,78,2024-10-08
4057,4290,2024-08-13,2800.0,Cash,Success,65,52,2024-08-13
4058,4291,2024-12-13,11730.0,Net Banking,Success,53,224,2024-12-12
4059,4292,2025-03-21,3510.0,Net Banking,Success,138,365,2025-03-20
4060,4293,2024-03-10,6615.0,Net Banking,Pending,164,568,2024-03-10
4061,4294,2025-11-16,7740.0,Debit Card,Success,178,898,2025-11-16
4062,4295,2025-10-02,6400.0,Upi,Failed,81,25,2025-10-01
4063,4296,2025-07-13,21137.5,Credit Card,Success,134,412,2025-07-12
4064,4297,2024-01-09,5535.0,Debit Card,Success,48,425,2024-01-09
4065,4298,2025-10-16,2090.0,Upi,Success,18,797,2025-10-16
4066,4299,2026-06-17,15295.0,Credit Card,Success,33,753,2026-06-16
4067,4300,2024-04-17,12250.0,Credit Card,Failed,179,486,2024-04-17
4068,4301,2025-06-05,3705.0,Cash,Success,163,63,2025-06-04
4069,4302,2024-02-29,33250.0,Upi,Success,102,215,2024-02-28
4070,4303,2025-07-04,3515.0,Credit Card,Success,54,359,2025-07-04
4071,4304,2024-10-26,8100.0,Credit Card,Failed,1,592,2024-10-26
4072,4305,2026-02-08,9600.0,Credit Card,Success,143,857,2026-02-08
4073,4306,2024-08-28,9000.0,Debit Card,Success,167,9,2024-08-27
4074,4307,2024-10-10,3950.0,Cash,Success,78,56,2024-10-10
4075,4308,2026-02-14,10640.0,Credit Card,Success,125,130,2026-02-14
4076,4309,2025-12-30,10200.0,Credit Card,Success,10,416,2025-12-30
4077,4310,2024-10-29,1450.0,Credit Card,Pending,126,106,2024-10-29
4078,4311,2025-04-16,8550.0,Net Banking,Success,177,265,2025-04-16
4079,4312,2024-12-10,14962.5,Debit Card,Success,47,459,2024-12-10
4080,4313,2024-12-13,8000.0,Net Banking,Refunded,127,704,2024-12-13
4081,4314,2026-01-21,1852.5,Upi,Success,163,154,2026-01-21
4082,4315,2025-10-17,24885.0,Upi,Success,78,382,2025-10-17
4083,4316,2024-09-03,6660.0,Net Banking,Success,104,387,2024-09-02
4084,4317,2024-03-13,5200.0,Debit Card,Success,123,556,2024-03-13
4085,4318,2025-05-24,2610.0,Cash,Success,126,874,2025-05-24
4086,4319,2024-08-24,6300.0,Credit Card,Success,77,190,2024-08-23
4087,4320,2026-03-23,4000.0,Cash,Success,2,775,2026-03-23
4088,4321,2025-01-15,4000.0,Net Banking,Refunded,127,407,2025-01-15
4089,4322,2024-12-31,1845.0,Upi,Success,90,104,2024-12-31
4090,4323,2025-03-09,1935.0,Credit Card,Success,178,545,2025-03-08
4091,4324,2025-03-13,9250.0,Credit Card,Success,94,687,2025-03-13
4092,4325,2024-11-15,6930.0,Credit Card,Success,149,864,2024-11-15
4093,4326,2025-10-21,7650.0,Upi,Success,122,219,2025-10-20
4094,4327,2025-04-04,8787.5,Debit Card,Success,68,798,2025-04-03
4095,4328,2024-09-17,9450.0,Upi,Success,30,680,2024-09-16
4096,4329,2024-02-29,11160.0,Net Banking,Success,147,570,2024-02-28
4097,4330,2025-08-20,7350.0,Credit Card,Success,179,617,2025-08-20
4098,4331,2024-05-25,7800.0,Credit Card,Success,80,30,2024-05-25
4099,4333,2024-11-14,6175.0,Debit Card,Failed,150,184,2024-11-14
4100,4334,2024-04-13,3300.0,Debit Card,Success,14,525,2024-04-12
4101,4335,2025-04-05,6030.0,Debit Card,Success,55,330,2025-04-04
4102,4336,2024-10-14,3420.0,Cash,Refunded,129,497,2024-10-13
4103,4338,2025-09-08,12060.0,Upi,Success,128,44,2025-09-08
4104,4339,2024-04-01,21000.0,Upi,Success,133,815,2024-04-01
4105,4340,2025-05-25,11850.0,Upi,Success,78,516,2025-05-24
4106,4341,2026-01-10,6757.5,Credit Card,Success,112,826,2026-01-09
4107,4342,2025-09-20,2755.0,Upi,Success,59,657,2025-09-19
4108,4343,2026-01-27,3060.0,Upi,Success,29,648,2026-01-27
4109,4344,2026-01-24,17977.5,Cash,Success,173,224,2026-01-24
4110,4345,2025-12-07,2800.0,Credit Card,Success,65,857,2025-12-07
4111,4346,2025-12-23,20825.0,Cash,Failed,30,214,2025-12-23
4112,4347,2024-04-10,7250.0,Debit Card,Success,126,609,2024-04-09
4113,4348,2026-01-25,1300.0,Upi,Success,12,775,2026-01-24
4114,4349,2026-01-24,1900.0,Credit Card,Success,2,83,2026-01-24
4115,4351,2025-09-09,4860.0,Upi,Success,21,232,2025-09-08
4116,4352,2026-05-10,3200.0,Upi,Failed,111,575,2026-05-10
4117,4353,2025-02-18,4650.0,Upi,Success,16,291,2025-02-18
4118,4354,2025-07-03,1700.0,Net Banking,Success,29,661,2025-07-02
4119,4355,2024-07-08,15750.0,Upi,Success,61,66,2024-07-07
4120,4356,2024-08-04,1187.5,Credit Card,Success,17,814,2024-08-03
4121,4357,2026-03-27,20092.5,Upi,Success,173,837,2026-03-27
4122,4358,2024-05-06,2470.0,Upi,Success,138,209,2024-05-06
4123,4359,2025-07-16,3182.5,Debit Card,Success,128,45,2025-07-16
4124,4360,2025-09-03,13800.0,Net Banking,Refunded,165,246,2025-09-03
4125,4361,2025-11-16,16055.0,Debit Card,Success,40,871,2025-11-16
4126,4362,2025-03-09,3562.5,Debit Card,Success,17,562,2025-03-09
4127,4363,2025-10-11,9120.0,Upi,Success,180,192,2025-10-10
4128,4364,2024-03-31,13775.0,Upi,Success,24,706,2024-03-31
4129,4365,2024-08-05,2250.0,Credit Card,Success,89,100,2024-08-04
4130,4366,2025-06-10,13200.0,Credit Card,Success,11,318,2025-06-10
4131,4367,2025-10-20,46900.0,Debit Card,Success,86,674,2025-10-20
4132,4368,2026-07-01,6750.0,Credit Card,Success,113,573,2026-06-30
4133,4369,2024-07-15,10800.0,Credit Card,Success,167,56,2024-07-15
4134,4370,2024-11-21,8250.0,Upi,Success,51,339,2024-11-21
4135,4371,2026-05-28,8750.0,Upi,Success,136,207,2026-05-28
4136,4372,2026-04-08,12350.0,Debit Card,Success,150,115,2026-04-08
4137,4373,2025-10-29,7600.0,Net Banking,Success,76,741,2025-10-28
4138,4374,2024-12-14,1282.5,Credit Card,Success,21,513,2024-12-13
4139,4375,2025-11-10,7267.5,Credit Card,Success,153,824,2025-11-10
4140,4376,2024-03-09,2350.0,Credit Card,Success,158,893,2024-03-09
4141,4377,2024-05-20,5490.0,Debit Card,Success,137,19,2024-05-20
4142,4378,2026-05-29,4000.0,Upi,Success,72,406,2026-05-29
4143,4380,2024-03-03,5400.0,Upi,Success,8,576,2024-03-02
4144,4381,2025-03-16,2720.0,Debit Card,Success,25,377,2025-03-16
4145,4382,2024-05-14,2897.5,Debit Card,Success,140,385,2024-05-14
4146,4384,2024-02-16,80550.0,Debit Card,Pending,144,485,2024-02-16
4147,4385,2026-06-09,1450.0,Credit Card,Success,59,355,2026-06-09
4148,4386,2025-08-23,9150.0,Upi,Success,137,727,2025-08-22
4149,4387,2024-07-22,4085.0,Net Banking,Success,39,6,2024-07-22
4150,4388,2026-01-24,1530.0,Debit Card,Success,3,297,2026-01-24
4151,4389,2024-10-26,44415.0,Credit Card,Success,173,505,2024-10-25
4152,4390,2024-08-15,3450.0,Debit Card,Success,165,307,2024-08-15
4153,4391,2024-09-15,15750.0,Net Banking,Refunded,74,240,2024-09-15
4154,4392,2026-03-23,1305.0,Upi,Failed,59,568,2026-03-22
4155,4393,2026-06-24,10830.0,Debit Card,Success,132,549,2026-06-24
4156,4394,2025-06-30,8455.0,Credit Card,Success,134,837,2025-06-30
4157,4395,2026-02-10,5890.0,Debit Card,Success,16,320,2026-02-09
4158,4396,2024-11-28,5550.0,Upi,Success,68,376,2024-11-27
4159,4397,2024-01-25,1950.0,Upi,Success,175,806,2024-01-25
4160,4398,2025-08-15,11780.0,Upi,Success,147,266,2025-08-15
4161,4399,2024-10-30,12825.0,Upi,Success,105,154,2024-10-30
4162,4400,2025-04-29,5940.0,Credit Card,Failed,83,330,2025-04-28
4163,4401,2024-12-27,1750.0,Upi,Success,117,681,2024-12-27
4164,4403,2026-02-14,3300.0,Credit Card,Pending,115,285,2026-02-14
4165,4404,2026-06-10,6887.5,Credit Card,Success,59,487,2026-06-10
4166,4405,2024-07-05,1125.0,Upi,Success,101,250,2024-07-04
4167,4406,2026-06-29,2150.0,Credit Card,Success,39,246,2026-06-29
4168,4407,2025-09-10,2250.0,Net Banking,Success,101,503,2025-09-09
4169,4408,2025-08-30,1900.0,Upi,Success,72,800,2025-08-29
4170,4409,2024-07-20,9225.0,Upi,Success,159,728,2024-07-20
4171,4410,2024-05-16,1575.0,Credit Card,Success,117,866,2024-05-16
4172,4411,2025-03-17,2900.0,Net Banking,Success,24,423,2025-03-17
4173,4413,2024-10-13,8600.0,Credit Card,Success,58,454,2024-10-13
4174,4414,2024-09-08,7750.0,Credit Card,Success,169,52,2024-09-07
4175,4415,2025-07-22,4050.0,Debit Card,Success,20,486,2025-07-22
4176,4416,2025-07-21,17000.0,Credit Card,Success,99,146,2025-07-21
4177,4417,2024-12-28,7350.0,Credit Card,Success,164,640,2024-12-27
4178,4418,2025-11-23,12540.0,Debit Card,Success,171,782,2025-11-23
4179,4419,2026-01-18,10402.5,Upi,Success,157,42,2026-01-18
4180,4420,2026-01-19,11400.0,Credit Card,Success,116,848,2026-01-19
4181,4421,2025-01-04,6200.0,Debit Card,Success,66,10,2025-01-04
4182,4422,2026-03-24,20000.0,Net Banking,Success,34,5,2026-03-23
4183,4423,2025-05-29,2600.0,Credit Card,Success,138,697,2025-05-29
4184,4424,2025-07-19,4000.0,Cash,Success,34,575,2025-07-19
4185,4425,2024-11-29,4900.0,Upi,Refunded,179,848,2024-11-29
4186,4426,2024-08-11,8312.5,Upi,Success,136,206,2024-08-11
4187,4427,2024-03-20,4650.0,Cash,Success,66,590,2024-03-20
4188,4428,2025-11-26,7000.0,Net Banking,Success,117,27,2025-11-26
4189,4429,2025-12-05,34000.0,Net Banking,Success,37,602,2025-12-05
4190,4430,2025-12-19,6840.0,Upi,Failed,139,45,2025-12-19
4191,4431,2025-02-16,2232.5,Credit Card,Success,172,48,2025-02-15
4192,4432,2024-06-20,3515.0,Debit Card,Success,88,328,2024-06-19
4193,4433,2025-10-02,2430.0,Debit Card,Success,6,174,2025-10-02
4194,4434,2024-12-22,2150.0,Net Banking,Success,178,321,2024-12-22
4195,4435,2024-01-28,1805.0,Cash,Success,168,897,2024-01-27
4196,4436,2026-01-14,7020.0,Cash,Success,26,294,2026-01-13
4197,4437,2024-01-22,10925.0,Debit Card,Success,148,747,2024-01-22
4198,4438,2025-05-21,12920.0,Net Banking,Success,27,229,2025-05-21
4199,4439,2025-06-12,8977.5,Cash,Success,7,194,2025-06-11
4200,4440,2026-01-31,5130.0,Cash,Refunded,20,737,2026-01-30
4201,4441,2025-04-07,9900.0,Credit Card,Success,14,236,2025-04-07
4202,4442,2024-06-17,7740.0,Upi,Success,178,428,2024-06-17
4203,4443,2025-11-30,3990.0,Upi,Success,100,374,2025-11-30
4204,4444,2026-05-29,8700.0,Upi,Success,24,66,2026-05-29
4205,4445,2025-12-26,8835.0,Debit Card,Success,28,342,2025-12-26
4206,4446,2025-12-18,7000.0,Upi,Failed,30,474,2025-12-18
4207,4447,2024-05-06,7182.5,Credit Card,Pending,40,502,2024-05-06
4208,4448,2026-01-05,11750.0,Debit Card,Success,172,106,2026-01-05
4209,4449,2025-08-27,2565.0,Cash,Success,20,784,2025-08-27
4210,4450,2024-01-17,1845.0,Upi,Success,159,306,2024-01-17
4211,4451,2025-09-21,3705.0,Net Banking,Success,176,150,2025-09-21
4212,4452,2025-10-22,5100.0,Debit Card,Success,122,526,2025-10-22
4213,4453,2026-02-02,8750.0,Credit Card,Success,136,861,2026-02-02
4214,4454,2024-04-17,5100.0,Upi,Success,153,778,2024-04-17
4215,4455,2024-10-02,3400.0,Upi,Success,34,623,2024-10-01
4216,4456,2024-07-04,3690.0,Upi,Success,159,410,2024-07-04
4217,4457,2025-09-08,4860.0,Upi,Success,162,793,2025-09-07
4218,4458,2025-08-16,7837.5,Upi,Success,160,656,2025-08-15
4219,4459,2025-01-09,14940.0,Upi,Failed,13,354,2025-01-09
4220,4460,2025-04-21,28050.0,Cash,Success,14,546,2025-04-21
4221,4461,2025-04-05,11400.0,Upi,Failed,37,578,2025-04-04
4222,4462,2025-10-10,4300.0,Upi,Success,58,147,2025-10-09
4223,4463,2024-01-18,1282.5,Net Banking,Success,21,433,2024-01-18
4224,4464,2024-11-05,27300.0,Credit Card,Success,80,663,2024-11-04
4225,4465,2024-03-14,18300.0,Cash,Success,137,96,2024-03-13
4226,4468,2024-11-06,3230.0,Upi,Failed,27,163,2024-11-06
4227,4469,2025-02-13,10212.5,Debit Card,Success,87,374,2025-02-13
4228,4470,2025-03-14,4500.0,Cash,Success,89,393,2025-03-14
4229,4471,2025-08-05,4800.0,Debit Card,Success,25,417,2025-08-05
4230,4472,2025-06-11,8200.0,Upi,Success,15,803,2025-06-11
4231,4473,2024-11-08,1400.0,Credit Card,Success,100,287,2024-11-08
4232,4474,2025-10-02,17670.0,Credit Card,Success,147,443,2025-10-01
4233,4475,2026-01-01,9400.0,Debit Card,Success,155,170,2025-12-31
4234,4476,2025-10-24,2700.0,Debit Card,Success,6,367,2025-10-23
4235,4477,2025-02-20,2090.0,Upi,Success,171,537,2025-02-20
4236,4478,2024-06-08,8502.5,Credit Card,Success,144,49,2024-06-08
4237,4479,2024-02-29,5695.0,Credit Card,Success,69,112,2024-02-29
4238,4480,2024-11-01,2677.5,Debit Card,Refunded,7,450,2024-10-31
4239,4481,2024-08-11,10800.0,Upi,Success,56,632,2024-08-11
4240,4482,2025-05-20,5490.0,Credit Card,Success,124,808,2025-05-19
4241,4483,2025-11-15,16957.5,Credit Card,Refunded,106,789,2025-11-14
4242,4484,2025-04-17,23700.0,Upi,Success,146,615,2025-04-17
4243,4485,2026-05-17,4860.0,Upi,Success,103,93,2026-05-17
4244,4486,2024-02-01,16950.0,Upi,Success,41,283,2024-01-31
4245,4487,2026-01-26,19617.5,Debit Card,Success,82,72,2026-01-26
4246,4488,2025-04-20,7220.0,Credit Card,Success,108,596,2025-04-20
4247,4489,2025-02-13,7410.0,Net Banking,Success,63,690,2025-02-13
4248,4490,2024-10-29,12302.5,Upi,Success,94,666,2024-10-28
4249,4491,2025-01-07,24900.0,Upi,Success,13,348,2025-01-07
4250,4492,2025-01-18,2470.0,Upi,Success,12,593,2025-01-17
4251,4493,2024-09-09,11205.0,Upi,Refunded,96,847,2024-09-09
4252,4494,2026-04-18,2200.0,Net Banking,Failed,171,718,2026-04-17
4253,4495,2025-08-27,5185.0,Upi,Refunded,124,566,2025-08-26
4254,4496,2026-03-10,4100.0,Credit Card,Success,62,572,2026-03-10
4255,4497,2025-12-18,6600.0,Debit Card,Success,14,239,2025-12-18
4256,4498,2025-02-12,9450.0,Net Banking,Success,20,419,2025-02-12
4257,4499,2024-01-29,9450.0,Debit Card,Success,20,483,2024-01-29
4258,4500,2025-04-09,2280.0,Credit Card,Success,139,737,2025-04-08
4259,4501,2025-09-21,5850.0,Debit Card,Success,150,313,2025-09-20
4260,4502,2025-12-10,15912.5,Net Banking,Success,69,201,2025-12-10
4261,4503,2025-08-13,10125.0,Upi,Success,89,755,2025-08-12
4262,4504,2025-06-26,3050.0,Net Banking,Success,109,86,2025-06-26
4263,4505,2025-12-29,10250.0,Net Banking,Success,159,291,2025-12-29
4264,4506,2026-05-30,17385.0,Credit Card,Success,137,810,2026-05-29
4265,4507,2026-03-01,2250.0,Credit Card,Success,89,117,2026-03-01
4266,4508,2024-06-05,16740.0,Credit Card,Failed,151,104,2024-06-05
4267,4509,2026-05-03,10307.5,Debit Card,Success,46,389,2026-05-02
4268,4510,2024-02-16,9600.0,Upi,Success,143,705,2024-02-15
4269,4511,2025-12-31,1450.0,Credit Card,Success,4,75,2025-12-31
4270,4512,2024-10-09,5600.0,Credit Card,Failed,125,703,2024-10-09
4271,4513,2024-12-01,6127.5,Cash,Success,178,670,2024-12-01
4272,4514,2026-02-27,8100.0,Credit Card,Success,89,739,2026-02-26
4273,4515,2025-11-06,23310.0,Credit Card,Failed,54,293,2025-11-05
4274,4516,2025-03-15,9025.0,Credit Card,Success,121,658,2025-03-15
4275,4517,2025-05-11,5985.0,Upi,Success,61,42,2025-05-10
4276,4518,2026-01-30,6400.0,Credit Card,Success,25,417,2026-01-30
4277,4519,2026-05-30,17385.0,Upi,Success,140,386,2026-05-30
4278,4520,2026-05-01,9300.0,Upi,Success,147,267,2026-04-30
4279,4521,2024-05-28,6365.0,Credit Card,Success,114,310,2024-05-28
4280,4522,2025-11-17,9547.5,Credit Card,Pending,95,386,2025-11-17
4281,4523,2025-09-28,33250.0,Debit Card,Success,30,692,2025-09-27
4282,4524,2025-12-25,2160.0,Upi,Success,143,471,2025-12-24
4283,4525,2025-07-02,6600.0,Upi,Success,174,64,2025-07-02
4284,4526,2025-09-08,50400.0,Credit Card,Success,34,799,2025-09-07
4285,4527,2025-02-24,4100.0,Debit Card,Refunded,48,191,2025-02-24
4286,4528,2024-02-25,3135.0,Credit Card,Success,174,581,2024-02-25
4287,4529,2024-09-17,8977.5,Net Banking,Success,103,443,2024-09-17
4288,4530,2026-04-27,35250.0,Net Banking,Success,173,285,2026-04-26
4289,4531,2025-08-25,7200.0,Credit Card,Success,57,181,2025-08-25
4290,4532,2024-02-26,5780.0,Credit Card,Failed,10,566,2024-02-26
4291,4533,2025-06-14,6365.0,Upi,Success,114,883,2025-06-14
4292,4534,2025-01-07,3735.0,Upi,Success,96,595,2025-01-07
4293,4535,2025-09-07,4717.5,Net Banking,Success,68,726,2025-09-07
4294,4536,2026-01-16,55860.0,Debit Card,Success,22,666,2026-01-15
4295,4539,2024-11-08,12250.0,Upi,Pending,164,126,2024-11-07
4296,4540,2026-06-21,2250.0,Upi,Success,43,236,2026-06-21
4297,4541,2024-03-16,3135.0,Credit Card,Success,11,310,2024-03-15
4298,4542,2025-05-10,6450.0,Debit Card,Success,118,632,2025-05-10
4299,4543,2025-09-24,6750.0,Upi,Success,135,331,2025-09-24
4300,4544,2026-04-09,5850.0,Upi,Success,150,368,2026-04-08
4301,4545,2025-01-06,3750.0,Debit Card,Success,17,10,2025-01-06
4302,4546,2024-12-13,6750.0,Debit Card,Success,162,805,2024-12-13
4303,4547,2026-04-24,4000.0,Debit Card,Success,127,511,2026-04-24
4304,4548,2024-10-08,8100.0,Cash,Success,21,828,2024-10-08
4305,4549,2025-08-17,12920.0,Upi,Success,108,574,2025-08-17
4306,4550,2025-05-21,7000.0,Credit Card,Success,70,285,2025-05-20
4307,4551,2025-03-11,2232.5,Debit Card,Success,158,15,2025-03-11
4308,4552,2026-05-28,3697.5,Debit Card,Success,119,123,2026-05-28
4309,4553,2024-12-14,2762.5,Cash,Failed,145,574,2024-12-14
4310,4554,2024-08-29,15400.0,Debit Card,Success,18,733,2024-08-29
4311,4555,2024-12-25,11400.0,Credit Card,Success,108,632,2024-12-25
4312,4556,2024-11-11,19500.0,Upi,Success,145,510,2024-11-11
4313,4557,2024-11-20,10200.0,Debit Card,Failed,91,369,2024-11-19
4314,4558,2025-02-16,6365.0,Credit Card,Success,95,711,2025-02-15
4315,4559,2024-07-13,10260.0,Upi,Success,60,6,2024-07-12
4316,4560,2024-06-17,2700.0,Upi,Success,8,830,2024-06-17
4317,4561,2026-01-22,8692.5,Cash,Success,140,842,2026-01-21
4318,4562,2025-02-27,12000.0,Net Banking,Success,139,33,2025-02-27
4319,4563,2024-12-28,10750.0,Cash,Success,31,525,2024-12-28
4320,4564,2024-12-30,20425.0,Net Banking,Success,58,842,2024-12-29
4321,4565,2026-03-17,5130.0,Upi,Success,162,588,2026-03-17
4322,4566,2024-03-16,6300.0,Upi,Success,117,88,2024-03-16
4323,4567,2024-05-24,8100.0,Credit Card,Success,56,37,2024-05-23
4324,4568,2025-01-29,10200.0,Credit Card,Success,71,333,2025-01-29
4325,4569,2024-02-12,6000.0,Credit Card,Pending,2,279,2024-02-12
4326,4570,2026-02-01,8600.0,Credit Card,Success,31,129,2026-02-01
4327,4571,2024-05-17,4132.5,Upi,Success,170,740,2024-05-17
4328,4572,2024-02-15,6750.0,Credit Card,Success,162,267,2024-02-15
4329,4573,2026-05-30,8787.5,Credit Card,Success,68,439,2026-05-30
4330,4574,2024-11-10,6900.0,Credit Card,Success,148,2,2024-11-10
4331,4575,2024-10-31,14237.5,Credit Card,Success,95,638,2024-10-31
4332,4576,2025-01-30,7000.0,Debit Card,Refunded,70,687,2025-01-30
4333,4577,2026-06-17,15485.0,Credit Card,Success,42,252,2026-06-17
4334,4578,2025-05-09,18500.0,Credit Card,Success,152,736,2025-05-09
4335,4579,2024-08-15,5842.5,Upi,Success,48,26,2024-08-15
4336,4581,2025-12-20,2880.0,Net Banking,Success,81,505,2025-12-20
4337,4582,2025-01-07,24450.0,Credit Card,Success,42,329,2025-01-07
4338,4583,2024-09-11,6270.0,Debit Card,Success,14,296,2024-09-11
4339,4584,2024-11-02,40137.5,Debit Card,Success,40,372,2024-11-01
4340,4585,2025-05-12,7470.0,Debit Card,Success,13,104,2025-05-12
4341,4586,2024-12-06,3800.0,Credit Card,Success,2,643,2024-12-06
4342,4587,2025-04-30,7600.0,Upi,Success,129,64,2025-04-30
4343,4588,2024-10-10,4275.0,Net Banking,Success,8,187,2024-10-10
4344,4589,2024-01-22,6555.0,Credit Card,Success,52,439,2024-01-22
4345,4590,2026-02-09,12540.0,Upi,Failed,11,644,2026-02-09
4346,4591,2024-01-22,7267.5,Debit Card,Success,106,888,2024-01-22
4347,4592,2024-09-24,2450.0,Credit Card,Success,164,303,2024-09-24
4348,4593,2026-01-06,13600.0,Cash,Success,32,121,2026-01-05
4349,4594,2025-05-26,42512.5,Upi,Failed,144,616,2025-05-26
4350,4595,2026-06-01,5440.0,Upi,Success,111,522,2026-06-01
4351,4596,2024-08-19,2025.0,Credit Card,Success,47,503,2024-08-18
4352,4597,2024-08-23,6270.0,Net Banking,Success,160,530,2024-08-23
4353,4598,2025-01-11,6525.0,Credit Card,Success,4,93,2025-01-11
4354,4599,2024-02-06,2150.0,Credit Card,Success,58,37,2024-02-06
4355,4600,2025-06-03,5415.0,Net Banking,Success,177,373,2025-06-03
4356,4601,2024-11-04,7600.0,Upi,Success,108,142,2024-11-04
4357,4602,2024-01-17,17820.0,Upi,Failed,14,647,2024-01-17
4358,4603,2025-08-29,3330.0,Net Banking,Success,104,273,2025-08-29
4359,4604,2025-01-06,89110.0,Credit Card,Refunded,114,180,2025-01-06
4360,4605,2025-07-13,2150.0,Upi,Success,19,633,2025-07-13
4361,4606,2025-04-05,13500.0,Credit Card,Success,8,399,2025-04-05
4362,4607,2024-04-10,5700.0,Net Banking,Success,129,319,2024-04-09
4363,4608,2024-06-01,1485.0,Debit Card,Success,160,263,2024-06-01
4364,4609,2024-03-12,5937.5,Debit Card,Success,135,302,2024-03-12
4365,4610,2025-12-07,11730.0,Debit Card,Success,33,463,2025-12-07
4366,4611,2025-06-17,10080.0,Debit Card,Success,57,876,2025-06-17
4367,4612,2025-09-22,4400.0,Debit Card,Success,171,237,2025-09-21
4368,4613,2024-09-12,9642.5,Upi,Success,4,73,2024-09-12
4369,4614,2025-07-07,23227.5,Credit Card,Success,42,201,2025-07-07
4370,4615,2024-04-13,2945.0,Credit Card,Success,169,600,2024-04-13
4371,4616,2025-04-25,1550.0,Credit Card,Success,169,106,2025-04-25
4372,4617,2024-07-11,1755.0,Upi,Success,26,300,2024-07-11
4373,4619,2025-02-20,4995.0,Credit Card,Success,68,862,2025-02-20
4374,4620,2026-03-11,11602.5,Credit Card,Success,163,689,2026-03-11
4375,4621,2024-04-27,10150.0,Cash,Success,24,312,2024-04-26
4376,4622,2026-03-30,6555.0,Credit Card,Success,52,102,2026-03-29
4377,4623,2024-01-16,3182.5,Upi,Success,69,877,2024-01-16
4378,4624,2024-01-20,14220.0,Upi,Success,120,780,2024-01-20
4379,4625,2024-12-03,4655.0,Credit Card,Success,179,82,2024-12-03
4380,4627,2025-08-12,4800.0,Cash,Success,111,441,2025-08-12
4381,4628,2024-05-29,7400.0,Credit Card,Failed,94,480,2024-05-29
4382,4629,2024-01-19,6500.0,Upi,Pending,150,571,2024-01-19
4383,4630,2024-10-06,10250.0,Upi,Success,15,573,2024-10-05
4384,4631,2025-01-24,3050.0,Upi,Success,75,25,2025-01-24
4385,4632,2024-02-16,2610.0,Debit Card,Success,141,300,2024-02-16
4386,4633,2024-07-12,8645.0,Net Banking,Success,138,119,2024-07-12
4387,4634,2026-01-25,40000.0,Credit Card,Success,37,577,2026-01-25
4388,4635,2026-01-11,3700.0,Debit Card,Success,93,205,2026-01-11
4389,4636,2026-06-21,9642.5,Credit Card,Success,4,373,2026-06-20
4390,4637,2025-06-12,6750.0,Upi,Success,103,575,2025-06-12
4391,4638,2025-05-14,3780.0,Net Banking,Failed,77,139,2025-05-14
4392,4640,2025-12-10,5200.0,Upi,Success,138,571,2025-12-10
4393,4641,2025-05-02,8800.0,Credit Card,Success,18,324,2025-05-02
4394,4642,2025-09-28,4000.0,Credit Card,Success,37,97,2025-09-27
4395,4643,2024-12-14,4400.0,Credit Card,Failed,171,752,2024-12-14
4396,4644,2024-07-11,3500.0,Debit Card,Success,117,108,2024-07-11
4397,4645,2025-05-21,3510.0,Upi,Success,176,614,2025-05-20
4398,4646,2026-03-19,3230.0,Credit Card,Refunded,168,450,2026-03-19
4399,4647,2024-01-09,2000.0,Cash,Failed,72,473,2024-01-09
4400,4648,2024-10-04,11970.0,Credit Card,Success,22,72,2024-10-03
4401,4649,2025-02-24,33250.0,Credit Card,Success,102,183,2025-02-23
4402,4650,2024-10-05,2897.5,Credit Card,Success,5,161,2024-10-04
4403,4651,2024-12-31,5600.0,Upi,Success,77,5,2024-12-31
4404,4652,2024-06-26,2042.5,Net Banking,Success,118,801,2024-06-26
4405,4653,2024-09-30,8235.0,Upi,Success,5,216,2024-09-30
4406,4654,2024-10-16,5850.0,Cash,Success,161,76,2024-10-15
4407,4655,2025-01-25,12750.0,Credit Card,Success,153,136,2025-01-24
4408,4656,2024-08-13,2465.0,Upi,Success,126,59,2024-08-13
4409,4657,2025-03-08,9000.0,Upi,Success,8,287,2025-03-07
4410,4658,2026-01-01,7220.0,Credit Card,Success,110,316,2026-01-01
4411,4659,2025-01-29,5400.0,Debit Card,Success,91,506,2025-01-29
4412,4660,2024-10-14,5185.0,Debit Card,Success,109,508,2024-10-14
4413,4661,2024-10-13,6700.0,Credit Card,Success,55,171,2024-10-12
4414,4663,2024-10-17,24395.0,Credit Card,Success,50,323,2024-10-17
4415,4664,2025-02-13,12540.0,Credit Card,Success,83,610,2025-02-13
4416,4665,2025-04-14,1550.0,Cash,Success,66,94,2025-04-14
4417,4667,2026-01-12,13300.0,Credit Card,Success,77,180,2026-01-12
4418,4668,2024-05-28,2450.0,Credit Card,Success,179,857,2024-05-28
4419,4669,2024-03-12,6075.0,Debit Card,Success,113,114,2024-03-12
4420,4670,2024-07-29,2600.0,Upi,Success,12,687,2024-07-28
4421,4671,2025-09-29,18287.5,Credit Card,Success,149,160,2025-09-29
4422,4673,2024-05-05,13725.0,Credit Card,Failed,140,853,2024-05-05
4423,4674,2025-11-12,10750.0,Credit Card,Success,31,208,2025-11-11
4424,4675,2025-01-25,6300.0,Cash,Success,100,132,2025-01-25
4425,4676,2024-01-15,15000.0,Credit Card,Success,1,79,2024-01-15
4426,4677,2025-01-17,16100.0,Credit Card,Success,52,436,2025-01-16
4427,4678,2024-10-09,6365.0,Debit Card,Success,114,359,2024-10-08
4428,4679,2026-01-25,19000.0,Debit Card,Success,110,572,2026-01-25
4429,4680,2024-12-12,13800.0,Upi,Success,53,43,2024-12-12
4430,4681,2025-03-12,28700.0,Upi,Success,50,101,2025-03-12
4431,4682,2024-12-08,5400.0,Credit Card,Success,6,121,2024-12-08
4432,4683,2025-06-09,6127.5,Credit Card,Success,39,814,2025-06-08
4433,4684,2025-11-05,5272.5,Net Banking,Success,79,472,2025-11-04
4434,4685,2026-05-16,50700.0,Debit Card,Success,40,275,2026-05-16
4435,4686,2026-02-15,7400.0,Credit Card,Success,152,819,2026-02-14
4436,4687,2024-05-31,1530.0,Upi,Success,29,614,2024-05-31
4437,4688,2026-01-04,1377.5,Credit Card,Success,4,881,2026-01-03
4438,4689,2026-04-26,3900.0,Cash,Success,80,529,2026-04-26
4439,4690,2025-04-16,12350.0,Credit Card,Success,145,751,2025-04-16
4440,4691,2024-11-14,5415.0,Debit Card,Success,121,165,2024-11-13
4441,4692,2024-01-03,6270.0,Debit Card,Success,51,91,2024-01-02
4442,4693,2024-09-26,26800.0,Net Banking,Refunded,114,121,2024-09-25
4443,4694,2025-08-01,27710.0,Net Banking,Success,42,112,2025-08-01
4444,4696,2025-04-14,41565.0,Cash,Success,42,198,2025-04-14
4445,4697,2025-06-11,14350.0,Upi,Success,62,790,2025-06-10
4446,4698,2025-03-19,6400.0,Upi,Success,180,271,2025-03-18
4447,4699,2025-11-14,16625.0,Credit Card,Success,133,322,2025-11-13
4448,4700,2025-08-23,17900.0,Cash,Success,144,829,2025-08-22
4449,4701,2026-06-08,6800.0,Upi,Success,29,191,2026-06-08
4450,4702,2024-01-30,3610.0,Debit Card,Refunded,110,765,2024-01-30
4451,4703,2026-03-25,22800.0,Upi,Success,34,610,2026-03-24
4452,4704,2026-05-17,9450.0,Credit Card,Success,70,816,2026-05-17
4453,4705,2025-11-14,8280.0,Credit Card,Failed,33,396,2025-11-14
4454,4706,2026-02-22,6500.0,Credit Card,Success,161,565,2026-02-22
4455,4708,2025-01-17,10200.0,Upi,Success,143,177,2025-01-17
4456,4709,2024-09-21,3645.0,Credit Card,Success,6,619,2024-09-21
4457,4710,2025-11-27,2250.0,Upi,Success,74,429,2025-11-27
4458,4711,2024-02-25,2300.0,Credit Card,Success,142,66,2024-02-25
4459,4712,2025-10-14,9750.0,Upi,Success,163,704,2025-10-14
4460,4713,2026-05-01,3087.5,Cash,Success,145,433,2026-05-01
4461,4714,2025-01-27,8700.0,Credit Card,Success,4,674,2025-01-27
4462,4716,2025-12-15,5270.0,Credit Card,Success,169,301,2025-12-15
4463,4717,2026-01-26,2897.5,Net Banking,Success,75,444,2026-01-26
4464,4718,2024-10-27,6800.0,Upi,Success,27,142,2024-10-27
4465,4719,2024-09-02,3600.0,Cash,Refunded,167,632,2024-09-02
4466,4720,2024-11-28,7830.0,Upi,Success,131,645,2024-11-28
4467,4721,2024-12-05,4050.0,Credit Card,Success,47,648,2024-12-04
4468,4722,2025-12-12,22230.0,Credit Card,Success,85,466,2025-12-12
4469,4723,2026-04-16,7020.0,Credit Card,Success,80,672,2026-04-16
4470,4724,2024-03-19,33500.0,Upi,Success,114,419,2024-03-19
4471,4725,2025-06-25,2890.0,Credit Card,Success,29,46,2025-06-24
4472,4726,2024-05-18,1900.0,Credit Card,Refunded,121,138,2024-05-17
4473,4727,2024-10-06,6500.0,Credit Card,Success,176,696,2024-10-06
4474,4728,2024-06-25,1710.0,Credit Card,Success,3,871,2024-06-25
4475,4729,2024-11-12,6700.0,Upi,Success,114,170,2024-11-11
4476,4730,2024-08-26,1300.0,Cash,Success,138,572,2024-08-25
4477,4731,2024-02-12,3230.0,Debit Card,Pending,121,463,2024-02-11
4478,4732,2024-08-12,2897.5,Debit Card,Success,140,322,2024-08-12
4479,4733,2026-06-10,11257.5,Net Banking,Success,35,233,2026-06-10
4480,4734,2025-03-25,3900.0,Credit Card,Pending,175,33,2025-03-25
4481,4735,2025-01-12,4500.0,Upi,Success,113,480,2025-01-12
4482,4736,2024-01-31,5600.0,Credit Card,Success,125,804,2024-01-31
4483,4737,2025-01-04,16055.0,Upi,Success,40,119,2025-01-04
4484,4738,2025-05-05,3990.0,Upi,Success,44,537,2025-05-04
4485,4739,2025-11-01,20300.0,Credit Card,Pending,170,413,2025-11-01
4486,4740,2025-11-19,5510.0,Credit Card,Pending,59,194,2025-11-18
4487,4741,2025-06-29,22200.0,Debit Card,Success,107,258,2025-06-28
4488,4742,2024-10-25,8100.0,Credit Card,Success,56,94,2024-10-25
4489,4743,2024-08-12,28975.0,Net Banking,Success,5,264,2024-08-12
4490,4744,2024-01-23,21150.0,Upi,Success,173,776,2024-01-22
4491,4745,2025-08-18,9547.5,Debit Card,Refunded,128,54,2025-08-18
4492,4746,2025-12-11,1377.5,Upi,Success,119,150,2025-12-10
4493,4747,2024-03-04,2000.0,Upi,Success,84,732,2024-03-04
4494,4748,2024-03-10,20100.0,Credit Card,Success,128,807,2024-03-10
4495,4749,2025-06-10,4185.0,Credit Card,Success,16,682,2025-06-09
4496,4750,2026-06-16,8600.0,Upi,Success,67,474,2026-06-16
4497,4751,2024-08-21,12240.0,Upi,Success,10,311,2024-08-21
4498,4752,2025-11-23,16650.0,Net Banking,Success,88,570,2025-11-23
4499,4753,2024-04-05,3562.5,Credit Card,Success,17,36,2024-04-04
4500,4754,2025-07-08,54530.0,Upi,Success,50,439,2025-07-08
4501,4755,2024-08-21,9200.0,Cash,Success,52,395,2024-08-20
4502,4756,2025-09-09,5937.5,Credit Card,Success,17,336,2025-09-09
4503,4757,2024-07-30,1755.0,Cash,Success,175,396,2024-07-30
4504,4758,2025-04-17,3697.5,Credit Card,Success,119,377,2025-04-17
4505,4759,2026-03-03,3325.0,Cash,Refunded,70,763,2026-03-02
4506,4760,2026-01-19,59150.0,Credit Card,Success,40,732,2026-01-19
4507,4761,2026-06-07,6300.0,Credit Card,Success,61,771,2026-06-06
4508,4762,2024-07-14,2050.0,Cash,Success,90,438,2024-07-13
4509,4763,2026-06-08,7600.0,Credit Card,Success,121,735,2026-06-08
4510,4764,2024-03-19,3325.0,Credit Card,Success,133,600,2024-03-19
4511,4765,2024-07-30,1710.0,Credit Card,Success,168,843,2024-07-30
4512,4766,2026-05-30,4350.0,Upi,Success,131,157,2026-05-29
4513,4767,2024-07-03,12730.0,Debit Card,Success,95,518,2024-07-02
4514,4768,2025-05-22,3100.0,Credit Card,Success,46,287,2025-05-21
4515,4769,2025-12-04,4050.0,Upi,Failed,8,149,2025-12-03
4516,4770,2025-08-19,4350.0,Upi,Success,24,309,2025-08-19
4517,4771,2024-12-10,5625.0,Upi,Success,101,366,2024-12-09
4518,4772,2026-05-20,7030.0,Credit Card,Failed,88,284,2026-05-20
4519,4773,2024-12-19,8200.0,Credit Card,Success,15,519,2024-12-18
4520,4774,2024-10-25,5490.0,Credit Card,Success,109,399,2024-10-25
4521,4775,2025-01-29,1550.0,Net Banking,Success,66,890,2025-01-28
4522,4777,2025-11-18,3350.0,Credit Card,Success,55,446,2025-11-18
4523,4778,2025-05-23,4275.0,Upi,Success,113,766,2025-05-22
4524,4779,2025-10-25,3200.0,Credit Card,Success,57,435,2025-10-25
4525,4780,2024-10-31,15800.0,Upi,Success,146,724,2024-10-31
4526,4781,2026-06-04,6555.0,Credit Card,Success,23,786,2026-06-03
4527,4782,2024-12-30,7362.5,Net Banking,Success,66,21,2024-12-30
4528,4783,2025-01-25,8330.0,Cash,Success,44,214,2025-01-25
4529,4784,2026-05-09,12200.0,Upi,Success,5,768,2026-05-09
4530,4785,2024-10-17,4500.0,Upi,Success,113,741,2024-10-16
4531,4786,2026-06-24,3895.0,Upi,Success,50,769,2026-06-24
4532,4787,2024-08-02,4590.0,Debit Card,Pending,60,381,2024-08-02
4533,4788,2026-05-08,3182.5,Credit Card,Success,86,472,2026-05-07
4534,4789,2025-10-28,7200.0,Debit Card,Success,139,27,2025-10-28
4535,4790,2025-03-25,5265.0,Upi,Failed,175,606,2025-03-25
4536,4791,2024-03-26,3500.0,Upi,Success,70,200,2024-03-26
4537,4792,2026-01-06,1377.5,Upi,Success,4,290,2026-01-06
4538,4793,2025-11-26,35150.0,Upi,Success,107,676,2025-11-26
4539,4794,2025-02-02,28250.0,Net Banking,Success,9,889,2025-02-01
4540,4795,2025-10-06,10370.0,Net Banking,Success,5,512,2025-10-06
4541,4796,2026-02-14,4000.0,Upi,Success,34,288,2026-02-14
4542,4797,2026-03-04,4500.0,Net Banking,Failed,74,896,2026-03-04
4543,4798,2024-01-25,5400.0,Net Banking,Success,167,392,2024-01-24
4544,4799,2024-12-05,2250.0,Net Banking,Success,74,186,2024-12-05
4545,4800,2024-10-30,7820.0,Credit Card,Success,73,198,2024-10-30
4546,4801,2025-09-14,4370.0,Upi,Success,142,888,2025-09-14
4547,4802,2024-08-27,9765.0,Credit Card,Success,28,181,2024-08-27
4548,4803,2024-06-02,3600.0,Net Banking,Success,167,37,2024-06-02
4549,4804,2024-03-02,15600.0,Credit Card,Success,80,11,2024-03-01
4550,4805,2025-08-24,7200.0,Upi,Success,2,39,2025-08-23
4551,4806,2024-05-04,19500.0,Credit Card,Success,161,393,2024-05-04
4552,4807,2024-01-02,21000.0,Credit Card,Success,98,281,2024-01-02
4553,4809,2024-09-08,50850.0,Upi,Failed,41,739,2024-09-07
4554,4810,2024-05-04,3690.0,Credit Card,Success,48,507,2024-05-03
4555,4812,2025-09-18,43470.0,Net Banking,Success,165,305,2025-09-17
4556,4813,2025-10-31,15800.0,Credit Card,Success,78,705,2025-10-30
4557,4814,2024-04-19,10830.0,Upi,Success,168,766,2024-04-18
4558,4815,2025-04-01,21350.0,Debit Card,Success,75,113,2025-04-01
4559,4816,2025-10-26,5400.0,Upi,Success,162,27,2025-10-25
4560,4817,2024-07-29,56000.0,Debit Card,Success,34,383,2024-07-28
4561,4818,2025-04-20,4560.0,Upi,Success,25,781,2025-04-20
4562,4819,2024-08-21,2300.0,Debit Card,Success,148,462,2024-08-21
4563,4820,2024-01-18,8692.5,Upi,Failed,109,888,2024-01-17
4564,4821,2025-11-19,14220.0,Credit Card,Success,35,839,2025-11-19
4565,4822,2024-11-23,9750.0,Upi,Success,26,327,2024-11-23
4566,4823,2025-02-21,12060.0,Cash,Failed,86,849,2025-02-21
4567,4824,2025-11-10,17775.0,Credit Card,Success,78,628,2025-11-10
4568,4826,2025-10-15,5400.0,Cash,Failed,154,465,2025-10-14
4569,4827,2024-12-15,2600.0,Debit Card,Success,12,659,2024-12-15
4570,4828,2025-03-23,4465.0,Credit Card,Failed,158,834,2025-03-23
4571,4829,2025-11-11,12800.0,Upi,Success,180,577,2025-11-11
4572,4830,2026-02-11,2042.5,Net Banking,Failed,19,855,2026-02-11
4573,4831,2026-05-10,16000.0,Cash,Success,37,640,2026-05-09
4574,4832,2024-01-05,4465.0,Upi,Refunded,158,879,2024-01-04
4575,4833,2025-01-24,2200.0,Cash,Pending,18,445,2025-01-23
4576,4834,2026-05-06,7742.5,Credit Card,Success,42,357,2026-05-06
4577,4835,2024-08-15,9750.0,Debit Card,Success,175,303,2024-08-15
4578,4836,2024-01-14,6412.5,Cash,Failed,162,374,2024-01-14
4579,4837,2024-08-03,7500.0,Credit Card,Success,38,707,2024-08-03
4580,4838,2025-11-03,5490.0,Credit Card,Success,109,839,2025-11-03
4581,4839,2024-12-14,3325.0,Cash,Success,30,459,2024-12-14
4582,4840,2024-08-20,8280.0,Upi,Pending,52,434,2024-08-20
4583,4841,2025-03-31,9150.0,Debit Card,Success,75,71,2025-03-30
4584,4843,2026-01-27,9642.5,Net Banking,Success,170,372,2026-01-27
4585,4844,2024-11-04,1900.0,Upi,Success,127,386,2024-11-04
4586,4845,2026-05-23,2300.0,Net Banking,Success,52,678,2026-05-22
4587,4846,2024-05-25,4300.0,Upi,Success,58,420,2024-05-25
4588,4847,2025-05-16,10050.0,Credit Card,Success,128,697,2025-05-15
4589,4848,2025-03-19,10750.0,Credit Card,Success,178,821,2025-03-18
4590,4849,2025-11-07,2300.0,Credit Card,Success,33,838,2025-11-06
4591,4850,2024-09-25,6555.0,Upi,Success,23,467,2024-09-25
4592,4851,2025-10-22,3870.0,Debit Card,Success,19,576,2025-10-22
4593,4852,2025-05-09,6970.0,Debit Card,Success,50,845,2025-05-09
4594,4853,2025-08-05,31500.0,Net Banking,Success,47,315,2025-08-05
4595,4854,2026-06-14,22950.0,Credit Card,Success,99,219,2026-06-14
4596,4855,2024-03-17,25935.0,Net Banking,Success,163,658,2024-03-17
4597,4856,2025-10-07,6887.5,Cash,Success,4,298,2025-10-06
4598,4857,2025-08-19,14280.0,Credit Card,Success,125,369,2025-08-19
4599,4858,2025-07-06,12000.0,Net Banking,Success,37,470,2025-07-05
4600,4859,2026-06-18,7695.0,Credit Card,Success,6,351,2026-06-18
4601,4860,2025-12-17,6270.0,Credit Card,Success,174,456,2025-12-17
4602,4861,2024-04-23,4200.0,Upi,Success,22,422,2024-04-23
4603,4862,2026-06-12,9000.0,Upi,Success,91,406,2026-06-12
4604,4863,2026-03-23,8910.0,Credit Card,Success,174,35,2026-03-23
4605,4864,2025-02-18,9225.0,Debit Card,Success,62,269,2025-02-18
4606,4865,2025-09-24,8800.0,Upi,Success,18,225,2025-09-23
4607,4866,2025-06-07,8000.0,Credit Card,Success,37,259,2025-06-07
4608,4867,2025-10-17,2050.0,Credit Card,Success,15,490,2025-10-16
4609,4868,2024-11-27,5890.0,Debit Card,Failed,151,787,2024-11-26
4610,4870,2025-12-14,2600.0,Credit Card,Success,63,702,2025-12-14
4611,4871,2024-02-11,25500.0,Credit Card,Success,106,609,2024-02-10
4612,4872,2025-09-17,1062.5,Upi,Success,135,764,2025-09-16
4613,4873,2026-01-06,2042.5,Upi,Success,58,599,2026-01-06
4614,4874,2024-09-27,40565.0,Credit Card,Success,124,439,2024-09-27
4615,4876,2025-06-14,10582.5,Debit Card,Success,96,689,2025-06-14
4616,4878,2026-03-05,8312.5,Credit Card,Success,117,863,2026-03-05
4617,4879,2026-04-22,6500.0,Debit Card,Success,138,30,2026-04-22
4618,4881,2025-06-11,24225.0,Upi,Success,106,769,2025-06-11
4619,4882,2024-01-09,12302.5,Upi,Failed,94,223,2024-01-09
4620,4883,2025-05-30,26800.0,Upi,Success,114,668,2025-05-29
4621,4884,2024-06-24,5535.0,Debit Card,Success,48,269,2024-06-24
4622,4885,2024-04-10,8010.0,Credit Card,Success,134,493,2024-04-10
4623,4886,2025-01-28,5695.0,Debit Card,Success,128,65,2025-01-28
4624,4887,2026-06-19,2945.0,Debit Card,Success,46,865,2026-06-19
4625,4888,2024-12-10,17000.0,Credit Card,Success,99,430,2024-12-09
4626,4889,2026-01-04,8910.0,Upi,Success,83,576,2026-01-04
4627,4890,2025-07-11,7650.0,Net Banking,Success,153,421,2025-07-11
4628,4891,2024-04-22,3700.0,Cash,Success,152,429,2024-04-22
4629,4892,2025-05-18,4050.0,Credit Card,Success,47,132,2025-05-17
4630,4893,2024-03-08,4085.0,Upi,Success,19,122,2024-03-07
4631,4894,2024-07-22,4845.0,Upi,Success,153,814,2024-07-22
4632,4896,2024-05-13,3900.0,Upi,Success,12,685,2024-05-13
4633,4897,2025-10-23,2755.0,Net Banking,Success,131,814,2025-10-23
4634,4898,2025-05-31,7900.0,Debit Card,Success,120,686,2025-05-30
4635,4899,2025-11-19,30590.0,Upi,Refunded,23,883,2025-11-19
4636,4900,2025-06-16,3900.0,Debit Card,Success,163,307,2025-06-16
4637,4901,2025-09-16,3100.0,Upi,Success,147,131,2025-09-16
4638,4902,2025-07-31,11250.0,Cash,Success,43,13,2025-07-31
4639,4903,2026-02-09,4750.0,Debit Card,Success,17,644,2026-02-09
4640,4904,2026-05-08,118300.0,Credit Card,Success,40,741,2026-05-08
4641,4905,2025-05-10,21000.0,Upi,Success,91,240,2025-05-10
4642,4906,2026-02-28,9405.0,Upi,Success,174,706,2026-02-27
4643,4907,2025-07-27,10530.0,Upi,Success,85,816,2025-07-27
4644,4908,2025-06-14,5415.0,Credit Card,Success,129,664,2025-06-14
4645,4910,2025-11-02,3200.0,Net Banking,Success,111,529,2025-11-02
4646,4911,2024-11-05,3277.5,Debit Card,Success,53,604,2024-11-05
4647,4913,2024-01-19,9000.0,Debit Card,Success,105,723,2024-01-19
4648,4914,2024-04-06,4000.0,Cash,Pending,37,890,2024-04-06
4649,4915,2024-03-25,5865.0,Debit Card,Success,52,123,2024-03-24
4650,4916,2024-07-10,6900.0,Debit Card,Success,73,458,2024-07-10
4651,4917,2026-01-11,19750.0,Upi,Success,146,124,2026-01-11
4652,4918,2024-11-23,10350.0,Debit Card,Success,53,543,2024-11-23
4653,4919,2024-07-16,5100.0,Credit Card,Success,29,207,2024-07-15
4654,4920,2024-04-30,13600.0,Debit Card,Success,27,13,2024-04-30
4655,4921,2025-12-05,3600.0,Credit Card,Success,3,1,2025-12-05
4656,4922,2024-08-23,1750.0,Credit Card,Success,117,213,2024-08-23
4657,4923,2026-01-10,35595.0,Credit Card,Success,41,387,2026-01-10
4658,4924,2024-03-02,16000.0,Debit Card,Success,37,355,2024-03-02
4659,4925,2025-04-28,4770.0,Credit Card,Success,112,680,2025-04-28
4660,4926,2025-05-17,4140.0,Debit Card,Success,33,270,2025-05-17
4661,4927,2025-09-15,2992.5,Debit Card,Success,7,336,2025-09-15
4662,4928,2024-01-11,4860.0,Credit Card,Success,20,19,2024-01-11
4663,4929,2025-04-17,5272.5,Upi,Success,68,7,2025-04-17
4664,4930,2025-01-06,19215.0,Credit Card,Success,75,331,2025-01-06
4665,4931,2024-01-03,10500.0,Upi,Success,117,259,2024-01-02
4666,4932,2025-05-18,4132.5,Debit Card,Success,126,99,2025-05-17
4667,4933,2024-12-22,7250.0,Credit Card,Success,141,417,2024-12-21
4668,4934,2024-07-29,4050.0,Credit Card,Success,105,300,2024-07-28
4669,4935,2024-11-09,9000.0,Debit Card,Success,8,186,2024-11-08
4670,4936,2026-06-13,45630.0,Debit Card,Success,40,854,2026-06-12
4671,4937,2026-03-12,9600.0,Debit Card,Success,180,803,2026-03-12
4672,4938,2024-05-10,4000.0,Credit Card,Success,84,708,2024-05-10
4673,4939,2025-06-21,8950.0,Upi,Success,144,674,2025-06-21
4674,4940,2024-04-08,28250.0,Credit Card,Success,9,454,2024-04-07
4675,4941,2024-03-22,9262.5,Upi,Success,161,742,2024-03-22
4676,4942,2024-01-24,3950.0,Debit Card,Failed,78,110,2024-01-24
4677,4943,2024-03-03,3752.5,Credit Card,Success,120,822,2024-03-02
4678,4944,2024-09-03,1550.0,Debit Card,Success,28,615,2024-09-03
4679,4945,2024-03-06,3895.0,Debit Card,Success,90,569,2024-03-06
4680,4946,2025-03-03,22610.0,Upi,Failed,122,629,2025-03-03
4681,4947,2025-05-02,2300.0,Credit Card,Failed,148,872,2025-05-02
4682,4948,2025-10-07,7050.0,Credit Card,Success,172,378,2025-10-07
4683,4949,2024-04-16,5085.0,Credit Card,Success,9,256,2024-04-15
4684,4950,2024-01-10,5400.0,Upi,Success,167,873,2024-01-10
4685,4951,2024-11-18,20250.0,Upi,Success,113,305,2024-11-18
4686,4952,2025-02-13,14580.0,Net Banking,Success,56,612,2025-02-12
4687,4953,2025-10-23,9450.0,Debit Card,Success,21,327,2025-10-22
4688,4954,2025-04-09,12730.0,Credit Card,Success,95,547,2025-04-09
4689,4955,2025-03-31,9600.0,Credit Card,Success,139,483,2025-03-31
4690,4956,2025-04-28,5310.0,Upi,Failed,82,568,2025-04-28
4691,4957,2025-08-23,15300.0,Upi,Success,99,683,2025-08-22
4692,4958,2026-02-07,6270.0,Credit Card,Success,51,472,2026-02-07
4693,4959,2026-04-21,10972.5,Credit Card,Success,174,796,2026-04-21
4694,4960,2024-12-03,3895.0,Credit Card,Success,50,779,2024-12-02
4695,4961,2025-01-16,2950.0,Net Banking,Success,82,47,2025-01-16
4696,4963,2024-09-19,1520.0,Upi,Failed,57,523,2024-09-19
4697,4964,2026-05-27,40565.0,Debit Card,Success,124,676,2026-05-26
4698,4965,2026-02-14,25200.0,Debit Card,Success,154,805,2026-02-13
4699,4966,2025-08-20,12495.0,Cash,Success,179,152,2025-08-19
4700,4967,2024-03-21,14297.5,Cash,Success,118,73,2024-03-21
4701,4968,2025-06-22,5535.0,Cash,Success,62,823,2025-06-22
4702,4969,2025-12-06,10830.0,Net Banking,Success,116,353,2025-12-06
4703,4970,2024-10-03,3500.0,Cash,Success,70,315,2024-10-03
4704,4971,2025-06-08,3100.0,Debit Card,Success,28,501,2025-06-07
4705,4972,2025-03-10,4650.0,Credit Card,Success,16,10,2025-03-10
4706,4973,2025-08-22,13500.0,Upi,Success,156,471,2025-08-22
4707,4974,2025-10-21,2470.0,Net Banking,Success,12,99,2025-10-21
4708,4975,2026-02-11,12962.5,Credit Card,Success,140,143,2026-02-11
4709,4977,2024-07-07,15400.0,Debit Card,Success,149,86,2024-07-07
4710,4978,2024-03-17,1282.5,Debit Card,Success,21,720,2024-03-16
4711,4979,2026-04-18,6800.0,Debit Card,Success,32,695,2026-04-18
4712,4980,2026-04-01,3040.0,Credit Card,Success,180,49,2026-04-01
4713,4981,2026-02-27,7862.5,Credit Card,Success,94,29,2026-02-27
4714,4982,2025-05-21,10830.0,Net Banking,Success,110,488,2025-05-21
4715,4983,2026-05-30,21612.5,Credit Card,Success,145,779,2026-05-29
4716,4984,2024-06-28,9045.0,Credit Card,Success,128,114,2024-06-27
4717,4985,2024-07-12,3350.0,Net Banking,Refunded,55,852,2024-07-11
4718,4986,2025-12-28,1805.0,Upi,Success,121,119,2025-12-28
4719,4987,2024-05-25,5850.0,Upi,Success,163,615,2024-05-24
4720,4988,2024-12-14,9405.0,Credit Card,Success,14,372,2024-12-14
4721,4989,2025-11-30,21000.0,Debit Card,Success,30,69,2025-11-30
4722,4990,2025-09-08,3330.0,Upi,Success,68,503,2025-09-08
4723,4991,2025-07-28,2250.0,Upi,Pending,101,67,2025-07-28
4724,4992,2025-05-02,2660.0,Upi,Success,44,841,2025-05-02
4725,4994,2026-05-09,3700.0,Credit Card,Success,93,246,2026-05-09
4726,4995,2024-06-06,1615.0,Debit Card,Success,129,689,2024-06-06
4727,4996,2026-02-11,13387.5,Cash,Success,43,550,2026-02-10
4728,4997,2026-05-20,22500.0,Credit Card,Success,97,486,2026-05-20
4729,4998,2024-10-21,12900.0,Net Banking,Success,39,514,2024-10-20
4730,4999,2025-11-19,15010.0,Debit Card,Success,35,154,2025-11-19
4731,5000,2025-11-18,1750.0,Upi,Success,117,225,2025-11-18
4732,5001,2024-10-22,3100.0,Debit Card,Success,169,146,2024-10-22
4733,5002,2024-05-21,1377.5,Upi,Success,131,234,2024-05-20
4734,5003,2024-06-29,6750.0,Upi,Success,105,454,2024-06-29
4735,5004,2024-10-06,56000.0,Credit Card,Success,37,804,2024-10-06
4736,5005,2024-07-28,10050.0,Debit Card,Success,55,208,2024-07-28
4737,5006,2025-09-01,8100.0,Net Banking,Success,20,110,2025-08-31
4738,5007,2026-01-31,33500.0,Credit Card,Success,114,361,2026-01-30
4739,5008,2024-08-19,35000.0,Debit Card,Success,102,171,2024-08-19
4740,5009,2025-12-24,8600.0,Credit Card,Success,67,86,2025-12-24
4741,5010,2024-06-28,6750.0,Credit Card,Success,162,441,2024-06-28
4742,5011,2024-01-17,5100.0,Debit Card,Success,106,827,2024-01-17
4743,5012,2025-08-12,7110.0,Credit Card,Success,146,780,2025-08-12
4744,5013,2024-11-23,3950.0,Upi,Success,146,251,2024-11-23
4745,5014,2026-06-13,9200.0,Credit Card,Success,33,57,2026-06-12
4746,5015,2025-01-22,1852.5,Upi,Failed,175,783,2025-01-21
4747,5016,2026-06-14,7837.5,Credit Card,Success,160,426,2026-06-14
4748,5017,2025-04-12,3895.0,Upi,Success,48,165,2025-04-11
4749,5018,2024-03-24,9045.0,Credit Card,Success,69,635,2024-03-23
4750,5019,2024-01-10,9975.0,Credit Card,Success,70,166,2024-01-09
4751,5020,2025-09-28,35800.0,Cash,Success,144,639,2025-09-28
4752,5021,2024-01-06,20750.0,Upi,Success,13,872,2024-01-06
4753,5022,2025-12-18,12825.0,Credit Card,Success,113,690,2025-12-17
4754,5023,2024-11-13,4860.0,Upi,Success,20,612,2024-11-13
4755,5025,2025-01-22,7837.5,Upi,Failed,51,234,2025-01-22
4756,5026,2025-06-10,9000.0,Credit Card,Pending,127,799,2025-06-10
4757,5027,2025-02-12,13300.0,Credit Card,Success,132,486,2025-02-11
4758,5028,2024-11-20,8235.0,Upi,Success,140,268,2024-11-19
4759,5029,2025-07-24,6000.0,Credit Card,Failed,2,148,2025-07-24
4760,5030,2025-06-26,46900.0,Debit Card,Success,55,281,2025-06-26
4761,5031,2024-05-04,3400.0,Debit Card,Success,71,820,2024-05-04
4762,5032,2026-01-15,5580.0,Upi,Success,28,648,2026-01-15
4763,5035,2024-06-03,7500.0,Net Banking,Success,101,681,2024-06-02
4764,5036,2025-12-31,7000.0,Upi,Success,30,151,2025-12-31
4765,5037,2025-03-11,3610.0,Cash,Success,110,578,2025-03-11
4766,5038,2025-02-25,6000.0,Upi,Success,72,733,2025-02-24
4767,5039,2025-07-26,4417.5,Upi,Refunded,28,197,2025-07-25
4768,5040,2024-03-20,7600.0,Net Banking,Success,34,692,2024-03-20
4769,5041,2024-12-11,3400.0,Upi,Success,122,138,2024-12-11
4770,5042,2024-02-09,15295.0,Credit Card,Success,52,50,2024-02-09
4771,5043,2026-06-22,10650.0,Debit Card,Success,64,515,2026-06-21
4772,5044,2024-05-06,6555.0,Upi,Success,52,73,2024-05-06
4773,5045,2025-12-23,14600.0,Debit Card,Pending,157,815,2025-12-23
4774,5046,2025-05-03,10980.0,Debit Card,Success,124,39,2025-05-02
4775,5047,2025-05-19,8977.5,Upi,Success,7,7,2025-05-19
4776,5048,2025-11-01,20500.0,Debit Card,Success,50,332,2025-11-01
4777,5050,2024-09-09,35000.0,Upi,Success,102,430,2024-09-09
4778,5051,2024-10-02,3450.0,Credit Card,Success,165,442,2024-10-02
4779,5052,2024-10-01,13500.0,Upi,Success,156,70,2024-10-01
4780,5053,2025-03-02,12600.0,Cash,Success,84,345,2025-03-02
4781,5054,2025-06-17,9307.5,Debit Card,Success,157,40,2025-06-17
4782,5055,2025-03-02,22610.0,Credit Card,Success,32,252,2025-03-02
4783,5056,2024-07-12,16150.0,Credit Card,Success,99,264,2024-07-12
4784,5057,2026-06-15,6450.0,Credit Card,Success,130,420,2026-06-15
4785,5058,2025-12-08,1190.0,Cash,Success,65,585,2025-12-08
4786,5059,2024-05-23,1550.0,Upi,Failed,16,403,2024-05-22
4787,5060,2025-03-24,23800.0,Upi,Success,122,53,2025-03-24
4788,5061,2026-05-12,11257.5,Upi,Success,146,763,2026-05-12
4789,5062,2025-11-09,7030.0,Net Banking,Success,104,350,2025-11-09
4790,5063,2025-05-28,2850.0,Debit Card,Success,8,180,2025-05-28
4791,5064,2025-06-17,9180.0,Credit Card,Success,32,216,2025-06-17
4792,5065,2025-10-26,3800.0,Cash,Success,116,833,2025-10-26
4793,5066,2025-06-19,1710.0,Net Banking,Success,129,299,2025-06-18
4794,5067,2024-08-03,3200.0,Cash,Success,57,705,2024-08-03
4795,5068,2025-07-11,2025.0,Net Banking,Success,43,631,2025-07-11
4796,5069,2025-05-09,11550.0,Net Banking,Success,149,709,2025-05-09
4797,5070,2024-01-18,16150.0,Upi,Success,10,322,2024-01-18
4798,5071,2026-05-03,9262.5,Net Banking,Success,145,215,2026-05-03
4799,5072,2025-06-24,5700.0,Net Banking,Success,72,183,2025-06-24
4800,5073,2026-06-22,7350.0,Credit Card,Success,164,856,2026-06-22
4801,5074,2026-05-13,6075.0,Credit Card,Failed,6,90,2026-05-12
4802,5075,2025-10-18,1575.0,Debit Card,Failed,117,503,2025-10-18
4803,5076,2025-11-10,6660.0,Credit Card,Success,93,380,2025-11-10
4804,5077,2026-03-31,11800.0,Upi,Success,82,240,2026-03-31
4805,5078,2025-08-27,7600.0,Credit Card,Success,72,796,2025-08-27
4806,5079,2025-11-23,3375.0,Credit Card,Success,156,149,2025-11-23
4807,5080,2026-03-05,3510.0,Net Banking,Success,138,382,2026-03-05
4808,5081,2024-08-24,4655.0,Upi,Success,179,448,2024-08-24
4809,5082,2024-09-28,2900.0,Credit Card,Success,59,560,2024-09-28
4810,5083,2024-06-23,11780.0,Credit Card,Success,151,818,2024-06-23
4811,5084,2024-03-17,35625.0,Cash,Success,156,613,2024-03-17
4812,5085,2024-08-12,14630.0,Upi,Success,49,335,2024-08-11
4813,5086,2024-12-15,11550.0,Debit Card,Success,149,236,2024-12-15
4814,5087,2026-06-01,6300.0,Net Banking,Success,30,635,2026-06-01
4815,5088,2025-02-04,3510.0,Upi,Failed,175,859,2025-02-04
4816,5089,2026-06-18,3800.0,Debit Card,Refunded,110,540,2026-06-18
4817,5090,2024-03-09,17290.0,Debit Card,Success,12,140,2024-03-09
4818,5091,2024-10-07,15750.0,Upi,Success,17,181,2024-10-06
4819,5092,2024-09-14,1400.0,Net Banking,Success,65,10,2024-09-13
4820,5093,2026-04-15,10170.0,Upi,Success,41,370,2026-04-15
4821,5094,2024-07-12,12682.5,Debit Card,Success,134,753,2024-07-11
4822,5095,2024-11-16,1472.5,Upi,Success,28,49,2024-11-16
4823,5096,2026-06-16,9405.0,Credit Card,Failed,11,125,2026-06-16
4824,5098,2026-04-02,3230.0,Upi,Success,76,638,2026-04-02
4825,5099,2025-04-20,6750.0,Net Banking,Success,156,484,2025-04-19
4826,5100,2025-05-12,10800.0,Debit Card,Success,45,76,2025-05-12
4827,5101,2026-05-19,3952.5,Debit Card,Success,46,546,2026-05-18
4828,5102,2025-04-15,12420.0,Debit Card,Success,23,88,2025-04-15
4829,5103,2024-11-15,2150.0,Credit Card,Success,31,211,2024-11-15
4830,5105,2025-11-19,3780.0,Upi,Success,77,35,2025-11-18
4831,5106,2025-05-09,37240.0,Upi,Success,125,620,2025-05-09
4832,5107,2025-01-02,14670.0,Debit Card,Success,42,506,2025-01-02
4833,5108,2026-05-11,8150.0,Net Banking,Success,42,860,2026-05-11
4834,5109,2026-03-29,4200.0,Credit Card,Success,22,218,2026-03-29
4835,5110,2025-09-01,1980.0,Upi,Success,18,390,2025-08-31
4836,5111,2025-05-19,46900.0,Net Banking,Success,114,221,2025-05-19
4837,5112,2026-04-11,6150.0,Credit Card,Success,159,820,2026-04-11
4838,5113,2025-05-02,5600.0,Upi,Success,65,582,2025-05-01
4839,5114,2026-05-14,9405.0,Debit Card,Success,83,308,2026-05-14
4840,5115,2026-06-17,2465.0,Net Banking,Success,4,109,2026-06-16
4841,5116,2025-05-20,1852.5,Net Banking,Success,26,747,2025-05-19
4842,5117,2025-08-15,11305.0,Debit Card,Success,129,431,2025-08-15
4843,5118,2025-06-25,2600.0,Debit Card,Refunded,123,499,2025-06-24
4844,5119,2025-10-05,25425.0,Credit Card,Success,41,432,2025-10-05
4845,5120,2024-05-17,3515.0,Upi,Success,88,675,2024-05-16
4846,5121,2025-02-19,15960.0,Cash,Success,125,411,2025-02-19
4847,5122,2024-08-22,2565.0,Debit Card,Success,6,411,2024-08-22
4848,5124,2025-07-21,7220.0,Upi,Success,110,642,2025-07-21
4849,5125,2025-03-17,2755.0,Credit Card,Success,59,487,2025-03-16
4850,5126,2024-10-08,6080.0,Upi,Success,180,187,2024-10-07
4851,5127,2024-02-25,12200.0,Debit Card,Success,5,483,2024-02-25
4852,5128,2025-06-22,14600.0,Debit Card,Success,157,326,2025-06-21
4853,5129,2026-05-06,6100.0,Upi,Success,5,465,2026-05-06
4854,5130,2024-11-07,4300.0,Debit Card,Success,31,584,2024-11-07
4855,5131,2026-02-01,14800.0,Upi,Success,152,77,2026-02-01
4856,5132,2025-12-30,2550.0,Upi,Success,153,634,2025-12-29
4857,5133,2026-01-24,25550.0,Cash,Success,157,722,2026-01-24
4858,5134,2025-12-10,14625.0,Credit Card,Success,150,228,2025-12-09
4859,5135,2025-04-30,2900.0,Credit Card,Success,4,695,2025-04-29
4860,5136,2024-02-23,6840.0,Debit Card,Success,139,54,2024-02-23
4861,5137,2024-04-14,11850.0,Upi,Success,120,33,2024-04-13
4862,5138,2026-04-16,11390.0,Credit Card,Success,86,220,2026-04-15
4863,5139,2024-02-16,4000.0,Debit Card,Success,84,402,2024-02-16
4864,5140,2026-03-25,1980.0,Net Banking,Success,18,854,2026-03-25
4865,5141,2025-01-13,1472.5,Credit Card,Success,66,738,2025-01-13
4866,5142,2024-05-20,2340.0,Credit Card,Success,138,484,2024-05-19
4867,5143,2025-12-11,3570.0,Credit Card,Success,98,29,2025-12-11
4868,5144,2025-05-13,8950.0,Debit Card,Failed,144,110,2025-05-12
4869,5145,2024-02-03,5015.0,Upi,Success,82,377,2024-02-03
4870,5146,2026-05-28,6525.0,Upi,Success,126,39,2026-05-27
4871,5147,2025-10-19,9120.0,Debit Card,Success,139,91,2025-10-18
4872,5148,2025-10-15,4100.0,Upi,Success,50,392,2025-10-14
4873,5149,2025-12-03,8600.0,Upi,Success,39,10,2025-12-03
4874,5150,2024-04-06,3900.0,Net Banking,Success,85,395,2024-04-05
4875,5151,2025-09-24,4370.0,Credit Card,Success,73,855,2025-09-23
4876,5152,2025-07-17,12800.0,Net Banking,Success,81,611,2025-07-17
4877,5153,2024-12-14,2050.0,Net Banking,Success,15,239,2024-12-14
4878,5154,2024-10-09,5200.0,Debit Card,Success,123,429,2024-10-09
4879,5155,2024-04-02,11220.0,Credit Card,Success,14,638,2024-04-01
4880,5156,2024-12-13,14060.0,Net Banking,Success,88,865,2024-12-12
4881,5157,2024-02-21,18050.0,Upi,Refunded,168,642,2024-02-21
4882,5158,2026-05-08,8000.0,Upi,Success,72,251,2026-05-07
4883,5159,2024-07-07,22942.5,Credit Card,Success,53,385,2024-07-07
4884,5160,2024-10-03,3600.0,Credit Card,Success,167,409,2024-10-02
4885,5161,2025-02-17,6030.0,Cash,Success,95,103,2025-02-17
4886,5162,2025-10-01,7362.5,Credit Card,Success,16,596,2025-10-01
4887,5163,2025-12-22,1232.5,Credit Card,Success,126,248,2025-12-21
4888,5165,2025-01-07,7250.0,Upi,Success,24,25,2025-01-07
4889,5166,2024-05-24,6345.0,Debit Card,Success,172,816,2024-05-24
4890,5167,2024-05-19,15725.0,Credit Card,Success,54,521,2024-05-19
4891,5168,2025-07-09,5780.0,Debit Card,Success,71,59,2025-07-08
4892,5169,2024-05-22,21105.0,Debit Card,Success,128,76,2024-05-22
4893,5170,2025-06-04,12000.0,Debit Card,Failed,34,653,2025-06-04
4894,5171,2026-05-28,8700.0,Upi,Success,4,705,2026-05-28
4895,5172,2024-02-12,23750.0,Credit Card,Refunded,38,78,2024-02-12
4896,5173,2024-03-04,14000.0,Cash,Success,65,704,2024-03-04
4897,5174,2024-06-08,2800.0,Net Banking,Success,77,650,2024-06-08
4898,5175,2025-05-07,6000.0,Credit Card,Success,72,637,2025-05-07
4899,5176,2024-06-10,11390.0,Upi,Failed,114,65,2024-06-10
4900,5177,2024-05-18,5610.0,Net Banking,Success,83,352,2024-05-17
4901,5178,2025-08-02,9045.0,Upi,Success,69,484,2025-08-02
4902,5179,2024-05-06,12540.0,Credit Card,Success,18,229,2024-05-06
4903,5180,2025-03-05,7250.0,Credit Card,Success,24,778,2025-03-05
4904,5181,2024-11-29,12000.0,Credit Card,Success,37,669,2024-11-29
4905,5182,2025-06-20,6800.0,Debit Card,Success,71,803,2025-06-19
4906,5183,2024-03-20,6290.0,Cash,Failed,54,638,2024-03-20
4907,5184,2024-10-10,5890.0,Debit Card,Success,147,358,2024-10-09
4908,5185,2025-06-20,3950.0,Net Banking,Success,120,218,2025-06-20
4909,5186,2025-03-01,1850.0,Net Banking,Success,94,191,2025-03-01
4910,5187,2024-12-15,5320.0,Net Banking,Success,125,12,2024-12-14
4911,5188,2024-06-13,5200.0,Debit Card,Success,123,131,2024-06-13
4912,5189,2025-06-02,12200.0,Net Banking,Success,124,211,2025-06-01
4913,5190,2026-04-18,6175.0,Credit Card,Success,145,837,2026-04-17
4914,5191,2025-08-13,5850.0,Cash,Success,176,414,2025-08-13
4915,5192,2025-10-17,10950.0,Debit Card,Success,157,758,2025-10-17
4916,5193,2025-02-09,5805.0,Upi,Success,19,278,2025-02-09
4917,5194,2025-05-28,9975.0,Credit Card,Success,98,528,2025-05-28
4918,5195,2025-03-26,8280.0,Upi,Refunded,73,300,2025-03-25
4919,5196,2024-08-23,1187.5,Upi,Failed,17,642,2024-08-23
4920,5197,2024-02-22,8550.0,Debit Card,Success,177,815,2024-02-22
4921,5198,2024-07-23,12600.0,Upi,Success,30,859,2024-07-22
4922,5199,2024-05-09,8100.0,Upi,Success,89,538,2024-05-08
4923,5200,2025-06-17,4750.0,Net Banking,Success,101,141,2025-06-17
4924,5201,2025-12-05,3915.0,Cash,Success,119,67,2025-12-05
4925,5202,2025-08-22,10200.0,Upi,Success,71,168,2025-08-22
4926,5203,2026-01-28,4275.0,Upi,Success,97,304,2026-01-27
4927,5204,2024-05-05,12000.0,Credit Card,Success,84,872,2024-05-05
4928,5205,2024-10-28,2185.0,Upi,Failed,73,657,2024-10-27
4929,5206,2024-08-31,9547.5,Upi,Success,128,184,2024-08-30
4930,5207,2025-11-10,36500.0,Credit Card,Success,157,367,2025-11-09
4931,5208,2026-06-07,9450.0,Credit Card,Success,6,376,2026-06-07
4932,5209,2024-07-30,10212.5,Upi,Success,130,877,2024-07-29
4933,5210,2025-02-16,4860.0,Upi,Success,162,362,2025-02-16
4934,5211,2025-12-02,1425.0,Net Banking,Success,8,846,2025-12-02
4935,5212,2024-03-30,1282.5,Debit Card,Success,6,880,2024-03-30
4936,5213,2024-03-14,9642.5,Debit Card,Success,126,559,2024-03-14
4937,5214,2025-11-08,13800.0,Upi,Success,53,686,2025-11-08
4938,5215,2025-05-01,3420.0,Debit Card,Success,167,443,2025-05-01
4939,5216,2024-02-26,13632.5,Upi,Pending,48,85,2024-02-26
4940,5217,2024-10-16,1900.0,Credit Card,Success,129,191,2024-10-16
4941,5218,2025-09-02,4275.0,Debit Card,Success,105,341,2025-09-02
4942,5219,2024-06-22,5200.0,Credit Card,Success,63,729,2024-06-22
4943,5220,2024-12-28,1250.0,Debit Card,Success,17,509,2024-12-28
4944,5221,2024-05-18,4600.0,Net Banking,Success,148,634,2024-05-17
4945,5222,2024-01-28,8360.0,Upi,Success,18,107,2024-01-28
4946,5223,2025-03-11,24510.0,Credit Card,Success,36,743,2025-03-11
4947,5224,2025-08-08,5130.0,Credit Card,Success,60,740,2025-08-08
4948,5225,2025-03-27,16800.0,Credit Card,Success,125,86,2025-03-26
4949,5226,2024-08-26,3050.0,Upi,Success,137,650,2024-08-26
4950,5227,2025-02-01,4702.5,Upi,Success,51,54,2025-02-01
4951,5228,2024-05-28,3515.0,Credit Card,Success,54,553,2024-05-28
4952,5229,2024-04-10,23227.5,Net Banking,Success,42,350,2024-04-10
4953,5230,2025-09-21,6120.0,Upi,Success,27,774,2025-09-21
4954,5231,2025-04-14,2745.0,Cash,Success,75,235,2025-04-13
4955,5232,2026-06-18,5800.0,Net Banking,Failed,119,348,2026-06-18
4956,5233,2025-11-08,29700.0,Net Banking,Success,11,636,2025-11-08
4957,5234,2026-01-07,8100.0,Net Banking,Success,60,425,2026-01-07
4958,5235,2026-05-13,16950.0,Cash,Failed,9,105,2026-05-12
4959,5236,2025-10-08,2115.0,Credit Card,Success,158,111,2025-10-08
4960,5237,2025-10-23,2150.0,Debit Card,Success,39,509,2025-10-23
4961,5238,2024-03-07,1620.0,Upi,Success,60,606,2024-03-07
4962,5240,2025-01-02,6600.0,Credit Card,Success,83,703,2025-01-01
4963,5241,2026-06-26,8750.0,Upi,Success,136,470,2026-06-26
4964,5242,2024-10-19,4800.0,Debit Card,Success,143,307,2024-10-19
4965,5243,2025-02-11,4750.0,Upi,Success,135,78,2025-02-10
4966,5244,2026-05-14,15480.0,Credit Card,Success,67,196,2026-05-13
4967,5245,2024-01-07,22325.0,Credit Card,Success,158,753,2024-01-07
4968,5247,2025-11-15,9200.0,Upi,Success,142,750,2025-11-15
4969,5248,2026-02-02,12600.0,Debit Card,Success,84,853,2026-02-02
4970,5249,2025-06-13,6270.0,Net Banking,Success,83,630,2025-06-13
4971,5250,2024-07-23,7400.0,Upi,Success,107,246,2024-07-22
4972,5251,2025-09-10,5490.0,Net Banking,Success,75,645,2025-09-10
4973,5252,2026-03-14,2600.0,Credit Card,Success,63,861,2026-03-14
4974,5253,2025-09-01,2700.0,Debit Card,Success,6,805,2025-09-01
4975,5254,2024-08-21,4500.0,Credit Card,Success,47,326,2024-08-21
4976,5255,2026-04-24,5510.0,Credit Card,Success,131,437,2026-04-24
4977,5256,2025-05-22,9310.0,Credit Card,Success,65,91,2025-05-22
4978,5257,2024-03-17,8200.0,Net Banking,Success,90,205,2024-03-16
4979,5258,2026-04-25,1235.0,Debit Card,Success,176,553,2026-04-25
4980,5259,2025-11-15,3500.0,Upi,Success,117,851,2025-11-14
4981,5260,2025-08-02,1377.5,Debit Card,Success,141,863,2025-08-01
4982,5261,2024-06-15,17850.0,Credit Card,Success,106,205,2024-06-14
4983,5262,2026-05-05,5937.5,Debit Card,Success,135,107,2026-05-04
4984,5263,2025-07-02,3705.0,Credit Card,Success,80,183,2025-07-02
4985,5264,2024-03-02,9262.5,Cash,Success,150,583,2024-03-02
4986,5265,2024-04-22,10665.0,Upi,Success,120,313,2024-04-22
4987,5266,2024-01-27,7030.0,Credit Card,Success,104,810,2024-01-27
4988,5267,2025-04-21,35595.0,Debit Card,Success,41,535,2025-04-21
4989,5268,2024-12-11,1997.5,Credit Card,Success,158,243,2024-12-10
4990,5269,2024-08-19,6750.0,Net Banking,Success,156,305,2024-08-19
4991,5270,2025-07-31,12635.0,Upi,Success,168,350,2025-07-31
4992,5271,2024-01-14,6502.5,Debit Card,Success,153,177,2024-01-14
4993,5272,2024-09-28,1900.0,Debit Card,Success,129,640,2024-09-28
4994,5273,2025-10-23,17100.0,Upi,Success,108,648,2025-10-22
4995,5274,2024-04-28,8235.0,Upi,Success,5,216,2024-04-28
4996,5275,2025-02-19,3135.0,Credit Card,Success,160,341,2025-02-19
4997,5276,2024-06-15,2790.0,Upi,Success,147,210,2024-06-15
4998,5277,2024-01-18,2300.0,Credit Card,Success,73,430,2024-01-18
4999,5278,2026-02-21,45220.0,Credit Card,Success,76,204,2026-02-21
5000,5279,2024-12-18,11900.0,Credit Card,Success,122,315,2024-12-17
5001,5280,2024-08-22,10070.0,Credit Card,Success,112,353,2024-08-22
5002,5281,2024-09-12,5320.0,Credit Card,Success,125,583,2024-09-11
5003,5282,2026-02-02,6200.0,Upi,Success,169,9,2026-02-01
5004,5283,2026-01-24,4100.0,Upi,Success,15,651,2026-01-24
5005,5284,2026-02-19,4650.0,Credit Card,Success,169,708,2026-02-18
5006,5285,2025-05-11,7030.0,Credit Card,Success,104,749,2025-05-10
5007,5286,2025-11-11,13400.0,Upi,Success,69,722,2025-11-11
5008,5287,2024-03-25,2790.0,Upi,Success,147,552,2024-03-25
5009,5288,2026-05-30,22050.0,Upi,Success,7,258,2026-05-30
5010,5289,2024-03-22,7050.0,Cash,Success,155,129,2024-03-21
5011,5290,2026-04-04,2000.0,Credit Card,Success,84,462,2026-04-04
5012,5291,2024-03-26,3000.0,Net Banking,Success,91,279,2024-03-26
5013,5292,2025-12-13,8000.0,Credit Card,Success,25,496,2025-12-12
5014,5293,2025-01-13,10980.0,Debit Card,Success,124,255,2025-01-13
5015,5294,2024-05-05,5550.0,Debit Card,Success,94,819,2024-05-05
5016,5295,2024-08-06,4702.5,Cash,Success,174,551,2024-08-06
5017,5296,2026-03-28,38250.0,Credit Card,Success,99,774,2026-03-28
5018,5297,2024-11-11,16625.0,Debit Card,Pending,136,626,2024-11-11
5019,5298,2026-03-19,15600.0,Credit Card,Success,80,347,2026-03-19
5020,5299,2024-11-27,6000.0,Credit Card,Success,45,438,2024-11-27
5021,5300,2025-04-02,15960.0,Upi,Success,125,588,2025-04-01
5022,5301,2024-10-05,31825.0,Credit Card,Success,114,855,2024-10-04
5023,5302,2025-03-13,4000.0,Upi,Success,2,860,2025-03-13
5024,5303,2024-02-28,1742.5,Upi,Success,90,826,2024-02-28
5025,5304,2024-06-30,15200.0,Credit Card,Success,37,467,2024-06-30
5026,5305,2025-04-26,2970.0,Cash,Refunded,51,570,2025-04-25
5027,5306,2025-01-30,1650.0,Upi,Success,174,890,2025-01-29
5028,5307,2026-05-16,1400.0,Credit Card,Failed,77,838,2026-05-16
5029,5308,2025-07-12,4455.0,Debit Card,Success,174,242,2025-07-11
5030,5310,2025-06-15,8370.0,Debit Card,Success,16,366,2025-06-15
5031,5311,2025-09-20,3570.0,Upi,Success,98,297,2025-09-20
5032,5312,2025-03-24,3895.0,Credit Card,Success,50,89,2025-03-24
5033,5314,2025-04-13,14250.0,Debit Card,Pending,156,868,2025-04-13
5034,5315,2026-02-04,4100.0,Upi,Pending,15,11,2026-02-03
5035,5316,2024-07-16,2150.0,Credit Card,Success,31,402,2024-07-15
5036,5317,2025-10-12,1485.0,Upi,Success,115,570,2025-10-11
5037,5318,2026-03-31,1710.0,Upi,Success,154,394,2026-03-30
5038,5319,2025-01-03,2025.0,Net Banking,Success,43,255,2025-01-03
5039,5320,2024-07-20,3600.0,Upi,Failed,60,195,2024-07-20
5040,5321,2024-04-12,9262.5,Upi,Success,150,184,2024-04-11
5041,5322,2025-04-11,11850.0,Debit Card,Success,120,705,2025-04-10
5042,5323,2025-12-05,4500.0,Upi,Success,105,447,2025-12-05
5043,5324,2026-02-05,4450.0,Upi,Success,134,25,2026-02-05
5044,5325,2024-05-07,26837.5,Upi,Success,41,150,2024-05-06
5045,5326,2024-01-22,2150.0,Cash,Success,58,355,2024-01-22
5046,5327,2025-02-12,2000.0,Cash,Success,2,634,2025-02-11
5047,5328,2024-11-30,14400.0,Debit Card,Success,180,62,2024-11-29
5048,5329,2024-09-02,7400.0,Credit Card,Success,88,704,2024-09-02
5049,5330,2024-01-25,12000.0,Upi,Success,37,893,2024-01-24
5050,5331,2025-08-06,6840.0,Credit Card,Success,116,249,2025-08-05
5051,5332,2024-07-08,43000.0,Cash,Refunded,36,393,2024-07-08
5052,5333,2025-08-28,1567.5,Upi,Success,115,284,2025-08-28
5053,5335,2025-12-03,6750.0,Credit Card,Success,74,68,2025-12-02
5054,5336,2024-09-21,5400.0,Upi,Success,162,287,2024-09-20
5055,5337,2024-12-15,4050.0,Upi,Success,113,155,2024-12-15
5056,5338,2024-01-17,6300.0,Debit Card,Success,61,108,2024-01-17
5057,5339,2024-08-14,5695.0,Upi,Success,86,574,2024-08-14
5058,5340,2024-04-30,24937.5,Net Banking,Success,136,73,2024-04-30
5059,5341,2026-02-22,11257.5,Credit Card,Success,120,801,2026-02-22
5060,5342,2025-02-09,10115.0,Net Banking,Success,29,689,2025-02-09
5061,5343,2025-07-06,2250.0,Upi,Success,113,509,2025-07-06
5062,5344,2025-12-26,28475.0,Debit Card,Success,114,214,2025-12-25
5063,5345,2026-06-22,19950.0,Upi,Success,102,620,2026-06-22
5064,5346,2025-11-27,3000.0,Debit Card,Success,8,338,2025-11-27
5065,5347,2024-12-27,7012.5,Debit Card,Success,160,870,2024-12-27
5066,5348,2026-04-13,9547.5,Credit Card,Failed,69,642,2026-04-12
5067,5349,2026-01-05,11400.0,Credit Card,Success,1,48,2026-01-05
5068,5350,2024-12-25,4860.0,Credit Card,Success,3,370,2024-12-25
5069,5351,2024-09-23,1377.5,Net Banking,Success,119,290,2024-09-23
5070,5352,2025-03-15,8692.5,Credit Card,Success,137,304,2025-03-14
5071,5353,2025-05-11,3285.0,Upi,Success,157,311,2025-05-10
5072,5354,2024-01-12,49875.0,Upi,Success,136,165,2024-01-11
5073,5355,2024-02-02,6345.0,Debit Card,Success,172,425,2024-02-01
5074,5356,2024-01-01,17085.0,Upi,Success,114,677,2024-01-01
5075,5357,2026-01-09,16910.0,Net Banking,Success,134,690,2026-01-09
5076,5358,2026-06-19,10150.0,Upi,Success,59,543,2026-06-19
5077,5359,2024-11-06,9547.5,Debit Card,Success,95,763,2024-11-05
5078,5360,2024-03-13,51660.0,Upi,Success,50,396,2024-03-13
5079,5361,2025-12-17,1700.0,Credit Card,Success,122,828,2025-12-17
5080,5362,2024-05-10,10665.0,Debit Card,Success,120,390,2024-05-10
5081,5363,2026-06-18,15295.0,Credit Card,Success,142,783,2026-06-18
5082,5364,2026-03-24,3510.0,Credit Card,Success,138,636,2026-03-23
5083,5365,2024-09-10,4860.0,Debit Card,Success,154,330,2024-09-09
5084,5366,2025-08-15,5550.0,Upi,Success,94,807,2025-08-15
5085,5367,2026-02-02,6412.5,Upi,Success,89,443,2026-02-02
5086,5368,2025-06-15,11850.0,Credit Card,Success,35,338,2025-06-15
5087,5369,2025-03-09,2745.0,Debit Card,Failed,109,155,2025-03-09
5088,5370,2026-03-17,7410.0,Credit Card,Success,80,364,2026-03-17
5089,5371,2025-06-25,3550.0,Cash,Pending,64,691,2025-06-25
5090,5372,2024-10-06,9250.0,Credit Card,Failed,94,702,2024-10-05
5091,5373,2024-03-21,6697.5,Credit Card,Failed,158,879,2024-03-21
5092,5374,2024-11-29,3017.5,Upi,Success,64,371,2024-11-29
5093,5375,2026-03-15,6127.5,Debit Card,Success,31,523,2026-03-15
5094,5376,2025-08-09,8330.0,Credit Card,Success,164,726,2025-08-09
5095,5377,2026-03-15,1450.0,Upi,Success,126,53,2026-03-15
5096,5378,2025-10-30,4050.0,Upi,Success,89,755,2025-10-30
5097,5379,2025-03-30,6887.5,Credit Card,Success,170,164,2025-03-29
5098,5380,2024-06-25,3990.0,Net Banking,Refunded,77,48,2024-06-25
5099,5381,2026-06-03,1800.0,Debit Card,Success,3,286,2026-06-03
5100,5382,2024-10-30,4200.0,Credit Card,Success,44,695,2024-10-30
5101,5383,2025-05-28,13300.0,Debit Card,Success,70,26,2025-05-28
5102,5384,2025-03-27,6935.0,Upi,Success,157,649,2025-03-27
5103,5385,2024-07-03,6840.0,Debit Card,Success,76,354,2024-07-03
5104,5386,2025-07-15,7777.5,Upi,Pending,140,123,2025-07-15
5105,5387,2024-08-04,4080.0,Net Banking,Success,139,238,2024-08-04
5106,5388,2024-08-02,7600.0,Debit Card,Success,37,769,2024-08-02
5107,5389,2025-04-07,26700.0,Credit Card,Failed,134,759,2025-04-07
5108,5390,2026-06-24,4845.0,Debit Card,Failed,121,512,2026-06-24
5109,5391,2024-02-09,9547.5,Credit Card,Success,55,443,2024-02-09
5110,5392,2024-03-31,1330.0,Credit Card,Success,77,385,2024-03-30
5111,5393,2025-08-28,8600.0,Upi,Failed,31,857,2025-08-27
5112,5396,2025-02-24,3510.0,Upi,Success,80,627,2025-02-24
5113,5397,2026-03-14,1947.5,Upi,Success,159,534,2026-03-13
5114,5398,2024-11-10,3610.0,Credit Card,Success,108,199,2024-11-10
5115,5399,2025-03-08,11880.0,Upi,Success,83,268,2025-03-08
5116,5400,2025-10-10,16695.0,Upi,Success,112,134,2025-10-10
5117,5401,2025-03-03,2250.0,Upi,Success,113,195,2025-03-02
5118,5402,2024-01-06,23275.0,Upi,Success,133,738,2024-01-06
5119,5403,2025-03-30,46200.0,Debit Card,Success,14,564,2025-03-30
5120,5404,2024-05-07,30800.0,Credit Card,Success,49,653,2024-05-07
5121,5405,2026-01-05,3450.0,Debit Card,Success,165,536,2026-01-04
5122,5406,2025-04-10,11875.0,Credit Card,Success,38,165,2025-04-09
5123,5407,2024-07-23,6500.0,Net Banking,Success,161,69,2024-07-23
5124,5408,2024-08-04,4132.5,Credit Card,Success,141,877,2024-08-04
5125,5409,2025-07-18,9200.0,Upi,Success,142,116,2025-07-17
5126,5410,2024-08-31,28250.0,Debit Card,Success,41,403,2024-08-30
5127,5411,2025-02-20,5950.0,Upi,Success,133,127,2025-02-20
5128,5413,2026-05-03,1330.0,Debit Card,Success,77,498,2026-05-02
5129,5414,2025-03-18,12730.0,Upi,Success,114,837,2025-03-17
5130,5415,2024-03-28,10370.0,Net Banking,Success,140,243,2024-03-28
5131,5416,2024-10-27,2755.0,Credit Card,Success,126,115,2024-10-27
5132,5417,2026-01-29,10830.0,Debit Card,Success,76,740,2026-01-29
5133,5418,2024-09-10,10665.0,Net Banking,Success,78,19,2024-09-10
5134,5419,2025-03-27,11257.5,Upi,Success,78,850,2025-03-27
5135,5420,2025-10-30,5400.0,Debit Card,Success,91,627,2025-10-30
5136,5421,2024-04-23,15675.0,Debit Card,Success,14,541,2024-04-23
5137,5422,2024-06-06,9690.0,Credit Card,Success,27,439,2024-06-05
5138,5423,2025-10-11,2900.0,Upi,Success,119,137,2025-10-10
5139,5424,2024-05-17,13110.0,Upi,Success,23,290,2024-05-16
5140,5425,2025-09-06,4590.0,Upi,Success,106,683,2025-09-06
5141,5426,2024-12-28,4500.0,Upi,Success,89,30,2024-12-28
5142,5427,2025-03-01,4050.0,Debit Card,Success,8,365,2025-03-01
5143,5428,2026-05-27,39550.0,Credit Card,Success,9,25,2026-05-27
5144,5429,2025-03-08,14000.0,Upi,Success,30,14,2025-03-08
5145,5430,2025-11-16,5510.0,Credit Card,Success,170,779,2025-11-16
5146,5431,2024-07-23,2200.0,Credit Card,Success,171,33,2024-07-22
5147,5432,2026-01-14,3400.0,Credit Card,Failed,84,677,2026-01-14
5148,5433,2024-07-10,3700.0,Credit Card,Success,68,148,2024-07-10
5149,5434,2024-06-27,15960.0,Credit Card,Success,22,178,2024-06-27
5150,5436,2025-05-10,18090.0,Upi,Failed,128,671,2025-05-10
5151,5437,2024-11-08,6270.0,Credit Card,Success,51,298,2024-11-08
5152,5438,2025-11-26,1950.0,Cash,Success,175,47,2025-11-26
5153,5439,2025-03-08,3100.0,Upi,Success,16,226,2025-03-07
5154,5440,2025-11-07,14400.0,Net Banking,Success,143,773,2025-11-07
5155,5441,2026-06-28,2900.0,Credit Card,Success,4,251,2026-06-28
5156,5442,2026-06-15,5557.5,Net Banking,Success,163,530,2026-06-15
5157,5443,2024-01-05,13430.0,Debit Card,Success,146,243,2024-01-04
5158,5444,2024-10-08,30000.0,Credit Card,Success,91,621,2024-10-08
5159,5445,2025-08-30,16110.0,Credit Card,Success,144,299,2025-08-30
5160,5446,2026-06-18,12920.0,Credit Card,Success,10,63,2026-06-18
5161,5447,2025-11-30,6450.0,Credit Card,Success,87,892,2025-11-29
5162,5449,2025-12-24,2205.0,Credit Card,Success,164,808,2025-12-24
5163,5450,2025-09-22,10640.0,Debit Card,Success,125,424,2025-09-22
5164,5451,2025-09-13,80750.0,Net Banking,Success,99,498,2025-09-13
5165,5452,2025-05-25,7875.0,Upi,Success,101,631,2025-05-25
5166,5453,2025-12-17,14670.0,Upi,Success,42,627,2025-12-16
5167,5454,2026-06-26,4940.0,Upi,Success,138,715,2026-06-26
5168,5455,2024-06-01,15675.0,Net Banking,Success,14,51,2024-06-01
5169,5456,2024-12-27,9990.0,Credit Card,Success,104,268,2024-12-26
5170,5457,2025-01-11,10450.0,Credit Card,Success,171,562,2025-01-10
5171,5458,2026-03-30,8740.0,Upi,Success,148,554,2026-03-30
5172,5459,2026-05-31,7000.0,Upi,Success,70,702,2026-05-31
5173,5460,2026-04-19,8835.0,Upi,Success,169,353,2026-04-19
5174,5461,2025-04-24,8550.0,Credit Card,Success,91,593,2025-04-23
5175,5463,2026-01-28,5650.0,Credit Card,Success,41,395,2026-01-28
5176,5464,2024-10-30,2375.0,Upi,Success,38,796,2024-10-30
5177,5465,2024-10-18,9600.0,Upi,Success,139,651,2024-10-18
5178,5466,2025-09-04,7750.0,Upi,Success,16,435,2025-09-04
5179,5467,2025-12-05,7650.0,Debit Card,Success,106,441,2025-12-05
5180,5468,2025-12-02,19950.0,Net Banking,Failed,102,230,2025-12-02
5181,5469,2026-02-28,5795.0,Debit Card,Success,124,712,2026-02-27
5182,5470,2026-05-08,26800.0,Credit Card,Success,114,157,2026-05-08
5183,5471,2024-03-08,6200.0,Upi,Success,169,750,2024-03-08
5184,5472,2025-11-19,3000.0,Credit Card,Success,8,494,2025-11-19
5185,5473,2024-10-14,1472.5,Upi,Success,28,743,2024-10-13
5186,5474,2024-06-01,2945.0,Credit Card,Success,66,796,2024-05-31
5187,5475,2026-02-23,3230.0,Upi,Success,10,358,2026-02-23
5188,5476,2025-08-16,6650.0,Upi,Success,133,253,2025-08-16
5189,5477,2024-10-08,2600.0,Net Banking,Success,123,406,2024-10-08
5190,5478,2024-06-27,30590.0,Upi,Success,73,72,2024-06-26
5191,5479,2024-04-17,3230.0,Debit Card,Success,10,374,2024-04-17
5192,5480,2025-05-07,13600.0,Credit Card,Success,10,577,2025-05-07
5193,5481,2024-04-30,17812.5,Debit Card,Success,156,836,2024-04-29
5194,5482,2025-02-15,5737.5,Credit Card,Success,105,247,2025-02-15
5195,5483,2025-01-20,9000.0,Upi,Success,2,785,2025-01-19
5196,5484,2025-10-06,87500.0,Upi,Success,136,482,2025-10-06
5197,5485,2024-05-01,8600.0,Debit Card,Success,31,95,2024-04-30
5198,5486,2024-01-21,15400.0,Credit Card,Success,149,486,2024-01-21
5199,5487,2025-06-10,11400.0,Upi,Success,1,165,2025-06-09
5200,5488,2026-02-11,13500.0,Credit Card,Success,113,436,2026-02-11
5201,5489,2024-06-07,37800.0,Credit Card,Success,56,356,2024-06-07
5202,5490,2024-03-17,5937.5,Debit Card,Success,135,559,2024-03-17
5203,5491,2024-07-30,2945.0,Credit Card,Success,16,869,2024-07-29
5204,5493,2026-03-11,6200.0,Debit Card,Success,66,5,2026-03-11
5205,5495,2024-04-21,6345.0,Credit Card,Success,155,739,2024-04-20
5206,5496,2026-05-07,16450.0,Credit Card,Success,172,395,2026-05-07
5207,5497,2024-02-06,6480.0,Debit Card,Success,60,533,2024-02-06
5208,5498,2024-11-21,9547.5,Net Banking,Failed,128,140,2024-11-20
5209,5499,2026-05-08,4085.0,Upi,Success,39,48,2026-05-08
5210,5500,2024-05-05,7200.0,Debit Card,Failed,3,525,2024-05-05
5211,5501,2024-08-06,10050.0,Net Banking,Success,86,438,2024-08-05
5212,5503,2024-08-10,1330.0,Cash,Success,77,664,2024-08-10
5213,5504,2024-01-11,1827.5,Debit Card,Success,178,546,2024-01-11
5214,5505,2024-03-12,3562.5,Credit Card,Success,17,753,2024-03-11
5215,5506,2026-02-02,13800.0,Upi,Success,92,490,2026-02-01
5216,5507,2026-04-15,34400.0,Upi,Success,67,691,2026-04-15
5217,5508,2025-08-09,7410.0,Debit Card,Success,175,692,2025-08-09
5218,5509,2024-08-29,3330.0,Credit Card,Success,79,808,2024-08-29
5219,5510,2025-07-24,3087.5,Credit Card,Success,150,342,2025-07-24
5220,5511,2025-07-05,2025.0,Upi,Success,89,139,2025-07-05
5221,5512,2026-05-19,6412.5,Credit Card,Success,6,662,2026-05-19
5222,5513,2025-05-31,3330.0,Cash,Success,94,847,2025-05-31
5223,5514,2025-07-10,16380.0,Upi,Success,12,139,2025-07-10
5224,5515,2026-05-12,7695.0,Credit Card,Success,56,809,2026-05-12
5225,5516,2025-04-27,7552.5,Net Banking,Success,112,720,2025-04-27
5226,5517,2024-04-09,5400.0,Debit Card,Success,167,188,2024-04-08
5227,5518,2025-05-22,2745.0,Debit Card,Success,5,366,2025-05-21
5228,5520,2024-06-10,8100.0,Credit Card,Success,60,464,2024-06-09
5229,5521,2024-09-15,2880.0,Debit Card,Success,25,428,2024-09-15
5230,5522,2025-10-02,4132.5,Upi,Success,59,203,2025-10-01
5231,5523,2026-02-02,4275.0,Upi,Success,74,411,2026-02-02
5232,5524,2024-03-09,6630.0,Credit Card,Success,176,325,2024-03-09
5233,5525,2025-04-22,32205.0,Debit Card,Success,9,12,2025-04-22
5234,5527,2025-09-07,16250.0,Cash,Success,145,805,2025-09-06
5235,5528,2024-01-20,6600.0,Upi,Refunded,14,745,2024-01-20
5236,5529,2026-01-19,22200.0,Credit Card,Success,152,516,2026-01-19
5237,5530,2025-12-01,3100.0,Upi,Success,66,276,2025-11-30
5238,5531,2024-10-15,8010.0,Credit Card,Success,134,331,2024-10-15
5239,5532,2025-09-13,11700.0,Credit Card,Success,145,104,2025-09-12
5240,5533,2024-11-19,3800.0,Net Banking,Success,127,629,2024-11-19
5241,5534,2024-07-13,1980.0,Credit Card,Success,171,730,2024-07-13
5242,5535,2024-12-10,2280.0,Net Banking,Success,143,115,2024-12-10
5243,5536,2024-05-28,4200.0,Credit Card,Success,22,34,2024-05-28
5244,5537,2025-01-15,5900.0,Upi,Success,82,68,2025-01-15
5245,5538,2024-10-24,9547.5,Debit Card,Success,128,782,2024-10-24
5246,5539,2024-09-19,5100.0,Upi,Success,29,409,2024-09-19
5247,5540,2024-09-14,6555.0,Upi,Success,148,51,2024-09-13
5248,5541,2025-06-19,3800.0,Net Banking,Success,110,413,2025-06-19
5249,5543,2026-06-13,4400.0,Net Banking,Success,49,118,2026-06-13
5250,5544,2025-01-12,11300.0,Debit Card,Pending,41,641,2025-01-11
5251,5545,2025-06-09,5015.0,Upi,Failed,82,813,2025-06-08
5252,5546,2024-05-01,5130.0,Upi,Pending,129,22,2024-04-30
5253,5547,2024-08-06,2945.0,Credit Card,Success,28,310,2024-08-06
5254,5548,2024-08-06,1305.0,Credit Card,Success,131,299,2024-08-05
5255,5549,2024-12-04,3015.0,Upi,Success,69,612,2024-12-04
5256,5550,2025-12-15,9900.0,Debit Card,Failed,14,696,2025-12-15
5257,5551,2025-01-02,25900.0,Upi,Success,104,240,2025-01-02
5258,5552,2025-06-20,17325.0,Debit Card,Success,149,780,2025-06-20
5259,5553,2024-03-15,5510.0,Upi,Success,170,412,2024-03-15
5260,5554,2024-06-15,13000.0,Upi,Success,161,8,2024-06-15
5261,5555,2026-05-07,2250.0,Debit Card,Success,166,808,2026-05-07
5262,5556,2026-01-24,8600.0,Debit Card,Success,67,319,2026-01-23
5263,5557,2025-06-24,3050.0,Upi,Refunded,137,77,2025-06-24
5264,5558,2024-12-26,3960.0,Upi,Success,171,282,2024-12-26
5265,5559,2026-05-21,3100.0,Credit Card,Success,147,86,2026-05-21
5266,5560,2026-03-24,5557.5,Upi,Success,163,183,2026-03-24
5267,5561,2025-02-19,50850.0,Credit Card,Success,9,671,2025-02-19
5268,5562,2024-06-08,3040.0,Net Banking,Success,111,102,2024-06-08
5269,5563,2024-09-01,3900.0,Net Banking,Success,85,520,2024-09-01
5270,5564,2025-09-29,20425.0,Credit Card,Failed,31,747,2025-09-29
5271,5565,2025-10-30,4650.0,Net Banking,Success,28,575,2025-10-30
5272,5566,2025-11-01,2800.0,Upi,Success,100,564,2025-11-01
5273,5568,2025-10-21,2050.0,Debit Card,Failed,159,872,2025-10-21
5274,5569,2024-01-22,12730.0,Credit Card,Success,128,558,2024-01-21
5275,5570,2025-04-20,8542.5,Debit Card,Refunded,128,248,2025-04-19
5276,5571,2024-11-19,5937.5,Net Banking,Success,17,54,2024-11-19
5277,5572,2026-04-28,6365.0,Credit Card,Success,69,562,2026-04-28
5278,5573,2026-02-03,19980.0,Credit Card,Success,104,299,2026-02-03
5279,5574,2026-06-25,23310.0,Credit Card,Success,107,432,2026-06-24
5280,5575,2024-07-06,20425.0,Debit Card,Success,39,389,2024-07-05
5281,5576,2025-11-23,8122.5,Upi,Success,177,605,2025-11-22
5282,5577,2024-07-06,4410.0,Credit Card,Success,179,242,2024-07-06
5283,5578,2024-12-23,3330.0,Credit Card,Success,54,404,2024-12-23
5284,5579,2025-10-04,13775.0,Debit Card,Success,141,280,2025-10-04
5285,5580,2026-04-02,6750.0,Credit Card,Success,97,129,2026-04-01
5286,5581,2025-11-24,6450.0,Cash,Success,58,446,2025-11-23
5287,5582,2024-01-11,16400.0,Upi,Success,50,237,2024-01-11
5288,5583,2026-04-01,5940.0,Upi,Success,171,671,2026-04-01
5289,5584,2024-11-21,2650.0,Credit Card,Failed,112,105,2024-11-20
5290,5585,2024-01-07,3182.5,Upi,Success,69,812,2024-01-07
5291,5586,2025-05-03,8000.0,Upi,Success,111,561,2025-05-03
5292,5588,2026-06-12,20425.0,Credit Card,Failed,118,763,2026-06-12
5293,5589,2025-09-07,4590.0,Debit Card,Success,122,242,2025-09-07
5294,5590,2025-02-04,2250.0,Upi,Success,43,665,2025-02-03
5295,5591,2024-11-29,17900.0,Debit Card,Success,144,665,2024-11-29
5296,5592,2024-09-08,44750.0,Net Banking,Refunded,144,110,2024-09-08
5297,5593,2024-04-13,11970.0,Credit Card,Success,7,385,2024-04-13
5298,5594,2024-12-13,57190.0,Upi,Success,67,656,2024-12-13
5299,5595,2024-11-15,6750.0,Upi,Success,47,77,2024-11-15
5300,5596,2024-01-12,9000.0,Credit Card,Success,127,425,2024-01-12
5301,5597,2024-01-17,14630.0,Upi,Success,149,472,2024-01-16
5302,5598,2024-06-04,3870.0,Credit Card,Success,87,591,2024-06-04
5303,5599,2024-01-17,12730.0,Upi,Success,114,433,2024-01-16
5304,5600,2025-03-05,6345.0,Credit Card,Success,172,646,2025-03-04
5305,5601,2024-09-03,18900.0,Debit Card,Success,61,653,2024-09-03
5306,5602,2025-09-03,2932.5,Debit Card,Success,165,624,2025-09-03
5307,5603,2024-10-14,2150.0,Credit Card,Success,31,470,2024-10-14
5308,5604,2026-03-13,7030.0,Debit Card,Success,79,444,2026-03-13
5309,5605,2024-02-05,13000.0,Upi,Success,161,621,2024-02-05
5310,5606,2026-06-25,12150.0,Debit Card,Success,47,210,2026-06-25
5311,5607,2025-08-28,2400.0,Credit Card,Success,143,116,2025-08-28
5312,5608,2024-11-23,14625.0,Upi,Success,161,330,2024-11-22
5313,5609,2024-10-22,3780.0,Net Banking,Success,77,250,2024-10-22
5314,5611,2025-04-18,3250.0,Debit Card,Success,145,383,2025-04-18
5315,5612,2025-08-17,2450.0,Credit Card,Success,179,564,2025-08-16
5316,5613,2024-09-09,7605.0,Upi,Success,40,683,2024-09-09
5317,5614,2024-11-10,12500.0,Credit Card,Success,135,492,2024-11-09
5318,5615,2024-12-25,19635.0,Net Banking,Success,149,463,2024-12-25
5319,5616,2025-04-14,15200.0,Upi,Success,108,483,2025-04-13
5320,5617,2024-07-08,19800.0,Upi,Success,14,211,2024-07-08
5321,5618,2025-06-26,14820.0,Debit Card,Success,63,547,2025-06-25
5322,5619,2025-11-06,2070.0,Credit Card,Success,148,139,2025-11-06
5323,5620,2024-04-11,12197.5,Net Banking,Failed,48,826,2024-04-11
5324,5621,2025-02-26,6600.0,Credit Card,Success,11,757,2025-02-25
5325,5622,2024-01-21,6460.0,Net Banking,Success,10,284,2024-01-21
5326,5623,2024-06-22,25000.0,Debit Card,Success,38,833,2024-06-22
5327,5624,2026-01-19,4230.0,Upi,Success,172,81,2026-01-19
5328,5625,2025-10-25,3200.0,Net Banking,Success,57,79,2025-10-24
5329,5626,2025-10-23,11300.0,Credit Card,Success,41,213,2025-10-23
5330,5627,2024-06-19,38190.0,Net Banking,Success,114,107,2024-06-19
5331,5628,2026-05-27,4702.5,Net Banking,Success,51,6,2026-05-27
5332,5629,2026-06-25,10450.0,Debit Card,Success,171,364,2026-06-25
5333,5630,2024-03-08,18300.0,Debit Card,Success,124,762,2024-03-07
5334,5631,2024-12-06,14620.0,Upi,Success,67,112,2024-12-06
5335,5632,2024-01-13,3087.5,Debit Card,Refunded,150,169,2024-01-13
5336,5633,2024-07-24,3060.0,Debit Card,Success,167,46,2024-07-24
5337,5634,2026-05-08,6700.0,Upi,Pending,95,69,2026-05-08
5338,5635,2026-03-20,10307.5,Net Banking,Success,169,130,2026-03-20
5339,5636,2026-04-17,11400.0,Credit Card,Success,132,146,2026-04-17
5340,5637,2025-03-19,6900.0,Cash,Success,148,496,2025-03-19
5341,5638,2025-08-19,7800.0,Upi,Refunded,175,536,2025-08-19
5342,5639,2025-05-28,7965.0,Debit Card,Success,82,635,2025-05-27
5343,5640,2025-02-16,8122.5,Upi,Success,177,469,2025-02-16
5344,5641,2024-11-11,2375.0,Credit Card,Success,17,184,2024-11-11
5345,5642,2024-05-30,1852.5,Upi,Failed,175,229,2024-05-30
5346,5643,2026-01-01,7125.0,Upi,Success,135,742,2026-01-01
5347,5644,2026-03-16,6660.0,Credit Card,Success,93,464,2026-03-16
5348,5645,2024-10-20,6600.0,Credit Card,Success,160,745,2024-10-20
5349,5646,2025-07-19,9737.5,Upi,Success,159,664,2025-07-19
5350,5647,2025-03-24,1300.0,Debit Card,Success,123,202,2025-03-24
5351,5648,2024-03-22,1900.0,Upi,Success,121,240,2024-03-22
5352,5649,2025-05-12,12300.0,Credit Card,Success,50,120,2025-05-12
5353,5650,2026-06-08,9000.0,Debit Card,Success,167,440,2026-06-08
5354,5651,2024-12-14,24510.0,Upi,Success,36,89,2024-12-14
5355,5652,2025-07-16,8100.0,Upi,Success,3,646,2025-07-15
5356,5653,2025-01-04,1650.0,Cash,Success,115,186,2025-01-04
5357,5654,2024-01-03,7600.0,Net Banking,Success,37,869,2024-01-03
5358,5655,2024-02-13,6075.0,Upi,Success,6,103,2024-02-13
